id,no,category,set,headline,url,publish_date,summary
gojukata-toha-A,461,五十肩,A,五十肩とは？腕が上がらない症状の背景を一宮市で整理する,https://ichinomiyaseitaiin.com/blog/gojukata-toha/,2027-01-24,"愛知県一宮市（苅安賀駅）で五十肩（肩の痛み・腕が上がらない症状）にお悩みの方へ。髪を結ぶ、服を着るといった何気ない動作で肩がつらいと、毎日が不安になりますよね。

こんなお悩みはありませんか？
・腕を横や前に上げようとすると肩が痛む
・背中側に手が回らず、着替えや洗髪がつらい
・夜、寝返りのときに肩が痛んで目が覚める

五十肩は肩関節周囲炎とも呼ばれ、40〜60代に多いとされます。肩まわりの組織に炎症や硬さが生じると考えられますが、原因がはっきりしないことも少なくありません。腱板断裂など別の状態の可能性もあるため、まず医療機関での確認が大切です。

当院（一宮整骨院〜Seri〜）では、診断・検査・注射・投薬・手術の判断は医師の役割と考え、KIRIN整体として関節や筋膜の動き、姿勢、呼吸、巡りを整える補完的なサポートを行います。

自宅では、痛みが強い間は無理に腕を上げようとせず、痛みの出ない範囲で日常動作を続けることを意識してみてください。

※眠れないほどの夜間痛、急に腕が上がらなくなった、転倒後の痛み、腕のしびれや脱力、発熱がある場合は、早めに整形外科を受診してください。胸の痛みや息苦しさが強いときは救急要請を。

愛知県一宮市（名鉄尾西線・苅安賀駅）で五十肩にお悩みの方は、一宮整骨院〜Seri〜へご相談ください。五十肩は下記の記事でも詳しく解説しています。"
zutsu-kincho-toha-A,281,緊張型頭痛・首こり,A,緊張型頭痛とは？一宮市・苅安賀駅で首肩の張りから考える,https://ichinomiyaseitaiin.com/blog/zutsu-kincho-toha/,2026-10-27,"愛知県一宮市（苅安賀駅）で緊張型頭痛にお悩みの方へ。頭全体が締めつけられるような重さが続くと、仕事も家事も集中しにくくなりますよね。

こんなお悩みはありませんか？
・頭が帯で締めつけられるように重い
・夕方になると首や肩の張りとともに頭が痛む
・パソコンやスマホを使う時間が長い

緊張型頭痛は、首や肩まわりの筋肉の緊張、長時間の同じ姿勢、ストレスなどが重なって起こりやすいと考えられています。ただし頭痛にはさまざまな種類があり、診断は医師の役割です。気になる場合は、まず医療機関での受診・検査をおすすめします。

当院は診断や治療を行う場所ではなく、KIRIN整体（関節と筋膜の動き、姿勢や呼吸・巡りを整える考え方）で、首肩まわりの状態を確認する補完的なサポートを行っています。

自宅では、1時間に一度は立ち上がって首肩を軽く動かしてみてください。

※突然の激しい頭痛、手足の麻痺やしびれ、ろれつが回らない、物が二重に見える、発熱と首の硬直、意識がおかしいといった症状がある場合は、すぐに救急車を呼ぶか医療機関を受診してください。

愛知県一宮市（名鉄尾西線・苅安賀駅）で緊張型頭痛や首こりの方は、一宮整骨院〜Seri〜へご相談ください。緊張型頭痛の基礎知識は下記の記事でも詳しく解説しています。"
kenshoen-genin-A,221,腱鞘炎・ばね指,A,腱鞘炎の原因とは？一宮市・苅安賀駅で手首や指の痛みにお悩みの方へ,https://ichinomiyaseitaiin.com/blog/kenshoen-genin/,,"愛知県一宮市（苅安賀駅）で腱鞘炎の原因にお悩みの方へ。手首や指を動かすたびに痛むと、仕事や家事、育児の場面でも気になってしまいますよね。

こんなお悩みはありませんか？
・スマホやパソコンを使うと手首が痛む
・朝、指がこわばって動かしにくい
・親指の付け根を動かすとズキッとする

腱鞘炎は、腱とそれを包む腱鞘の間で摩擦が起こりやすい状態と考えられています。手指の使いすぎに加えて、手首・肘・肩・首まわりの動きや姿勢の偏りが重なることも背景の一つと考えられます。診断や画像検査、注射などの処置は整形外科の役割ですので、気になる場合は受診をおすすめします。

一宮整骨院〜Seri〜では、柔道整復師がKIRIN整体の視点で、関節や筋膜の動き、姿勢や巡りを確認します。医療機関での診察と並行できる、補完的なサポートという位置づけです。

自宅では、同じ動作を長く続けず、こまめに手を休ませることを意識してみてください。

※強い腫れや熱感、指が引っかかって動かない、しびれがある場合は、早めに整形外科を受診してください。

愛知県一宮市（名鉄尾西線・苅安賀駅）で腱鞘炎の原因が気になる方は、一宮整骨院〜Seri〜へご相談ください。腱鞘炎の原因は下記の記事でも詳しく解説しています。"
jiritsu-toha-A,401,自律神経,A,自律神経とは？乱れの原因と整え方｜一宮市・苅安賀駅,https://ichinomiyaseitaiin.com/blog/jiritsu-toha/,2026-12-26,"愛知県一宮市（苅安賀駅）で自律神経の乱れにお悩みの方へ。検査で大きな異常はないと言われても、だるさや不調が続くと不安になりますよね。

こんなお悩みはありませんか？
・寝ても疲れが抜けにくい
・肩や首のこりと一緒に気分の波を感じる
・季節の変わり目や忙しい時期に調子を崩しやすい

自律神経は、呼吸・心拍・体温・消化など体の働きを無意識に調整する仕組みで、交感神経と副交感神経のバランスが関わっていると考えられます。睡眠不足、ストレス、長時間の同じ姿勢、生活リズムの乱れが重なると、不調を感じやすくなる方もいます。症状が続く場合は、まず医療機関で相談することをおすすめします。

自律神経は柔道整復の業務範囲外のため、当院で診断や治療は行いません。KIRIN整体で、姿勢・呼吸・巡りのコンディショニングと生活のご相談をお受けしています。

まずは息をゆっくり長めに吐き、肩の力を抜く時間を一日に数回つくってみましょう。

※動悸・息苦しさ・強いめまい・立ちくらみ・胸の痛みがあるときは、早めに医療機関を受診してください。胸痛が強い、意識が遠のくなどの場合はすぐに救急要請を。

愛知県一宮市（名鉄尾西線・苅安賀駅）で自律神経の乱れが気になる方は、一宮整骨院〜Seri〜へご相談ください。自律神経の基本は下記の記事でも詳しく解説しています。"
gyaku-toha-A,341,逆流性食道炎×姿勢,A,逆流性食道炎と姿勢・生活の関わり｜一宮市・苅安賀駅の整骨院,https://ichinomiyaseitaiin.com/blog/gyaku-toha/,2026-11-26,"愛知県一宮市（苅安賀駅）で逆流性食道炎と姿勢・生活の関わりにお悩みの方へ。胸やけや酸っぱいものが上がる感じが続くと、食事も仕事も落ち着かないものですよね。

こんなお悩みはありませんか？
・食後に胸やけやげっぷが気になる
・前かがみになると違和感が出やすい
・猫背や背中の丸まりを指摘されたことがある

逆流性食道炎は胃の内容物が食道へ戻ることで起こるとされ、診断や治療は医師の役割です。そのうえで、姿勢の崩れやお腹まわりの圧（腹圧）、食べ方などの生活習慣が関わる場合もあると考えられます。

一宮整骨院〜Seri〜は逆流性食道炎そのものの診断・治療は行いません。KIRIN整体の視点で、姿勢・呼吸・腹圧に関わる体の使い方を整えるコンディショニングと、生活のご相談でサポートします。

ご自宅では、座る時に骨盤を立て、みぞおちを圧迫しない姿勢を意識してみてください。

※体重が減ってきた、飲み込みにくい、吐血や黒い便がある、胸の痛みが続くといった場合は、すぐに医療機関（消化器内科など）を受診してください。

愛知県一宮市（名鉄尾西線・苅安賀駅）で逆流性食道炎と姿勢・生活の関わりが気になる方は、一宮整骨院〜Seri〜へご相談ください。逆流性食道炎と姿勢・生活の関わりについては下記の記事でも詳しく解説しています。"
golfhiji-naoshikata-A,181,テニス肘・ゴルフ肘,A,ゴルフ肘の対処法｜肘の内側が痛む方へ（一宮市・苅安賀駅）,https://ichinomiyaseitaiin.com/blog/golfhiji-naoshikata/,,"愛知県一宮市（苅安賀駅）でゴルフ肘の対処法にお悩みの方へ。肘の内側の痛みが続くと、仕事や家事、スポーツのたびに不安になりますよね。

こんなお悩みはありませんか？
・物を持ち上げたり手首を曲げたりすると肘の内側が痛む
・ドアノブをひねる、雑巾をしぼる動作がつらい
・朝、肘の内側がこわばる感じがある

肘の内側には、手首や指を曲げる筋肉が集まっています。使い方の偏りや、手首・前腕への負担の積み重ねが背景にあると考えられます。ただし痛みの原因を特定するのは医師の役割ですので、長引く場合は整形外科での検査をおすすめします。

一宮整骨院〜Seri〜では、診断や治療は医療機関の役割と考え、柔道整復師によるKIRIN整体で、関節や筋膜の動き、姿勢や巡りを整える補完的なサポートを行っています。

自宅では、痛みが出る動作を一時的に減らし、前腕を温めてやさしく動かす程度にとどめてみてください。

※強い痛み、しびれ、腫れ・熱感、肘が動かしにくいなどの症状がある場合は、早めに整形外科を受診してください。

愛知県一宮市（名鉄尾西線・苅安賀駅）でゴルフ肘の対処法にお悩みの方は、一宮整骨院〜Seri〜へご相談ください。ゴルフ肘の対処法は下記の記事でも詳しく解説しています。"
yakyuhiji-byoin-sekkotsuin-A,1,野球肘,A,野球肘は病院と接骨院どっちが先？一宮市・苅安賀駅で迷う方へ,https://ichinomiyaseitaiin.com/blog/yakyuhiji-byoin-sekkotsuin/,,"愛知県一宮市（苅安賀駅）で野球肘の痛みに、病院と接骨院のどちらへ行くべきか迷っている方へ。お子さまの肘を心配する保護者の方も多いお悩みです。

こんなお悩みはありませんか？
・投げると肘が痛いが、どこに行けばよいかわからない
・病院で「様子を見ましょう」と言われて不安が残っている
・練習を休ませるべきか判断できない

肘の痛みの裏には、骨や軟骨の状態が関わっていることがあると考えられます。骨・軟骨の評価にはレントゲンやエコーなどの画像検査が必要で、診断や治療方針の判断は整形外科など医師の役割です。まず医療機関で状態を確認することが大切です。

そのうえで、一宮整骨院〜Seri〜では柔道整復師がKIRIN整体の視点で、関節や筋膜の動き、足裏から骨盤・背骨へのつながりを確認し、投球動作の負担を減らすための補完的なサポートを行います。

ご家庭では、痛みが出る動作を無理に続けず、肘の様子を日々メモしておくと受診時に役立ちます。

※強い痛み、肘が伸びない・曲がらない、しびれがある場合は、早めに整形外科を受診してください。

愛知県一宮市（名鉄尾西線・苅安賀駅）で野球肘の受診先にお悩みの方は、一宮整骨院〜Seri〜へご相談ください。病院と接骨院の使い分けは下記の記事でも詳しく解説しています。"
kokansetsu-50dai-kounenki-A,75,股関節痛,A,50代・更年期の股関節痛｜一宮市の整骨院が考え方を解説,https://ichinomiyaseitaiin.com/blog/kokansetsu-50dai-kounenki/,,"愛知県一宮市（苅安賀駅）で50代からの股関節の痛みにお悩みの方へ。「年齢のせいかな」「更年期と関係あるのかな」と、不安を抱えながら過ごしていませんか。

こんなお悩みはありませんか？
・立ち上がりや歩き始めに股関節が痛む
・靴下をはく、足の爪を切る動作がつらい
・長く歩くと脚の付け根が重だるくなる

50代は、ホルモンバランスの変化や筋力の低下、活動量の変化などが重なりやすい時期と考えられます。ただし、痛みの背景には変形性股関節症など関節そのものの変化が隠れていることもあり、原因の見極めはレントゲンなどの検査ができる整形外科の役割です。

当院では診断や治療は行わず、KIRIN整体として関節や筋膜の動き、足裏から骨盤・背骨へのつながりを確認し、体の使い方を整える補完的なサポートを行っています。

ご自宅では、痛みの出ない範囲で座る時間を区切り、こまめに立ち上がることを意識してみてください。

※強い痛みが続く、脚にしびれが出る、歩くのが難しいときは、早めに整形外科を受診してください。

愛知県一宮市（名鉄尾西線・苅安賀駅）で50代・更年期の股関節痛でお困りの方は、一宮整骨院〜Seri〜へご相談ください。詳しくは下記の記事でも解説しています。"
hiza-atatameru-hiyasu-A,113,膝痛,A,膝痛は温める？冷やす？迷う方へ｜一宮市・苅安賀駅の整骨院,https://ichinomiyaseitaiin.com/blog/hiza-atatameru-hiyasu/,,"愛知県一宮市（苅安賀駅）で膝の痛みを温めるか冷やすか迷っている方へ。自己判断でよいのか不安になりますよね。

こんなお悩みはありませんか？
・膝が痛いとき、温めるか冷やすかわからない
・お風呂で楽になっても、夜にまたうずく
・腫れているような、熱っぽいような感じがある

ぶつけた直後や熱感・腫れが強いときは冷やし、慢性的なこわばりでは温めると楽になる場合がある、と考えられます。ただし痛みの原因により適した対応は異なります。

診断や治療方針の判断は医療機関の役割です。当院では、KIRIN整体で関節や筋膜の動き、足裏から骨盤・背骨へのつながりを確認し、膝への負担を整える補完的なサポートを行います。

ご自宅では、熱感や腫れの強さを日ごとに見比べ、心地よい範囲で対応しましょう。

※膝に水がたまる、強い腫れや熱感がある、急な激痛や不安定感がある場合は、早めに整形外科を受診してください。

愛知県一宮市（名鉄尾西線・苅安賀駅）で膝の温冷の判断にお悩みの方は、一宮整骨院〜Seri〜へご相談ください。見分け方は下記の記事でも詳しく解説しています。"
yakyukata-check-A,41,野球肩,A,野球肩のセルフチェック｜一宮市で投球時の肩の違和感が気になる方へ,https://ichinomiyaseitaiin.com/blog/yakyukata-check/,,"愛知県一宮市（苅安賀駅）で野球肩のセルフチェック方法を知りたい方へ。投げると肩が気になるけれど、様子を見てよいのか迷う、という声は少なくありません。

こんなお悩みはありませんか？
・投げ始めに肩の前や奥が痛む
・腕が上がりにくい、後ろに引くと違和感がある
・以前より球の強さが落ちた気がする

肩の違和感は、肩そのものだけでなく、肩甲骨や背中・体幹、股関節の動きの硬さが重なって負担が集まることもあると考えられます。特に成長期のお子さんは、早めの受診が大切です。診断や画像検査は整形外科など医師の役割ですので、気になる症状が続くときは受診をおすすめします。

当院（一宮整骨院〜Seri〜）では、医療機関での診断・治療と並行して、KIRIN整体で関節や筋膜の動き、姿勢や全身の巡りを整える補完的なサポートを行っています。

ご自宅では、投げた後に左右の肩の上がり方を見比べ、いつもと違う点をメモしておくと相談しやすくなります。

※強い痛み、夜間に痛みで目が覚める、肩が上がらない・動かせないなどの場合は、早めに整形外科を受診してください。

愛知県一宮市（名鉄尾西線・苅安賀駅）で野球肩の方は、一宮整骨院〜Seri〜へご相談ください。セルフチェックの目安は下記の記事でも詳しく解説しています。"
od-amae-chigai-A,149,起立性調節障害,A,起立性調節障害は甘え？朝起きられない子と保護者へ【一宮市】,https://ichinomiyaseitaiin.com/blog/od-amae-chigai/,,"愛知県一宮市（苅安賀駅）で、朝起きられないお子さんの様子に悩む保護者の方へ。「怠けているだけなのでは」と迷いながら、毎朝声をかけている方も多いのではないでしょうか。

こんなお悩みはありませんか？
・朝になると強いだるさやめまいを訴える
・午前中は調子が悪く、午後から動けるようになる
・叱っても励ましても朝の状態が変わらない

起立性調節障害は、立ち上がったときの血圧や血流の調整がうまくいきにくい状態と考えられており、意志の強さや性格の問題とは限りません。診断や治療、検査は小児科などの医師の領域です。

一宮整骨院〜Seri〜は診断や治療を行う場ではなく、医療機関の受診と並行して、KIRIN整体で姿勢・呼吸・巡りのコンディショニングや生活のご相談をお受けする補完的な立場です。

ご家庭では「甘え」と決めつけず、まずお子さんの話を聞く時間をつくってみてください。

※朝起きられない状態が続く、失神しそうになる、強い頭痛や胸の痛みがある場合は、早めに医療機関を受診してください。

愛知県一宮市（名鉄尾西線・苅安賀駅）で朝起きられないお子さんのことでお悩みの方は、一宮整骨院〜Seri〜へご相談ください。甘えと怠けの見分け方は下記の記事でも詳しく解説しています。"
gojukata-genin-A,463,五十肩,A,五十肩の原因は？肩が上がらなくなる背景を一宮市で解説,https://ichinomiyaseitaiin.com/blog/gojukata-genin/,2027-01-25,"愛知県一宮市（苅安賀駅）で肩が上がらなくなった原因にお悩みの方へ。普通に動いていた肩が思うように上がらなくなると、何が起きているのか気になりますよね。

こんなお悩みはありませんか？
・思い当たるきっかけがないのに肩が痛み出した
・肩を動かすと痛み、だんだん動く範囲が狭くなってきた
・猫背や巻き肩が気になり、肩まわりの疲れも強い

五十肩の原因は、加齢に伴う肩まわりの組織の変化、血流、使い方の偏りなどが関わると考えられていますが、はっきりとは分かっていません。腱板断裂など別の病気の場合もあるため、診断は整形外科で確認しましょう。

当院（一宮整骨院〜Seri〜）では、診断・検査・注射・投薬・手術の判断は医師の役割と考え、KIRIN整体として関節や筋膜の動き、姿勢、呼吸、巡りを整える補完的なサポートを行います。

同じ姿勢を続けないよう、1時間に一度は肩をすくめて力を抜く習慣をつけてみてください。

※眠れないほどの夜間痛、急に腕が上がらなくなった、転倒後の痛み、腕のしびれや脱力、発熱がある場合は、早めに整形外科を受診してください。胸の痛みや息苦しさが強いときは救急要請を。

愛知県一宮市（名鉄尾西線・苅安賀駅）で肩が上がらない原因にお悩みの方は、一宮整骨院〜Seri〜へご相談ください。肩が上がらなくなる原因は下記の記事でも詳しく解説しています。"
zutsu-kincho-genin-A,283,緊張型頭痛・首こり,A,緊張型頭痛の原因｜首こり・肩こり・姿勢・ストレスの関係,https://ichinomiyaseitaiin.com/blog/zutsu-kincho-genin/,2026-10-28,"愛知県一宮市（苅安賀駅）で緊張型頭痛の原因が気になっている方へ。「なぜ自分は頭が重いのだろう」と不安になりますよね。

こんなお悩みはありませんか？
・首こりや肩こりがひどい日に頭痛が出やすい
・猫背やスマホ首の姿勢が気になる
・緊張やストレスが続くと頭が締めつけられる

緊張型頭痛の背景には、首肩まわりの筋肉の緊張、長時間の同じ姿勢、睡眠不足、ストレスなどが重なっていることが多いと考えられています。ただし原因は人によって異なり、断定はできません。頭痛が続く場合は医療機関で診てもらいましょう。

当院は診断や治療ではなく、KIRIN整体（関節・筋膜の動き、足裏から骨盤、背骨までのつながり、呼吸や巡り）の視点で姿勢のクセを確認し、補完的にサポートします。

自宅では、座ったときに耳・肩・骨盤が縦に並ぶ姿勢を意識してみてください。

※突然の激しい頭痛、手足の麻痺やしびれ、ろれつが回らない、物が二重に見える、発熱と首の硬直、意識がおかしいといった症状がある場合は、すぐに救急車を呼ぶか医療機関を受診してください。

愛知県一宮市（名鉄尾西線・苅安賀駅）で首こりからくる頭痛の方は、一宮整骨院〜Seri〜へご相談ください。緊張型頭痛の原因は下記の記事でも詳しく解説しています。"
kenshoen-nanika-A,223,腱鞘炎・ばね指,A,腱鞘炎は何科？一宮市・苅安賀駅で受診先に迷う方へ,https://ichinomiyaseitaiin.com/blog/kenshoen-nanika/,,"愛知県一宮市（苅安賀駅）で腱鞘炎は何科に行けばよいのかお悩みの方へ。手や指の痛みが続くと、どこに相談すべきか迷いますよね。

こんなお悩みはありませんか？
・手首や指の痛みが続いているが、何科か分からない
・整形外科と整骨院のどちらに行くべきか迷う
・親指側の手首が痛み、物をつかむのがつらい

手首や指の痛みには、腱鞘炎のほかにも、神経の圧迫や関節の変化などが関わることがあると考えられます。原因を見極める診断や画像検査は、整形外科など医療機関の役割です。まずは受診して状態を確認することが大切です。

一宮整骨院〜Seri〜は、診断や治療を行う場所ではなく、柔道整復師がKIRIN整体の視点で関節や筋膜の動き、姿勢や巡りを整える補完的なサポートを行います。医療機関の受診と並行してご相談いただけます。

自宅では、痛む動作を控えめにして、手を休ませる時間をつくってみてください。

※強い腫れ、指が引っかかって動かない、しびれや急な強い痛みがある場合は、早めに整形外科を受診してください。

愛知県一宮市（名鉄尾西線・苅安賀駅）で受診先に迷う方は、一宮整骨院〜Seri〜へご相談ください。腱鞘炎は何科かについては、下記の記事でも詳しく解説しています。"
jiritsu-totonoeru-A,403,自律神経,A,自律神経を整えるには｜セルフケアの基本と相談先,https://ichinomiyaseitaiin.com/blog/jiritsu-totonoeru/,2026-12-27,"愛知県一宮市（苅安賀駅）で自律神経を整えることにお悩みの方へ。気をつけているつもりでも、なかなか調子が安定しないと焦ってしまいますよね。

こんなお悩みはありませんか？
・忙しい日が続くと、眠りが浅くなる
・朝からぐったりして、やる気が出にくい
・リラックスしたいのに、体に力が入ったまま

自律神経のバランスは、睡眠、食事、活動量、ストレス、姿勢や呼吸の浅さなど、さまざまな要素の影響を受けると考えられます。ひとつの方法にこだわらず、小さな習慣を積み重ねることが大切といわれます。不調が強い、長く続くといった場合は、医療機関での相談をおすすめします。

自律神経は柔道整復の業務範囲外のため、当院で診断や治療は行いません。KIRIN整体で、姿勢・呼吸・巡りのコンディショニングと生活のご相談をお受けしています。

寝る前に、鼻から吸って口から長く吐く呼吸を数回行い、体の力が抜ける感覚を確かめてみましょう。

※動悸・息苦しさ・強いめまい・立ちくらみ・胸の痛みがあるときは、早めに医療機関を受診してください。胸痛が強い、意識が遠のくなどの場合はすぐに救急要請を。

愛知県一宮市（名鉄尾西線・苅安賀駅）で自律神経を整える習慣づくりをしたい方は、一宮整骨院〜Seri〜へご相談ください。自律神経を整える基本のセルフケアは下記の記事でも詳しく解説しています。"
gyaku-shojo-A,343,逆流性食道炎×姿勢,A,逆流性食道炎の主な症状と受診の目安｜一宮市の整骨院から,https://ichinomiyaseitaiin.com/blog/gyaku-shojo/,2026-11-27,"愛知県一宮市（苅安賀駅）で逆流性食道炎の症状と受診の目安にお悩みの方へ。いつもの胸やけなのか、受診したほうがよいのか、迷うことは多いと思います。

こんなお悩みはありませんか？
・胸やけや酸っぱいものが上がる感じが続く
・喉の違和感や咳が長引いている
・食後や横になった時に胸まわりが苦しい

胸やけや呑酸（酸っぱいものが上がる感覚）などは代表的な症状とされますが、ほかの病気が隠れていることもあり、見極めは医師の役割です。症状が続く場合は、早めに医療機関での相談をおすすめします。

一宮整骨院〜Seri〜は逆流性食道炎そのものの診断・治療は行いません。KIRIN整体の視点で、姿勢・呼吸・腹圧に関わる体の使い方を整えるコンディショニングと、生活のご相談でサポートします。

ご自宅では、症状が出た場面（食後・就寝時など）を簡単にメモしておくと、受診時に役立ちます。

※体重が減ってきた、飲み込みにくい、吐血や黒い便がある、胸の痛みが続くといった場合は、すぐに医療機関（消化器内科など）を受診してください。

愛知県一宮市（名鉄尾西線・苅安賀駅）で逆流性食道炎の症状や受診の目安が気になる方は、一宮整骨院〜Seri〜へご相談ください。逆流性食道炎の症状や受診の目安については下記の記事でも詳しく解説しています。"
golfhiji-toha-A,183,テニス肘・ゴルフ肘,A,ゴルフ肘とは？テニス肘との違いを一宮市・苅安賀駅で解説,https://ichinomiyaseitaiin.com/blog/golfhiji-toha/,,"愛知県一宮市（苅安賀駅）でゴルフ肘とテニス肘の違いにお悩みの方へ。名前からゴルフをする人だけの症状と思われがちですが、日常の動作でも肘の痛みは起こりえます。

こんなお悩みはありませんか？
・肘の内側（小指側）を押すと痛い
・手首を手のひら側に曲げる動作で痛みが出る
・テニス肘と同じなのか違うのか分からない

一般にゴルフ肘は肘の内側、テニス肘は外側に痛みが出やすく、関わる筋肉の位置が異なると考えられます。ただし痛む場所だけでは原因を決められないため、診断は整形外科での検査が大切です。

一宮整骨院〜Seri〜では、診断や治療は医療機関の役割と考え、柔道整復師によるKIRIN整体で、関節や筋膜の動き、姿勢や巡りを整える補完的なサポートを行っています。

自宅では、どの動作で痛むかを確認しながら、痛みを強める動きを少し減らしてみてください。

※強い痛み、しびれ、腫れ・熱感、肘が動かしにくいなどの症状がある場合は、早めに整形外科を受診してください。

愛知県一宮市（名鉄尾西線・苅安賀駅）でゴルフ肘やテニス肘の違いが気になるという方は、一宮整骨院〜Seri〜へご相談ください。ゴルフ肘とテニス肘の違いは下記の記事でも詳しく解説しています。"
yakyuhiji-check-A,3,野球肘,A,野球肘の症状チェックリスト｜一宮市・苅安賀駅の整骨院でご相談を,https://ichinomiyaseitaiin.com/blog/yakyuhiji-check/,,"愛知県一宮市（苅安賀駅）で野球肘の症状チェックを探している方へ。「これは野球肘なのか」と迷うのは自然なことです。

こんなお悩みはありませんか？
・投げたあとに肘の内側や外側が痛む
・肘を完全に伸ばしたり曲げたりしにくい
・投球フォームで肘が下がる、球速が落ちてきた

野球肘は、繰り返しの投球で肘の骨・軟骨・靭帯などに負担がかかった状態の総称と考えられます。チェックで当てはまる項目が多くても、実際にどの組織に問題があるかは見た目や自己判断ではわかりません。骨や軟骨の状態は、整形外科での画像検査で確認することが大切です。

一宮整骨院〜Seri〜では、医療機関での診断を前提に、KIRIN整体の視点で関節や筋膜の動き、姿勢・巡りを確認し、投球動作への負担を減らす補完的なサポートを行います。

自宅では、痛む動作を無理に続けず、痛みの出る場面をメモしておくと相談しやすくなります。

※強い痛み、肘が伸びない・曲がらない、しびれがある場合は、早めに整形外科を受診してください。

愛知県一宮市（名鉄尾西線・苅安賀駅）で野球肘の症状にお悩みの方は、一宮整骨院〜Seri〜へご相談ください。症状のチェック項目は下記の記事でも詳しく解説しています。"
kokansetsu-aruku-itai-A,77,股関節痛,A,股関節が歩くと痛い原因｜一宮市・苅安賀駅の整骨院,https://ichinomiyaseitaiin.com/blog/kokansetsu-aruku-itai/,,"愛知県一宮市（苅安賀駅）で、歩くと股関節が痛くてお困りの方へ。買い物や通勤など、毎日の移動がつらいと気持ちも沈みがちになりますよね。

こんなお悩みはありませんか？
・歩き始めの一歩目に脚の付け根が痛む
・長く歩くと痛みが強くなる
・歩幅が狭くなり、歩き方が変わってきた

歩行時の痛みは、関節の変化、筋肉の緊張、骨盤や足元の使い方の偏りなど、さまざまな要因が重なっていると考えられます。関節の状態を調べるにはレントゲンなどの検査が必要で、診断は整形外科の役割です。

一宮整骨院〜Seri〜では診断や治療は行いません。KIRIN整体として、関節や筋膜の動き、足裏・骨盤・背骨のつながりを確認し、歩く土台を整える補完的なサポートを行います。

ご自宅では、痛みが強い日は歩く距離を調整し、歩幅を無理に広げないようにしてみてください。

※強い痛み、しびれの合併、体重をかけられないなどの症状があるときは、早めに整形外科を受診してください。

愛知県一宮市（名鉄尾西線・苅安賀駅）で歩くと痛い股関節でお悩みの方は、一宮整骨院〜Seri〜へご相談ください。原因は下記の記事でも詳しく解説しています。"
gojukata-check-A,465,五十肩,A,五十肩の症状チェック｜こんなサインに注意（一宮市）,https://ichinomiyaseitaiin.com/blog/gojukata-check/,2027-01-26,"愛知県一宮市（苅安賀駅）で五十肩の症状にお悩みの方へ。この痛みは五十肩なのか、それとも別の問題なのかが分からず、不安な方も多いと思います。

こんなお悩みはありませんか？
・腕を上げる途中で肩に引っかかるような痛みが出る
・エプロンの紐を結ぶなど、背中に手を回す動作がつらい
・肩が痛くて、寝ている間に何度も目が覚める

これらは五十肩でみられるサインと考えられますが、腱板断裂や頸椎の問題など、別の原因でも似た症状が出ることがあります。自己判断は難しいため、整形外科での診察をおすすめします。

当院（一宮整骨院〜Seri〜）では、診断・検査・注射・投薬・手術の判断は医師の役割と考え、KIRIN整体として関節や筋膜の動き、姿勢、呼吸、巡りを整える補完的なサポートを行います。

痛みが出る動作を記録しておくと、受診や相談のときに状況を伝えやすくなります。

※眠れないほどの夜間痛、急に腕が上がらなくなった、転倒後の痛み、腕のしびれや脱力、発熱がある場合は、早めに整形外科を受診してください。胸の痛みや息苦しさが強いときは救急要請を。

愛知県一宮市（名鉄尾西線・苅安賀駅）で五十肩のサインにお悩みの方は、一宮整骨院〜Seri〜へご相談ください。五十肩のサインは下記の記事でも詳しく解説しています。"
zutsu-kincho-shojo-A,285,緊張型頭痛・首こり,A,緊張型頭痛の症状と特徴｜締めつけられる重さの正体（一宮市）,https://ichinomiyaseitaiin.com/blog/zutsu-kincho-shojo/,2026-10-29,"愛知県一宮市（苅安賀駅）で緊張型頭痛の症状にお悩みの方へ。ズキズキとは違う、じわじわ続く頭の重さはつらいものですよね。

こんなお悩みはありませんか？
・頭全体や後頭部が締めつけられるように重い
・痛みは強くないが、ダラダラと長く続く
・首や肩のこりを同時に感じる

緊張型頭痛は、圧迫されるような鈍い痛みが両側に出やすく、首肩のこりを伴うことが多いと考えられています。一方で、症状だけで頭痛の種類を見分けるのは難しく、片頭痛などとの区別は医師の診断が必要です。気になる方は医療機関でご相談ください。

当院はKIRIN整体（関節と筋膜の動き、姿勢・呼吸・巡りを整える視点）で首肩まわりの状態を確認する、補完的なサポートを行っています。診断や治療は行いません。

自宅では、症状が出た日の状況を簡単にメモしておくと受診時に役立ちます。

※突然の激しい頭痛、手足の麻痺やしびれ、ろれつが回らない、物が二重に見える、発熱と首の硬直、意識がおかしいといった症状がある場合は、すぐに救急車を呼ぶか医療機関を受診してください。

愛知県一宮市（名鉄尾西線・苅安賀駅）で頭の重さや首こりの方は、一宮整骨院〜Seri〜へご相談ください。緊張型頭痛の症状は下記の記事でも詳しく解説しています。"
kenshoen-naoshikata-A,225,腱鞘炎・ばね指,A,腱鞘炎の対処法 一宮市・苅安賀駅で手首や指の痛みに悩む方へ,https://ichinomiyaseitaiin.com/blog/kenshoen-naoshikata/,,"愛知県一宮市（苅安賀駅）で腱鞘炎の対処法を探している方へ。痛みがあっても手を使わない日はなかなかなく、つらい毎日を過ごしている方も多いと思います。

こんなお悩みはありませんか？
・手首や指の痛みで、家事や育児がつらい
・使うのを控えても、痛みがなかなか引かない
・親指を広げたり握ったりすると痛む

腱鞘炎は、手指の使いすぎや、手首・肘・肩まわりの動き方の偏りが関わると考えられています。痛みが続く場合、診断や注射などの処置は整形外科の役割ですので、受診して状態を確認することが大切です。

一宮整骨院〜Seri〜では、柔道整復師がKIRIN整体の視点で、関節や筋膜の動き、姿勢や巡りを確認します。診察や治療を受けている方の補完的なサポートとして、体の使い方の見直しをお手伝いします。

自宅では、痛みを我慢して同じ動作を続けず、作業の合間に手を休ませることを意識してみてください。サポーターは補助的なもので、治療の代わりではありません。

※強い腫れ、指が引っかかって動かない、しびれや強い痛みがある場合は、早めに整形外科を受診してください。

愛知県一宮市（名鉄尾西線・苅安賀駅）で腱鞘炎の対処法にお悩みの方は、一宮整骨院〜Seri〜へご相談ください。腱鞘炎の対処法は下記の記事でも詳しく解説しています。"
hiza-genin-A,115,膝痛,A,膝痛の原因をタイプ別に解説｜一宮市・苅安賀駅の整骨院,https://ichinomiyaseitaiin.com/blog/hiza-genin/,,"愛知県一宮市（苅安賀駅）で膝痛の原因がわからずお悩みの方へ。痛む場面が人によって違い、戸惑いますよね。

こんなお悩みはありませんか？
・階段の上り下りで膝が痛む
・立ち上がる最初の一歩がつらい
・レントゲンでは大きな異常を言われなかった

膝痛の背景には、変形性膝関節症、半月板や靭帯の損傷、筋肉のこわばり、股関節や足首の動きの影響など、さまざまなものがあると考えられます。どれに当てはまるかは、整形外科での診察や画像検査による診断が必要です。

当院は診断を行わず、医療機関での確認を前提に、KIRIN整体で関節・筋膜の動きや足裏〜骨盤〜背骨のつながりを診て、膝への負担を整える補完的なサポートを行います。

ご自宅では、痛む動作と痛まない動作をメモしておくと、受診や相談の際に役立ちます。

※膝に水がたまる、強い腫れや熱感がある、急な激痛や不安定感がある場合は、早めに整形外科を受診してください。

愛知県一宮市（名鉄尾西線・苅安賀駅）で膝痛の原因にお悩みの方は、一宮整骨院〜Seri〜へご相談ください。タイプ別の原因は下記の記事でも詳しく解説しています。"
jiritsu-check-A,405,自律神経,A,自律神経の乱れのセルフチェックの目安｜一宮市・苅安賀駅,https://ichinomiyaseitaiin.com/blog/jiritsu-check/,2026-12-28,"愛知県一宮市（苅安賀駅）で自律神経の乱れのセルフチェックにお悩みの方へ。自分の不調がどこから来ているのか分からず、気になっている方も多いと思います。

こんなお悩みはありませんか？
・寝つきが悪い、または朝すっきり起きられない
・手足の冷えやのぼせ、ほてりを感じやすい
・女性特有の時期に、気分や体調の揺らぎを感じる

チェック項目が多く当てはまっても、それだけで自律神経の乱れと決まるわけではありません。症状には別の原因が隠れている場合もあると考えられるため、あくまで生活を見直すための目安としてお使いください。気になる症状が続くときは、医療機関で診てもらうことが大切です。

自律神経は柔道整復の業務範囲外のため、当院で診断や治療は行いません。KIRIN整体で、姿勢・呼吸・巡りのコンディショニングと生活のご相談をお受けしています。

チェックの結果は、睡眠・食事・姿勢・休息のどこを見直すかを考える手がかりにしてみましょう。

※動悸・息苦しさ・強いめまい・立ちくらみ・胸の痛みがあるときは、早めに医療機関を受診してください。胸痛が強い、意識が遠のくなどの場合はすぐに救急要請を。

愛知県一宮市（名鉄尾西線・苅安賀駅）で自分の状態を整理したい方は、一宮整骨院〜Seri〜へご相談ください。セルフチェックの目安は下記の記事でも詳しく解説しています。"
gyaku-genin-A,345,逆流性食道炎×姿勢,A,逆流性食道炎の原因を姿勢・腹圧・生活習慣の視点で考える,https://ichinomiyaseitaiin.com/blog/gyaku-genin/,2026-11-28,"愛知県一宮市（苅安賀駅）で逆流性食道炎の原因にお悩みの方へ。原因がはっきりしないまま症状が続くと、不安になりますよね。

こんなお悩みはありませんか？
・食事が早く、つい食べすぎてしまう
・座っている時間が長く、背中が丸まりやすい
・お腹まわりが張りやすく、締めつけが苦手

逆流性食道炎には、胃酸の分泌や食道まわりのはたらき、食生活などさまざまな要因があるとされ、原因の判断は医師の役割です。そのひとつの視点として、姿勢やお腹まわりの圧（腹圧）が関わる場合もあると考えられます。

一宮整骨院〜Seri〜は逆流性食道炎そのものの診断・治療は行いません。KIRIN整体の視点で、姿勢・呼吸・腹圧に関わる体の使い方を整えるコンディショニングと、生活のご相談でサポートします。

ご自宅では、食後すぐに前かがみの作業をせず、少し体を起こして過ごす時間をつくってみてください。

※体重が減ってきた、飲み込みにくい、吐血や黒い便がある、胸の痛みが続くといった場合は、すぐに医療機関（消化器内科など）を受診してください。

愛知県一宮市（名鉄尾西線・苅安賀駅）で逆流性食道炎の原因が気になる方は、一宮整骨院〜Seri〜へご相談ください。逆流性食道炎の原因については下記の記事でも詳しく解説しています。"
yakyukata-chiryo-A,43,野球肩,A,野球肩の治療の流れとは｜一宮市で整形外科受診後の相談先をお探しの方へ,https://ichinomiyaseitaiin.com/blog/yakyukata-chiryo/,,"愛知県一宮市（苅安賀駅）で野球肩の治療の流れにお悩みの方へ。病院ではどんな対応をするのか、通院しながら何ができるのか、不安に感じる方も多いと思います。

こんなお悩みはありませんか？
・整形外科でどんな検査や説明があるのか知りたい
・安静と言われたが、何をしてよいかわからない
・復帰の時期や進め方に迷っている

野球肩は、診察や画像検査で状態を確認し、安静や投球の調整、リハビリなどの保存療法から検討されることが一般的と考えられます。治療方針は医師が決めるものですので、気になる症状が続くときは受診をおすすめします。

当院（一宮整骨院〜Seri〜）では、医療機関での診断・治療と並行して、KIRIN整体で関節や筋膜の動き、姿勢や全身の巡りを整える補完的なサポートを行っています。

ご自宅では、医師の指示に沿って投球を調整し、痛みが出る動作を無理に繰り返さないようにしましょう。

※強い痛み、夜間に痛みで目が覚める、肩が上がらない・動かせないなどの場合は、早めに整形外科を受診してください。

愛知県一宮市（名鉄尾西線・苅安賀駅）で野球肩の方は、一宮整骨院〜Seri〜へご相談ください。治療の流れは下記の記事でも詳しく解説しています。"
od-asa-okirenai-A,151,起立性調節障害,A,朝起きられないのは起立性調節障害？一宮市・親が見るサイン,https://ichinomiyaseitaiin.com/blog/od-asa-okirenai/,,"愛知県一宮市（苅安賀駅）で、朝起きられないお子さんのことが心配な保護者の方へ。毎朝の様子を見ながら、何が原因なのか分からず不安になりますよね。

こんなお悩みはありませんか？
・朝なかなか起きられず、起きても顔色が悪い
・立ち上がるとふらつく、立ちくらみが多い
・夕方から夜にかけて元気になる

起立性調節障害は、自律神経の働きや血圧の調整がかかわると考えられている状態ですが、ほかの病気が隠れている場合もあります。診断・検査・治療は小児科などの医師の領域ですので、気になる場合は受診をおすすめします。

一宮整骨院〜Seri〜は診断や治療を行うのではなく、医療機関と並行してKIRIN整体で姿勢・呼吸・巡りを整えるコンディショニングと、生活面のご相談をお受けします。

ご家庭では、起床・就寝の時刻や水分のとり方をメモして、受診時に医師へ伝えられるようにしておくと役立ちます。

※失神、強い頭痛、胸の痛み、動悸が強いなどの場合は、早めに医療機関を受診してください。

愛知県一宮市（名鉄尾西線・苅安賀駅）で朝起きられないお子さんのことでお悩みの方は、一宮整骨院〜Seri〜へご相談ください。親が見るべきサインは下記の記事でも詳しく解説しています。"
gojukata-chigai-A,467,五十肩,A,四十肩と五十肩の違いは？見分け方のポイントを一宮市で解説,https://ichinomiyaseitaiin.com/blog/gojukata-chigai/,2027-01-27,"愛知県一宮市（苅安賀駅）で四十肩・五十肩にお悩みの方へ。40代で肩が痛み出すと「まだ若いのに」と戸惑う方が多いようです。

こんなお悩みはありませんか？
・40代なのに肩が上がらず、四十肩なのか気になる
・片方の肩だけ痛くて、もう一方は問題ない
・肩の痛みが続き、何科に行けばよいのか迷っている

四十肩と五十肩は、発症する年代で呼び分けているだけで、同じ状態を指すことが多いとされます。医学的には肩関節周囲炎と呼ばれます。ただし、腱板断裂など別の状態との見分けには、医療機関での診察や検査が必要です。

当院（一宮整骨院〜Seri〜）では、診断・検査・注射・投薬・手術の判断は医師の役割と考え、KIRIN整体として関節や筋膜の動き、姿勢、呼吸、巡りを整える補完的なサポートを行います。

呼び方よりも、今の痛みの強さに合わせて無理をしないことが大切です。

※眠れないほどの夜間痛、急に腕が上がらなくなった、転倒後の痛み、腕のしびれや脱力、発熱がある場合は、早めに整形外科を受診してください。胸の痛みや息苦しさが強いときは救急要請を。

愛知県一宮市（名鉄尾西線・苅安賀駅）で四十肩・五十肩にお悩みの方は、一宮整骨院〜Seri〜へご相談ください。四十肩・五十肩は下記の記事でも詳しく解説しています。"
zutsu-kincho-taisho-A,287,緊張型頭痛・首こり,A,緊張型頭痛の対処法｜自分でできるセルフケアと相談先（一宮市）,https://ichinomiyaseitaiin.com/blog/zutsu-kincho-taisho/,2026-10-30,"愛知県一宮市（苅安賀駅）で緊張型頭痛の対処法を探している方へ。毎日のように頭が重いと、何から始めればよいか迷いますよね。

こんなお悩みはありませんか？
・薬に頼る回数が増えて不安になる
・首や肩のこりをどうにかしたい
・セルフケアのやり方が合っているか分からない

緊張型頭痛は、首肩の筋肉の緊張や姿勢、ストレス、睡眠などの生活要因が関わると考えられています。対処の基本は、体を温める、姿勢を見直す、休息をとるといった生活面の工夫です。ただし頭痛の診断や薬の判断は医師・薬剤師の役割ですので、不安があれば相談してください。

当院はKIRIN整体（関節・筋膜の動き、姿勢・呼吸・巡りを整える視点）で首肩の状態を確認し、セルフケアの相談にも応じる補完的なサポートを行っています。

自宅では、無理のない範囲で首肩を温め、ゆっくり呼吸してみてください。

※突然の激しい頭痛、手足の麻痺やしびれ、ろれつが回らない、物が二重に見える、発熱と首の硬直、意識がおかしいといった症状がある場合は、すぐに救急車を呼ぶか医療機関を受診してください。

愛知県一宮市（名鉄尾西線・苅安賀駅）で緊張型頭痛の対処にお困りの方は、一宮整骨院〜Seri〜へご相談ください。対処法は下記の記事でも詳しく解説しています。"
kenshoen-shojo-A,227,腱鞘炎・ばね指,A,腱鞘炎の症状とセルフチェック 一宮市・苅安賀駅の手指の痛み,https://ichinomiyaseitaiin.com/blog/kenshoen-shojo/,,"愛知県一宮市（苅安賀駅）で腱鞘炎の症状にお悩みの方へ。これって腱鞘炎かな、と感じながら様子を見ている方も多いのではないでしょうか。

こんなお悩みはありませんか？
・手首の親指側を動かすとズキッと痛む
・指を曲げ伸ばしするときに引っかかる感じがある
・朝起きたとき、指や手首がこわばる

腱鞘炎は、腱が通るトンネル状の腱鞘との間で摩擦が起こりやすい状態と考えられています。手首の親指側が痛む場合はドケルバン病と呼ばれる状態、指の引っかかりはばね指が関わることもあります。ただし、症状だけで判断はできません。診断や画像検査は整形外科の役割ですので、気になる場合は受診してください。

一宮整骨院〜Seri〜では、柔道整復師がKIRIN整体の視点で、関節や筋膜の動き、姿勢や巡りを確認します。医療機関の診察と並行できる補完的なサポートという位置づけです。

自宅では、痛みが出る動作をメモして、使い方を見直すきっかけにしてみてください。

※指が引っかかって戻らない、強い腫れや熱感、しびれがある場合は、早めに整形外科を受診してください。

愛知県一宮市（名鉄尾西線・苅安賀駅）で腱鞘炎の症状が気になる方は、一宮整骨院〜Seri〜へご相談ください。腱鞘炎の症状は下記の記事でも詳しく解説しています。"
jiritsu-kokyu-A,407,自律神経,A,自律神経を整える呼吸法｜腹式呼吸の基本｜一宮市,https://ichinomiyaseitaiin.com/blog/jiritsu-kokyu/,2026-12-29,"愛知県一宮市（苅安賀駅）で呼吸の浅さ・自律神経の乱れにお悩みの方へ。気づくと息を止めていたり、胸だけで浅く呼吸していたりしませんか。

こんなお悩みはありませんか？
・緊張すると、呼吸が浅く速くなる
・肩や首に力が入りやすく、こりやすい
・寝る前に頭が冴えて、リラックスしにくい

呼吸は、自律神経の働きと関わりがあると考えられています。ゆっくり息を吐くことで、体がリラックスしやすくなるという見方もあります。ただし、呼吸だけで不調が解消するとは限りません。息苦しさが続くときは、呼吸の問題と決めつけず、医療機関で相談してください。

自律神経は柔道整復の業務範囲外のため、当院で診断や治療は行いません。KIRIN整体で、姿勢・呼吸・巡りのコンディショニングと生活のご相談をお受けしています。

仰向けで膝を立て、お腹に手を当てて、鼻から吸いお腹がふくらむのを感じながら、口から細く長く吐いてみましょう。

※動悸・息苦しさ・強いめまい・立ちくらみ・胸の痛みがあるときは、早めに医療機関を受診してください。胸痛が強い、意識が遠のくなどの場合はすぐに救急要請を。

愛知県一宮市（名鉄尾西線・苅安賀駅）で呼吸の浅さや腹式呼吸が気になる方は、一宮整骨院〜Seri〜へご相談ください。自律神経を整える呼吸法は下記の記事でも詳しく解説しています。"
gyaku-yattehaikenai-A,347,逆流性食道炎×姿勢,A,逆流性食道炎で見直したい生活習慣｜避けたい姿勢・食べ方,https://ichinomiyaseitaiin.com/blog/gyaku-yattehaikenai/,2026-11-29,"愛知県一宮市（苅安賀駅）で逆流性食道炎で見直したい生活習慣にお悩みの方へ。「何を控えればよいのか」が分からず、不安になることもありますよね。

こんなお悩みはありませんか？
・食後すぐに横になる習慣がある
・就寝直前に食べたり飲んだりしてしまう
・前かがみの姿勢で長時間作業することが多い

食べ方や食後の姿勢、お腹まわりの締めつけなどが症状と関わる場合があると考えられます。ただし個人差が大きく、食事制限や薬の判断は医師や薬剤師の役割です。

一宮整骨院〜Seri〜は逆流性食道炎そのものの診断・治療は行いません。KIRIN整体の視点で、姿勢・呼吸・腹圧に関わる体の使い方を整えるコンディショニングと、生活のご相談でサポートします。

ご自宅では、食後すぐに横にならず、上体を起こして過ごす時間をつくることから試してみてください。

※体重が減ってきた、飲み込みにくい、吐血や黒い便がある、胸の痛みが続くといった場合は、すぐに医療機関（消化器内科など）を受診してください。

愛知県一宮市（名鉄尾西線・苅安賀駅）で逆流性食道炎に関わる生活習慣の見直しが気になる方は、一宮整骨院〜Seri〜へご相談ください。逆流性食道炎に関わる生活習慣の見直しについては下記の記事でも詳しく解説しています。"
tennishiji-chiryo-A,185,テニス肘・ゴルフ肘,A,テニス肘の治療の流れとは？整形外科と補完的サポート,https://ichinomiyaseitaiin.com/blog/tennishiji-chiryo/,,"愛知県一宮市（苅安賀駅）でテニス肘の治療にお悩みの方へ。どんな検査や治療が行われるのか分からず、受診をためらっている方も多いのではないでしょうか。

こんなお悩みはありませんか？
・整形外科でどんな治療をするのか知りたい
・安静にしていても肘の外側の痛みが引かない
・治療の流れを知ったうえで受診したい

テニス肘の治療は、医師の診察や必要に応じた画像検査のうえで、安静や負担の調整、運動療法、投薬など、状態に合わせて進められると考えられます。どの治療が適しているかは医師が判断します。

一宮整骨院〜Seri〜では、診断や治療は医療機関の役割と考え、柔道整復師によるKIRIN整体で、関節や筋膜の動き、姿勢や巡りを整える補完的なサポートを行っています。

自宅では、痛みを強める動作を控え、医師から指示があればそれに沿って過ごしてください。

※強い痛み、しびれ、腫れ・熱感、肘が動かしにくいなどの症状がある場合は、早めに整形外科を受診してください。

愛知県一宮市（名鉄尾西線・苅安賀駅）でテニス肘の治療について知りたいという方は、一宮整骨院〜Seri〜へご相談ください。テニス肘の治療の流れは下記の記事でも詳しく解説しています。"
yakyuhiji-hakuri-kossetsu-A,5,野球肘,A,野球肘の剥離骨折｜内側の痛みと復帰時の注意点・一宮市苅安賀駅,https://ichinomiyaseitaiin.com/blog/yakyuhiji-hakuri-kossetsu/,,"愛知県一宮市（苅安賀駅）で野球肘の剥離骨折や内側の痛みにお悩みの方へ。復帰の時期が気になり、不安を抱えている選手や保護者の方も多いと思います。

こんなお悩みはありませんか？
・肘の内側が投げるたびに痛む
・病院で剥離骨折の可能性を指摘された
・いつから投げてよいのか判断できない

成長期は肘の内側にある骨の成長部分（骨端）が弱く、繰り返しの投球ストレスで傷んだり、剥がれたりすることがあると考えられます。剥離骨折の診断や、固定・復帰の判断は整形外科など医師の役割です。自己判断で投球を再開しないことが大切です。

一宮整骨院〜Seri〜では、医師の指示を守ったうえで、柔道整復師がKIRIN整体の視点から関節や筋膜の動き、姿勢・巡りを確認し、復帰に向けた体づくりを補完的にサポートします。

ご家庭では、痛みのある側の肘に負担をかける動作や、強く握る動作を控えめにしてあげてください。

※強い痛み、肘が伸びない・曲がらない、腫れ、しびれがある場合は、早めに整形外科を受診してください。

愛知県一宮市（名鉄尾西線・苅安賀駅）で野球肘の剥離骨折後の復帰にお悩みの方は、一宮整骨院〜Seri〜へご相談ください。内側の痛みと復帰の注意点は下記の記事でも詳しく解説しています。"
kokansetsu-genin-A,79,股関節痛,A,股関節の痛みの原因をタイプ別に解説｜一宮市の整骨院,https://ichinomiyaseitaiin.com/blog/kokansetsu-genin/,,"愛知県一宮市（苅安賀駅）で、股関節の痛みの原因が分からず不安な方へ。原因が見えないと、何に気をつければよいのか迷いますよね。

こんなお悩みはありませんか？
・脚の付け根や太ももの前側が痛む
・お尻や腰の奥に重い痛みがある
・動き始めや立ち上がりで痛みが出る

股関節の痛みは、関節そのものの変化（変形性股関節症や臼蓋形成不全など）、筋肉や腱の負担、姿勢や骨盤の使い方の偏りなど、タイプが分かれると考えられます。関節の状態はレントゲンなどの検査でなければ分からず、診断は整形外科の役割です。

当院では診断や治療は行わず、KIRIN整体として関節と筋膜の動き、足裏から骨盤・背骨へのつながりを確認し、負担のかかり方を整える補完的なサポートを行っています。

ご自宅では、痛みが出る動作や姿勢をメモしておくと、受診時にも役立ちます。

※強い痛み、しびれの合併、歩行が困難なときは、早めに整形外科を受診してください。

愛知県一宮市（名鉄尾西線・苅安賀駅）で股関節の痛みの原因にお悩みの方は、一宮整骨院〜Seri〜へご相談ください。タイプ別の違いは下記の記事でも詳しく解説しています。"
hiza-hare-mizu-A,117,膝痛,A,膝が腫れて水がたまる時の考え方｜一宮市・苅安賀駅の整骨院,https://ichinomiyaseitaiin.com/blog/hiza-hare-mizu/,,"愛知県一宮市（苅安賀駅）で膝の腫れや水がたまる症状にお悩みの方へ。膝が重くなると、不安が大きいですよね。

こんなお悩みはありませんか？
・膝が腫れて、曲げ伸ばしがしにくい
・膝の皿まわりがぷっくりしている
・何度も水を抜いたと言われ、再発が心配

膝の水は、関節の中の炎症に対して関節液が増えた状態と考えられ、変形性膝関節症や半月板・靭帯の損傷などが背景にあることがあります。原因の診断や水を抜く処置は、整形外科の医師の役割です。

当院は診断や処置を行わず、医療機関での受診を前提に、KIRIN整体で関節・筋膜の動きや足裏から骨盤にかけての姿勢を確認し、膝への負担を減らす補完的なサポートを行います。

ご自宅では、無理に動かさず、腫れの程度を日ごとに見てお伝えできるようにしておくと安心です。

※強い腫れや熱感、発熱を伴う場合、急な激痛や体重をかけられない場合は、早めに整形外科を受診してください。

愛知県一宮市（名鉄尾西線・苅安賀駅）で膝の腫れにお悩みの方は、一宮整骨院〜Seri〜へご相談ください。腫れの考え方は下記の記事でも詳しく解説しています。"
yakyukata-genin-A,45,野球肩,A,野球肩の原因とは｜一宮市で肩の使い方を見直したい選手と保護者へ,https://ichinomiyaseitaiin.com/blog/yakyukata-genin/,,"愛知県一宮市（苅安賀駅）で野球肩の原因にお悩みの方へ。なぜ自分だけ肩が痛くなるのか、理由がわからず不安な方もいらっしゃると思います。

こんなお悩みはありませんか？
・投げる回数が増えると肩が重だるい
・腕だけで投げている感じがする
・肩甲骨まわりや背中が硬い

野球肩は、投球の繰り返しによる肩への負担に加え、肩甲骨・体幹・股関節の動きの硬さ、疲労の蓄積、フォームの偏りなどが重なって起こると考えられます。原因を一つに決めつけず、医療機関で状態を確認することが大切です。診断や画像検査は整形外科など医師の役割ですので、気になる症状が続くときは受診をおすすめします。

当院（一宮整骨院〜Seri〜）では、医療機関での診断・治療と並行して、KIRIN整体で関節や筋膜の動き、姿勢や全身の巡りを整える補完的なサポートを行っています。

ご自宅では、投げた後に肩まわりの張りを確認し、休養をしっかりとる習慣をつけましょう。

※強い痛み、夜間に痛みで目が覚める、肩が上がらない・動かせないなどの場合は、早めに整形外科を受診してください。

愛知県一宮市（名鉄尾西線・苅安賀駅）で野球肩の方は、一宮整骨院〜Seri〜へご相談ください。原因の考え方は下記の記事でも詳しく解説しています。"
gojukata-nariyasui-A,469,五十肩,A,五十肩になりやすい人の特徴｜一宮市の整骨院が分かりやすく解説,https://ichinomiyaseitaiin.com/blog/gojukata-nariyasui/,2027-01-28,"愛知県一宮市（苅安賀駅）で五十肩になりやすい特徴にお悩みの方へ。周りに五十肩の方がいると、「自分もなるのでは」と心配になりますよね。

こんなお悩みはありませんか？
・デスクワークやスマホ操作で、肩まわりが固まりやすい
・運動する機会が少なく、肩をあまり動かさない
・片方の肩が痛かったあと、反対側も気になり始めた

五十肩は40〜60代に多く、運動不足や姿勢の偏り、糖尿病などの持病が関わると指摘されることもあります。ただし、当てはまっても発症するとは限らず、当てはまらなくても起こることがあると考えられます。

当院（一宮整骨院〜Seri〜）では、診断・検査・注射・投薬・手術の判断は医師の役割と考え、KIRIN整体として関節や筋膜の動き、姿勢、呼吸、巡りを整える補完的なサポートを行います。

日頃から肩甲骨を大きく回す、腕を自然に動かすなど、肩を動かす習慣を無理のない範囲で続けてみてください。

※眠れないほどの夜間痛、急に腕が上がらなくなった、転倒後の痛み、腕のしびれや脱力、発熱がある場合は、早めに整形外科を受診してください。胸の痛みや息苦しさが強いときは救急要請を。

愛知県一宮市（名鉄尾西線・苅安賀駅）で五十肩のなりやすさにお悩みの方は、一宮整骨院〜Seri〜へご相談ください。五十肩になりやすい人の特徴は下記の記事でも詳しく解説しています。"
zutsu-kincho-sokkou-A,289,緊張型頭痛・首こり,A,緊張型頭痛を少しでも楽にしたい時の工夫（一宮市・苅安賀駅）,https://ichinomiyaseitaiin.com/blog/zutsu-kincho-sokkou/,2026-10-31,"愛知県一宮市（苅安賀駅）で緊張型頭痛を少しでも楽にしたい方へ。仕事中や家事の合間に頭が重くなると、早く楽になりたいと思いますよね。

こんなお悩みはありませんか？
・午後になると頭が重くなって集中できない
・今すぐできる工夫を知りたい
・首肩のこりが気になって仕方がない

緊張型頭痛は、首肩の筋肉の緊張や姿勢、ストレスが関わると考えられています。その場で頭の重さが変わるかどうかには個人差があり、すぐに変化が出ると約束できるものではありません。気持ちを落ち着けて体を休める工夫が、楽に過ごす助けになることがあります。

当院はKIRIN整体（関節と筋膜の動き、姿勢・呼吸・巡りを整える視点）で首肩の状態を確認する補完的なサポートを行っており、診断や治療は医療機関の役割です。

自宅や職場では、目を休めて肩を下ろし、ゆっくり息を吐くことから試してみてください。

※突然の激しい頭痛、手足の麻痺やしびれ、ろれつが回らない、物が二重に見える、発熱と首の硬直、意識がおかしいといった症状がある場合は、すぐに救急車を呼ぶか医療機関を受診してください。

愛知県一宮市（名鉄尾西線・苅安賀駅）で頭の重さにお困りの方は、一宮整骨院〜Seri〜へご相談ください。楽に過ごす工夫は下記の記事でも詳しく解説しています。"
kenshoen-toha-A,229,腱鞘炎・ばね指,A,腱鞘炎とは？一宮市・苅安賀駅で原因と症状をやさしく解説,https://ichinomiyaseitaiin.com/blog/kenshoen-toha/,,"愛知県一宮市（苅安賀駅）で腱鞘炎とは何かを知りたい方へ。手首や指の痛みが続くと、原因が分からず不安になりますよね。

こんなお悩みはありませんか？
・パソコンやスマホの使用後に手首が痛む
・指の付け根が腫れぼったく、動かしにくい
・育児や家事で手を使うたびに痛みが出る

腱鞘炎は、指や手首を動かす腱と、それを包む腱鞘との間で摩擦が起こりやすくなった状態と考えられています。使いすぎのほか、妊娠・出産の時期や更年期など体の変化が重なるときにも起こりやすいといわれますが、一人ひとり背景は異なります。診断や画像検査、注射などの処置は整形外科の役割です。

一宮整骨院〜Seri〜では、柔道整復師がKIRIN整体の視点で、関節や筋膜の動き、姿勢や巡りを確認します。医療機関での診察と並行できる、補完的なサポートを行っています。

自宅では、痛む動作を少し減らし、手を休めながら過ごしてみてください。

※強い腫れや熱感、指が引っかかって動かない、しびれがある場合は、早めに整形外科を受診してください。

愛知県一宮市（名鉄尾西線・苅安賀駅）で腱鞘炎とは何か知りたい方は、一宮整骨院〜Seri〜へご相談ください。腱鞘炎の原因と症状は下記の記事でも詳しく解説しています。"
jiritsu-stretch-A,409,自律神経,A,自律神経を整えるストレッチ｜首・肩・背中｜一宮市,https://ichinomiyaseitaiin.com/blog/jiritsu-stretch/,2026-12-30,"愛知県一宮市（苅安賀駅）で首・肩・背中のこわばりにお悩みの方へ。デスクワークやスマホで、いつの間にか体が固まっていませんか。

こんなお悩みはありませんか？
・首や肩が張って、気持ちが休まらない
・背中が丸まり、呼吸が浅い気がする
・夜になっても体のこわばりが抜けにくい

首・肩・背中の筋肉が緊張した状態が続くと、呼吸が浅くなったり、リラックスしにくく感じたりすることがあると考えられます。ストレッチで体の緊張がゆるむ感覚は、気持ちを落ち着けるきっかけになる場合があります。ただし、痛みを伴う場合は無理をしないでください。

自律神経は柔道整復の業務範囲外のため、当院で診断や治療は行いません。KIRIN整体で、姿勢・呼吸・巡りのコンディショニングと生活のご相談をお受けしています。

痛みのない範囲で、ゆっくり息を吐きながら肩を回し、背中を伸ばしてみましょう。

※動悸・息苦しさ・強いめまい・立ちくらみ・胸の痛みがあるときは、早めに医療機関を受診してください。胸痛が強い、意識が遠のくなどの場合はすぐに救急要請を。

愛知県一宮市（名鉄尾西線・苅安賀駅）で首・肩・背中のこわばりが気になる方は、一宮整骨院〜Seri〜へご相談ください。首・肩・背中のストレッチは下記の記事でも詳しく解説しています。"
gyaku-nanika-A,349,逆流性食道炎×姿勢,A,逆流性食道炎は何科？受診の目安と整骨院との違い｜一宮市,https://ichinomiyaseitaiin.com/blog/gyaku-nanika/,2026-11-30,"愛知県一宮市（苅安賀駅）で逆流性食道炎の受診先にお悩みの方へ。何科に行けばよいのか、整骨院で相談できるのか迷う方は少なくありません。

こんなお悩みはありませんか？
・胸やけが続くが、どこに相談すべきか迷う
・病院に行くほどか判断できない
・姿勢や生活面の相談もしたい

逆流性食道炎の診断・検査・薬の処方は、消化器内科などの医師の役割です。整骨院は疾患を診断・治療する場ではないため、まず医療機関で状態を確認しておくことが大切と考えられます。

一宮整骨院〜Seri〜は逆流性食道炎そのものの診断・治療は行いません。KIRIN整体の視点で、姿勢・呼吸・腹圧に関わる体の使い方を整えるコンディショニングと、生活のご相談でサポートします。

ご自宅では、症状の出る時間帯や食事との関係をメモしておくと、受診時の相談に役立ちます。

※体重が減ってきた、飲み込みにくい、吐血や黒い便がある、胸の痛みが続くといった場合は、すぐに医療機関（消化器内科など）を受診してください。

愛知県一宮市（名鉄尾西線・苅安賀駅）で逆流性食道炎の受診先や整骨院との違いが気になる方は、一宮整骨院〜Seri〜へご相談ください。逆流性食道炎の受診先や整骨院との違いについては下記の記事でも詳しく解説しています。"
od-asa-okoshikata-A,153,起立性調節障害,A,起立性調節障害の子の朝の起こし方｜一宮市・無理に起こしていい？,https://ichinomiyaseitaiin.com/blog/od-asa-okoshikata/,,"愛知県一宮市（苅安賀駅）で、朝なかなか起きられないお子さんの起こし方に悩む保護者の方へ。「無理にでも起こすべきか、そっとしておくべきか」と迷う朝が続くと、ご家庭も疲れてしまいますよね。

こんなお悩みはありませんか？
・声をかけても体を揺すっても起きられない
・無理に起こすと強いだるさや吐き気を訴える
・朝のやりとりで親子ともに気持ちが沈む

起立性調節障害が背景にあると、朝は血圧や血流の調整がうまくいきにくく、本人の意思だけでは起きられないことがあると考えられます。診断や治療、薬の判断は小児科などの医師の領域です。

一宮整骨院〜Seri〜は、医療機関の受診と並行して、KIRIN整体で姿勢・呼吸・巡りのコンディショニングと生活のご相談を行う補完的な立場です。

起こすときは、カーテンを開けて部屋を明るくし、短い声かけで、ゆっくり体を起こす時間をとってみてください。

※失神しそうになる、強い頭痛や胸の痛みがある、朝の不調が続く場合は、早めに医療機関を受診してください。

愛知県一宮市（名鉄尾西線・苅安賀駅）で朝の起こし方にお悩みの方は、一宮整骨院〜Seri〜へご相談ください。朝の起こし方は下記の記事でも詳しく解説しています。"
tennishiji-chusha-A,187,テニス肘・ゴルフ肘,A,テニス肘の注射（ステロイド等）とは？医師の処置を解説,https://ichinomiyaseitaiin.com/blog/tennishiji-chusha/,,"愛知県一宮市（苅安賀駅）でテニス肘の注射にお悩みの方へ。ステロイド等の注射があると聞いても、どのような処置なのか分からず迷う方は少なくありません。

こんなお悩みはありませんか？
・注射を勧められたが、内容やリスクが気になる
・注射を受けるべきか判断できない
・注射以外の選択肢も知りたい

注射は、医師が診察や検査のうえで必要性を判断して行う医療行為です。受ける場合の注意点や経過は、担当医に直接確認することが大切です。なお当院では注射は行いません。

一宮整骨院〜Seri〜では、診断や治療は医療機関の役割と考え、柔道整復師によるKIRIN整体で、関節や筋膜の動き、姿勢や巡りを整える補完的なサポートを行っています。

自宅では、疑問点を事前にメモして受診時に医師へ伝えると、納得して判断しやすくなります。

※強い痛み、しびれ、腫れ・熱感、注射後の強い痛みや赤み・熱っぽさが出た場合は、すぐに医療機関へ連絡・受診してください。

愛知県一宮市（名鉄尾西線・苅安賀駅）でテニス肘の注射について不安があるという方は、一宮整骨院〜Seri〜へご相談ください。テニス肘の注射は下記の記事でも詳しく解説しています。"
yakyuhiji-hayaku-naosu-A,7,野球肘,A,野球肘を早く良くしたい焦りが遠回りになる理由｜一宮市・苅安賀駅,https://ichinomiyaseitaiin.com/blog/yakyuhiji-hayaku-naosu/,,"愛知県一宮市（苅安賀駅）で、野球肘を早く良くしたいとお悩みの方へ。試合や大会が近いと、焦る気持ちになるのは当然です。

こんなお悩みはありませんか？
・試合までに少しでも早く投げられるようにしたい
・痛みがあっても投げ続けてしまっている
・休むとチームに迷惑をかけると感じている

野球肘は、繰り返しの負担で肘の骨・軟骨・靭帯に小さなダメージがたまった状態と考えられます。痛みを抱えたまま投げ続けると、状態が長引く可能性があります。早く良くするための近道を探すより、まず医療機関で状態を確認し、必要な休養を取ることが結果的に近道になることもあります。

一宮整骨院〜Seri〜では、診断や治療は医師の役割と位置づけ、KIRIN整体の視点で関節や筋膜の動き、足裏から骨盤・背骨のつながりを確認し、肘への負担を減らす補完的なサポートを行います。

ご家庭では、痛みが強い日は投球を休み、睡眠と栄養をしっかりとってあげてください。

※強い痛み、肘が伸びない・曲がらない、しびれがある場合は、早めに整形外科を受診してください。

愛知県一宮市（名鉄尾西線・苅安賀駅）で野球肘の焦りにお悩みの方は、一宮整骨院〜Seri〜へご相談ください。焦りが遠回りになる理由は下記の記事でも詳しく解説しています。"
gojukata-jiki-A,471,五十肩,A,五十肩の3つの時期と過ごし方｜急性期・拘縮期・回復期,https://ichinomiyaseitaiin.com/blog/gojukata-jiki/,2027-01-29,"愛知県一宮市（苅安賀駅）で五十肩の時期ごとの過ごし方にお悩みの方へ。今の肩がどの段階か分からず、動かしてよいのか迷う方は少なくありません。

こんなお悩みはありませんか？
・急に痛み出して、じっとしていても肩がうずく
・痛みは減ったが、肩が固まって動く範囲が狭い
・動かせるようになってきたが、どこまで動かしてよいか不安

五十肩は、痛みが強い急性期、動きが硬くなる拘縮期、少しずつ動くようになる回復期と段階を経ることが多いと考えられます。ただし経過には大きな個人差があります。時期の判断や他の病気との鑑別は、医療機関で確認しましょう。

当院（一宮整骨院〜Seri〜）では、診断・検査・注射・投薬・手術の判断は医師の役割と考え、KIRIN整体として関節や筋膜の動き、姿勢、呼吸、巡りを整える補完的なサポートを行います。

急性期は無理に動かさない、回復期は楽な範囲で動かす、という考え方を参考にしてみてください。

※眠れないほどの夜間痛、急に腕が上がらなくなった、転倒後の痛み、腕のしびれや脱力、発熱がある場合は、早めに整形外科を受診してください。胸の痛みや息苦しさが強いときは救急要請を。

愛知県一宮市（名鉄尾西線・苅安賀駅）で五十肩の時期ごとの過ごし方にお悩みの方は、一宮整骨院〜Seri〜へご相談ください。五十肩の時期ごとの過ごし方は下記の記事でも詳しく解説しています。"
zutsu-kincho-henzutsu-A,291,緊張型頭痛・首こり,A,緊張型頭痛と片頭痛の見分け方｜診断は医師へ（一宮市）,https://ichinomiyaseitaiin.com/blog/zutsu-kincho-henzutsu/,2026-11-01,"愛知県一宮市（苅安賀駅）で、緊張型頭痛と片頭痛の違いが気になっている方へ。自分の頭痛がどちらなのか分からないと不安になりますよね。

こんなお悩みはありませんか？
・締めつけ感なのか、ズキズキ脈打つのか分からない
・光や音が気になる日がある
・動くと痛みが強くなる気がする

一般に、緊張型頭痛は頭全体の締めつけられるような重さ、片頭痛は脈打つような痛みや吐き気を伴うことがあると言われています。ただし両方が混在する場合もあり、症状だけで見分けることはできません。頭痛の種類の診断は医師（脳神経内科・神経内科・脳神経外科など）の役割ですので、受診してください。

当院は診断を行わず、医療機関で診てもらったうえで、KIRIN整体（関節・筋膜の動き、姿勢・呼吸・巡りを整える視点）により首肩の状態を補完的にサポートします。

自宅では、頭痛の起きた時間や状況を記録しておくと受診時に役立ちます。

※突然の激しい頭痛、手足の麻痺やしびれ、ろれつが回らない、物が二重に見える、発熱と首の硬直、意識がおかしいといった症状がある場合は、すぐに救急車を呼ぶか医療機関を受診してください。

愛知県一宮市（名鉄尾西線・苅安賀駅）で首肩のこりを伴う頭痛の方は、一宮整骨院〜Seri〜へご相談ください。見分け方は下記の記事でも詳しく解説しています。"
kenshoen-chiryo-A,231,腱鞘炎・ばね指,A,腱鞘炎の治療はどう進む？一宮市で知っておきたい基礎知識,https://ichinomiyaseitaiin.com/blog/kenshoen-chiryo/,2026-10-01,"愛知県一宮市（苅安賀駅）で腱鞘炎の治療についてお悩みの方へ。手首や指の痛みが続くと、どこで何をしてもらえるのか不安になりますよね。

こんなお悩みはありませんか？
・手首や親指を動かすと痛みが出る
・病院に行くべきか、自分でケアすべきか迷っている
・仕事や家事で手を休めにくい

腱鞘炎は、腱とそれを包む腱鞘がこすれて炎症を起こした状態と考えられます。診断や投薬、注射などの治療は整形外科など医師の役割です。

一宮整骨院〜Seri〜では、医療機関での診断や治療を前提に、柔道整復師によるKIRIN整体で、関節や筋膜の動き、足裏から骨盤・背骨へのつながりを確認し、手への負担を減らす補完的なサポートを行います。

ご自宅では、痛む動作を少し減らし、手首を反らし続けない意識を持つだけでも負担は変わります。

※指が引っかかって動かない、強い腫れや熱感がある場合は、早めに整形外科を受診してください。

愛知県一宮市（名鉄尾西線・苅安賀駅）で腱鞘炎の治療でお悩みの方は、一宮整骨院〜Seri〜へご相談ください。治療の考え方は下記の記事でも詳しく解説しています。"
jiritsu-tsubo-A,411,自律神経,A,自律神経と首まわりのツボ｜セルフケアの考え方と注意,https://ichinomiyaseitaiin.com/blog/jiritsu-tsubo/,2026-12-31,"愛知県一宮市（苅安賀駅）で首まわりのセルフケアにお悩みの方へ。ツボを押すと気持ちがいいと聞いて、試してみたい方もいらっしゃると思います。

こんなお悩みはありませんか？
・首の後ろや付け根が常に張っている
・頭が重く、気持ちが休まらない
・ツボの押し方が合っているか不安

ツボ押しは、首まわりの筋肉を心地よくゆるめる目的で、昔から親しまれてきた方法です。ただし、自律神経を整える効果が確実にあると断定できるものではなく、あくまでリラックスのひとつの手段と考えられます。強く押しすぎると、かえって痛めることがあるため注意が必要です。

自律神経は柔道整復の業務範囲外のため、当院で診断や治療は行いません。KIRIN整体で、姿勢・呼吸・巡りのコンディショニングと生活のご相談をお受けしています。

気持ちいいと感じる程度の強さで、息を吐きながらゆっくり押し、痛みが出たらやめましょう。

※動悸・息苦しさ・強いめまい・立ちくらみ・胸の痛みがあるときは、早めに医療機関を受診してください。胸痛が強い、意識が遠のくなどの場合はすぐに救急要請を。

愛知県一宮市（名鉄尾西線・苅安賀駅）で首まわりのセルフケアを知りたい方は、一宮整骨院〜Seri〜へご相談ください。首まわりのツボの注意点は下記の記事でも詳しく解説しています。"
gyaku-shisei-A,351,逆流性食道炎×姿勢,A,逆流性食道炎と姿勢の関係｜前かがみ・腹圧の考え方を一宮市で解説,https://ichinomiyaseitaiin.com/blog/gyaku-shisei/,2026-12-01,"愛知県一宮市（苅安賀駅）で逆流性食道炎と姿勢にお悩みの方へ。デスクや家事で前かがみが続くと、胸やけが気になる方もいらっしゃいます。

こんなお悩みはありませんか？
・前かがみの姿勢になると胸がムカムカする
・座っているとお腹が圧迫される感じがする
・食後の姿勢で違和感が変わる気がする

前かがみの姿勢が続くとお腹まわりの圧（腹圧）が高まりやすく、胃のあたりに負担がかかる場合があると考えられます。ただし症状の原因や診断は医師の役割です。

一宮整骨院〜Seri〜は逆流性食道炎そのものの診断・治療は行いません。KIRIN整体の視点で、姿勢・呼吸・腹圧に関わる体の使い方を整えるコンディショニングと、生活のご相談でサポートします。

ご自宅では、椅子に深く座って骨盤を立て、みぞおちにゆとりをつくる姿勢を試してみてください。

※体重が減ってきた、飲み込みにくい、吐血や黒い便がある、胸の痛みが続くといった場合は、すぐに医療機関（消化器内科など）を受診してください。

愛知県一宮市（名鉄尾西線・苅安賀駅）で逆流性食道炎と姿勢の関係が気になる方は、一宮整骨院〜Seri〜へご相談ください。逆流性食道炎と姿勢の関係については下記の記事でも詳しく解説しています。"
kokansetsu-genin-josei-A,81,股関節痛,A,股関節の痛みが女性に多い理由｜一宮市の整骨院が解説,https://ichinomiyaseitaiin.com/blog/kokansetsu-genin-josei/,,"愛知県一宮市（苅安賀駅）で、股関節の痛みにお悩みの女性へ。家事や仕事、育児のなかで痛みを我慢している方も多いのではないでしょうか。

こんなお悩みはありませんか？
・立ち仕事や家事のあとに股関節が痛む
・座った姿勢から立つときに違和感がある
・以前より歩くのがつらくなってきた

女性は骨盤の構造やホルモンバランスの変化、筋肉量の違いなどから、股関節に負担がかかりやすい傾向があると考えられます。また、臼蓋形成不全などの生まれつきの形が関わる場合もあり、診断はレントゲンなどが行える整形外科の役割です。

一宮整骨院〜Seri〜では診断や治療は行わず、KIRIN整体として関節や筋膜の動き、足裏から骨盤・背骨への姿勢のつながりを確認する補完的なサポートを行っています。

ご自宅では、足を組む癖や片足に体重をかける立ち方に気づいたら、そっと整えてみてください。

※強い痛み、しびれの合併、歩行が困難なときは、早めに整形外科を受診してください。

愛知県一宮市（名鉄尾西線・苅安賀駅）で女性の股関節痛でお悩みの方は、一宮整骨院〜Seri〜へご相談ください。詳しくは下記の記事でも解説しています。"
hiza-kinniku-kintore-A,119,膝痛,A,膝痛と筋肉の関係を解説｜一宮市・苅安賀駅の整骨院,https://ichinomiyaseitaiin.com/blog/hiza-kinniku-kintore/,,"愛知県一宮市（苅安賀駅）で膝痛と筋肉の関係が気になる方へ。鍛えるべきか休むべきか、迷いますよね。

こんなお悩みはありませんか？
・太ももの筋肉が弱い気がして不安
・筋トレをすると膝が痛くなることがある
・太ももの前や裏が張っている

膝は太ももやふくらはぎの筋肉に支えられており、筋力やバランスの低下、筋肉のこわばりが負担につながることがあると考えられます。一方で、痛みの原因が関節や半月板などにある場合もあり、診断は整形外科での診察・画像検査が必要です。

当院は診断を行わず、医療機関での確認を前提に、KIRIN整体で関節・筋膜の動きや足裏〜骨盤〜背骨のつながりを診て、筋肉が働きやすい状態を整える補完的なサポートを行います。

ご自宅では、痛みが出ない範囲の軽い運動にとどめましょう。

※膝に水がたまる、強い腫れや熱感がある、急な激痛や不安定感がある場合は、早めに整形外科を受診してください。

愛知県一宮市（名鉄尾西線・苅安賀駅）で膝痛と筋肉にお悩みの方は、一宮整骨院〜Seri〜へご相談ください。筋肉との関係は下記の記事でも詳しく解説しています。"
yakyukata-icing-A,47,野球肩,A,野球肩は冷やす？アイシングの考え方｜一宮市・苅安賀駅,https://ichinomiyaseitaiin.com/blog/yakyukata-icing/,,"愛知県一宮市（苅安賀駅）で野球肩のアイシングにお悩みの方へ。投げた後に冷やすべきか、温めるべきか、迷う方は多いようです。

こんなお悩みはありませんか？
・投球後に肩が熱っぽい感じがする
・冷やす時間や頻度がわからない
・冷やしても痛みが引かない

アイシングは、痛みや熱感があるときの一時的なケアとして行われることがありますが、状態によって適した方法は異なると考えられます。痛みの原因の判断や画像検査は整形外科など医師の役割ですので、気になる症状が続くときは受診をおすすめします。

当院（一宮整骨院〜Seri〜）では、医療機関での診断・治療と並行して、KIRIN整体で関節や筋膜の動き、姿勢や全身の巡りを整える補完的なサポートを行っています。

ご自宅で冷やすときは、直接肌に当てず、タオルを挟んで短時間にとどめましょう。感覚が鈍くなるほどは冷やさないでください。

※強い痛み、夜間に痛みで目が覚める、肩が上がらない・動かせないなどの場合は、早めに整形外科を受診してください。

愛知県一宮市（名鉄尾西線・苅安賀駅）で野球肩の方は、一宮整骨院〜Seri〜へご相談ください。アイシングの考え方は下記の記事でも詳しく解説しています。"
gojukata-yakan-A,473,五十肩,A,五十肩の夜間痛｜つらい夜の痛みと向き合い方（一宮市）,https://ichinomiyaseitaiin.com/blog/gojukata-yakan/,2027-01-30,"愛知県一宮市（苅安賀駅）で五十肩の夜間痛にお悩みの方へ。夜、痛みで何度も目が覚めると、疲れが抜けず日中もつらくなりますよね。

こんなお悩みはありませんか？
・寝返りのたびに肩がズキッと痛んで目が覚める
・痛い側を下にして寝られず、眠りが浅い
・朝起きたときに肩がこわばっている

五十肩では、特に痛みが強い時期に夜間痛が出やすいと考えられます。ただし、眠れないほど強い痛みや長引く夜間痛は、医療機関での確認が必要です。

当院（一宮整骨院〜Seri〜）では、診断・検査・注射・投薬・手術の判断は医師の役割と考え、KIRIN整体として関節や筋膜の動き、姿勢、呼吸、巡りを整える補完的なサポートを行います。

枕元にクッションやタオルを用意し、腕の下に入れて肩が下がらない姿勢を探してみてください。

※眠れないほどの夜間痛、急に腕が上がらなくなった、転倒後の痛み、腕のしびれや脱力、発熱がある場合は、早めに整形外科を受診してください。胸の痛みや息苦しさが強いときは救急要請を。

愛知県一宮市（名鉄尾西線・苅安賀駅）で五十肩の夜間痛にお悩みの方は、一宮整骨院〜Seri〜へご相談ください。五十肩の夜間痛は下記の記事でも詳しく解説しています。"
zutsu-kincho-tsubo-A,293,緊張型頭痛・首こり,A,緊張型頭痛のツボ｜セルフケアの考え方と注意点（一宮市）,https://ichinomiyaseitaiin.com/blog/zutsu-kincho-tsubo/,2026-11-02,"愛知県一宮市（苅安賀駅）で、緊張型頭痛のツボを調べている方へ。首の付け根を自分で押して楽になれないかと考える方は多いですよね。

こんなお悩みはありませんか？
・首の後ろや肩を押すと気持ちよく感じる
・ツボをどこまで押してよいか分からない
・強く押して逆に痛くなったことがある

ツボ押しは、首肩の筋肉の緊張をゆるめてリラックスする目的で行われることがありますが、頭痛そのものへの効果が確実に得られるとは言えません。強く押しすぎると筋肉を傷めることもあり、痛みを我慢するのは避けましょう。頭痛の診断は医師の役割です。

当院はKIRIN整体（関節・筋膜の動き、姿勢・呼吸・巡りを整える視点）で首肩の状態を確認する補完的なサポートを行っています。診断や治療は行いません。

自宅では、心地よいと感じる程度の力で、息を吐きながらゆっくり行ってください。

※突然の激しい頭痛、手足の麻痺やしびれ、ろれつが回らない、物が二重に見える、発熱と首の硬直、意識がおかしいといった症状がある場合は、すぐに救急車を呼ぶか医療機関を受診してください。

愛知県一宮市（名鉄尾西線・苅安賀駅）で首こりや頭の重さの方は、一宮整骨院〜Seri〜へご相談ください。ツボの考え方は下記の記事でも詳しく解説しています。"
kenshoen-chusha-A,233,腱鞘炎・ばね指,A,腱鞘炎の注射とは？医師が行う処置と一宮市での相談先,https://ichinomiyaseitaiin.com/blog/kenshoen-chusha/,2026-10-02,"愛知県一宮市（苅安賀駅）で腱鞘炎の注射についてお悩みの方へ。注射と聞くと、痛みや副作用が心配になる方も多いと思います。

こんなお悩みはありませんか？
・注射を勧められたが、内容がよく分からない
・注射を受けるか迷っている
・注射以外の選択肢も知りたい

腱鞘炎に対する注射は、炎症を抑える目的で医師が行う処置と考えられます。適応や回数、リスクの判断は医師の領域で、当院では注射の是非を判断することはありません。

一宮整骨院〜Seri〜では、医師の診断や治療を尊重したうえで、柔道整復師によるKIRIN整体として、手首や指の関節・筋膜の動き、姿勢や足裏からのつながりを整える補完的なサポートを行います。

ご自宅では、注射の有無にかかわらず、痛みを誘発する動作を減らすことが大切です。不明点は遠慮なく主治医に質問してみてください。

※強い腫れ、熱感、指が引っかかって動かない、しびれがある場合は、整形外科を早めに受診してください。

愛知県一宮市（名鉄尾西線・苅安賀駅）で腱鞘炎の注射や今後のケアでお悩みの方は、一宮整骨院〜Seri〜へご相談ください。注射の考え方は下記の記事でも詳しく解説しています。"
jiritsu-asa-A,413,自律神経,A,自律神経を整える朝のリセット習慣｜一宮市・苅安賀駅,https://ichinomiyaseitaiin.com/blog/jiritsu-asa/,2027-01-01,"愛知県一宮市（苅安賀駅）で朝の不調や生活リズムの乱れにお悩みの方へ。朝から体が重いと、一日の始まりがつらくなりますよね。

こんなお悩みはありませんか？
・朝起きても、体がだるく重い
・休日に寝だめをして、リズムが崩れる
・朝食を抜いたり、慌ただしく過ごしたりしがち

自律神経は、朝の光や食事、軽い動きなどによって、活動モードに切り替わりやすくなると考えられます。生活リズムの乱れが続くと、朝の調子にも影響しやすいといわれます。朝の不調が強い、長く続く場合は、医療機関への相談をおすすめします。

自律神経は柔道整復の業務範囲外のため、当院で診断や治療は行いません。KIRIN整体で、姿勢・呼吸・巡りのコンディショニングと生活のご相談をお受けしています。

起きたらカーテンを開けて光を浴び、コップ一杯の水を飲んで、軽く伸びをしてみましょう。

※動悸・息苦しさ・強いめまい・立ちくらみ・胸の痛みがあるときは、早めに医療機関を受診してください。胸痛が強い、意識が遠のくなどの場合はすぐに救急要請を。

愛知県一宮市（名鉄尾西線・苅安賀駅）で朝の不調や生活リズムが気になる方は、一宮整骨院〜Seri〜へご相談ください。朝のリセット習慣は下記の記事でも詳しく解説しています。"
gyaku-nekoze-A,353,逆流性食道炎×姿勢,A,猫背・巻き肩と逆流性食道炎｜姿勢を整える視点を解説,https://ichinomiyaseitaiin.com/blog/gyaku-nekoze/,2026-12-02,"愛知県一宮市（苅安賀駅）で猫背・巻き肩と逆流性食道炎にお悩みの方へ。背中が丸まっていることは自覚していても、胸やけとのつながりは分かりにくいものです。

こんなお悩みはありませんか？
・猫背や巻き肩が気になっている
・胸まわりが縮こまって息が浅い感じがする
・座っていると胃のあたりが苦しい

猫背や巻き肩が続くと、胸やお腹まわりのスペースが狭くなり、呼吸の浅さや腹圧の高まりにつながる場合があると考えられます。症状の原因や診断は、医師の役割です。

一宮整骨院〜Seri〜は逆流性食道炎そのものの診断・治療は行いません。KIRIN整体の視点で、姿勢・呼吸・腹圧に関わる体の使い方を整えるコンディショニングと、生活のご相談でサポートします。

ご自宅では、肩の力を抜いて胸を軽く開き、ゆっくり息を吐く動作を数回試してみてください。

※体重が減ってきた、飲み込みにくい、吐血や黒い便がある、胸の痛みが続くといった場合は、すぐに医療機関（消化器内科など）を受診してください。

愛知県一宮市（名鉄尾西線・苅安賀駅）で猫背・巻き肩と逆流性食道炎の関係が気になる方は、一宮整骨院〜Seri〜へご相談ください。猫背・巻き肩と逆流性食道炎の関係については下記の記事でも詳しく解説しています。"
od-futoko-A,155,起立性調節障害,A,起立性調節障害と不登校｜一宮市・「行けない」を親はどう支えるか,https://ichinomiyaseitaiin.com/blog/od-futoko/,,"愛知県一宮市（苅安賀駅）で、学校に行けなくなったお子さんの様子に心を痛めている保護者の方へ。「どう支えればいいのか」と悩み、ご自身を責めてしまう方もいらっしゃいます。

こんなお悩みはありませんか？
・朝になると体調が悪く、登校の時間に動けない
・学校に行きたい気持ちはあるのに体がついてこない
・休みが続き、先の見通しが立たず不安になる

朝の不調には起立性調節障害がかかわる場合がありますが、不登校と起立性調節障害を短絡的に結びつけることはできません。原因はお子さんによって異なり、診断や治療、検査は小児科などの医師の領域です。

一宮整骨院〜Seri〜は、医療機関の受診と並行して、KIRIN整体で姿勢・呼吸・巡りのコンディショニングや生活のご相談をお受けする補完的な立場です。

ご家庭では、登校の可否よりも、お子さんの気持ちと体調の両方に耳を傾ける時間を大切にしてみてください。

※強い頭痛、失神、胸の痛み、食事や睡眠がとれない状態が続く場合は、早めに医療機関を受診してください。

愛知県一宮市（名鉄尾西線・苅安賀駅）でお子さんの「行けない」にお悩みの方は、一宮整骨院〜Seri〜へご相談ください。支え方は下記の記事でも詳しく解説しています。"
tennishiji-genin-A,189,テニス肘・ゴルフ肘,A,テニス肘の原因とは？肘の外側が痛む背景を一宮市で解説,https://ichinomiyaseitaiin.com/blog/tennishiji-genin/,,"愛知県一宮市（苅安賀駅）でテニス肘の原因にお悩みの方へ。テニスをしていなくても、肘の外側が痛むことがあるため、原因が気になりますよね。

こんなお悩みはありませんか？
・物をつかんで持ち上げると肘の外側が痛む
・パソコンやスマホの操作後に肘がだるい
・テニスはしないのに、テニス肘と言われた

手首を反らす筋肉は、肘の外側に付着しています。手作業の繰り返しや、手首・前腕の使いすぎが重なることが背景と考えられます。肩や背中、姿勢の影響も関わる場合があります。原因の特定や診断は医師の役割ですので、長引く場合は整形外科の受診をおすすめします。

一宮整骨院〜Seri〜では、診断や治療は医療機関の役割と考え、柔道整復師によるKIRIN整体で、関節や筋膜の動き、姿勢や巡りを整える補完的なサポートを行っています。

自宅では、痛みが出る動作を一時的に減らし、前腕の疲れをためないようにしてください。

※強い痛み、しびれ、腫れ・熱感、肘が動かしにくいなどの症状がある場合は、早めに整形外科を受診してください。

愛知県一宮市（名鉄尾西線・苅安賀駅）でテニス肘の原因が気になるという方は、一宮整骨院〜Seri〜へご相談ください。テニス肘の原因は下記の記事でも詳しく解説しています。"
yakyuhiji-icing-A,9,野球肘,A,野球肘のアイシングは冷やす？温める？一宮市・苅安賀駅の整骨院,https://ichinomiyaseitaiin.com/blog/yakyuhiji-icing/,,"愛知県一宮市（苅安賀駅）で、野球肘のアイシングについてお悩みの方へ。冷やすべきか温めるべきか、迷う方は少なくありません。

こんなお悩みはありませんか？
・投げたあとに肘を冷やしているが、正しいか自信がない
・肘が熱っぽいのか、ただ疲れているのかわからない
・痛みが続くのに、冷やす以外の対応がわからない

投球後に肘が熱っぽく、ズキズキする場合は、一時的に冷やすことで楽に感じる方もいらっしゃると考えられます。ただし、アイシングは痛みを和らげる補助的な方法で、肘の損傷そのものを判断したり治したりするものではありません。痛みが続く場合は、整形外科での検査が大切です。

一宮整骨院〜Seri〜では、診断や治療は医療機関の役割と位置づけ、KIRIN整体の視点で関節や筋膜の動き、姿勢・巡りを確認し、肘への負担を減らす補完的なサポートを行います。

ご家庭では、氷を直接当てず、タオル越しに短時間にとどめ、皮膚の色や感覚の変化に注意してください。

※強い痛み、腫れ、肘が伸びない・曲がらない、しびれがある場合は、早めに整形外科を受診してください。

愛知県一宮市（名鉄尾西線・苅安賀駅）で野球肘のアイシングにお悩みの方は、一宮整骨院〜Seri〜へご相談ください。正しいやり方は下記の記事でも詳しく解説しています。"
kokansetsu-itai-taisho-A,83,股関節痛,A,股関節が痛い時の対処法｜一宮市・苅安賀駅の整骨院,https://ichinomiyaseitaiin.com/blog/kokansetsu-itai-taisho/,,"愛知県一宮市（苅安賀駅）で、股関節の痛みにどう対処すればよいか迷っている方へ。動いてよいのか休むべきなのか、判断に困りますよね。

こんなお悩みはありませんか？
・脚の付け根がズキッと痛む
・動かすと痛むが、じっとしていても気になる
・湿布を貼るだけで様子を見ている

痛みの対処は、原因によって適した方法が変わると考えられます。関節の状態を知るにはレントゲンなどの検査が必要で、診断や治療は整形外科の役割です。自己判断で強いストレッチを続けると、かえって負担になることもあります。

当院では診断や治療は行わず、KIRIN整体として関節や筋膜の動き、姿勢や巡りを確認し、体の使い方を整える補完的なサポートを行っています。

ご自宅では、痛みが強い間は無理に動かさず、痛みの出ない楽な姿勢を探して過ごしてみてください。

※強い痛み、しびれの合併、体重をかけられない、熱感や腫れがあるときは、早めに整形外科を受診してください。

愛知県一宮市（名鉄尾西線・苅安賀駅）で股関節の痛みの対処にお悩みの方は、一宮整骨院〜Seri〜へご相談ください。対処法は下記の記事でも詳しく解説しています。"
gojukata-kikan-A,475,五十肩,A,五十肩の経過の目安は？回復までの期間を一宮市で解説,https://ichinomiyaseitaiin.com/blog/gojukata-kikan/,2027-01-31,"愛知県一宮市（苅安賀駅）で五十肩の経過や期間にお悩みの方へ。いつまでこの痛みが続くのか分からないと、不安が大きくなりますよね。

こんなお悩みはありませんか？
・痛み出してから数か月たつが、あまり変わらない
・どのくらいで動くようになるのか知りたい
・仕事や家事を続けながら、肩をどう扱えばよいか悩む

五十肩の経過には大きな個人差があり、数か月から1年以上かかることもあると言われています。目安はあくまで参考です。経過が思わしくないときは、別の原因がないか医療機関で確認することが大切です。

当院（一宮整骨院〜Seri〜）では、診断・検査・注射・投薬・手術の判断は医師の役割と考え、KIRIN整体として関節や筋膜の動き、姿勢、呼吸、巡りを整える補完的なサポートを行います。

焦らず、その時期の状態に合わせて無理をしないことが大切です。

※眠れないほどの夜間痛、急に腕が上がらなくなった、転倒後の痛み、腕のしびれや脱力、発熱がある場合は、早めに整形外科を受診してください。胸の痛みや息苦しさが強いときは救急要請を。

愛知県一宮市（名鉄尾西線・苅安賀駅）で五十肩の経過にお悩みの方は、一宮整骨院〜Seri〜へご相談ください。五十肩の経過は下記の記事でも詳しく解説しています。"
zutsu-kincho-stretch-A,295,緊張型頭痛・首こり,A,緊張型頭痛のストレッチ｜首・肩をゆるめる考え方（一宮市）,https://ichinomiyaseitaiin.com/blog/zutsu-kincho-stretch/,2026-11-03,"愛知県一宮市（苅安賀駅）で、緊張型頭痛に首肩のストレッチを取り入れたい方へ。座りっぱなしで固まった首肩を動かしたくなりますよね。

こんなお悩みはありませんか？
・デスクワークで首や肩が固まっている
・ストレッチで頭痛が悪化しないか不安
・どのくらい伸ばせばよいか分からない

首肩の筋肉の緊張をゆるめる動きは、緊張型頭痛のセルフケアとして取り入れられることがあると考えられています。ただし反動をつけたり、痛みを我慢して伸ばすと逆効果になることもあります。頭痛が強い日は無理をせず、診断や不安は医師に相談してください。

当院はKIRIN整体（関節と筋膜の動き、姿勢・呼吸・巡りを整える視点）で首肩の状態を確認し、動かし方の相談にも応じる補完的なサポートを行っています。診断や治療は行いません。

自宅では、痛みの出ない範囲で、息を吐きながら10秒ほどゆっくり動かしてみてください。

※突然の激しい頭痛、手足の麻痺やしびれ、ろれつが回らない、物が二重に見える、発熱と首の硬直、意識がおかしいといった症状がある場合は、すぐに救急車を呼ぶか医療機関を受診してください。

愛知県一宮市（名鉄尾西線・苅安賀駅）で首肩のこわばりの方は、一宮整骨院〜Seri〜へご相談ください。ストレッチは下記の記事でも詳しく解説しています。"
kenshoen-supporter-A,235,腱鞘炎・ばね指,A,腱鞘炎の手首サポーターの選び方｜一宮市の整骨院からの視点,https://ichinomiyaseitaiin.com/blog/kenshoen-supporter/,2026-10-03,"愛知県一宮市（苅安賀駅）で腱鞘炎のサポーターにお悩みの方へ。種類が多く、自分に合うものが分かりにくいですよね。

こんなお悩みはありませんか？
・サポーターをしても痛みが変わらない
・きつく締めると指先がしびれる気がする
・つけっぱなしでよいのか分からない

サポーターは手首の動きを制限して負担を減らす補助的な道具で、治療そのものではないと考えられます。長く固定しすぎると、かえって動かしにくさにつながることもあります。

一宮整骨院〜Seri〜では、診断や治療は医療機関の役割としたうえで、柔道整復師によるKIRIN整体で、手首の関節や筋膜の動き、肩や背骨を含めた姿勢のつながりを確認し、手への負担を減らす補完的なサポートを行います。

ご自宅では、強く締めすぎず、痛む作業の時だけ使うなど、使う場面を絞ることを意識してみてください。

※指先のしびれ、強い腫れ、指が引っかかって動かない場合は、サポーターを外して整形外科を受診してください。

愛知県一宮市（名鉄尾西線・苅安賀駅）で腱鞘炎のサポーター選びでお悩みの方は、一宮整骨院〜Seri〜へご相談ください。詳しくは下記の記事でも解説しています。"
hiza-koureisha-50-60dai-A,121,膝痛,A,50代・60代の膝痛の原因とケア｜一宮市・苅安賀駅の整骨院,https://ichinomiyaseitaiin.com/blog/hiza-koureisha-50-60dai/,,"愛知県一宮市（苅安賀駅）で50代・60代の膝痛にお悩みの方へ。年齢のせいと諦めてしまう前に、できることを考えましょう。

こんなお悩みはありませんか？
・朝、動き出しに膝がこわばる
・階段や立ち上がりがつらくなってきた
・散歩や外出が億劫になった

この年代では、関節軟骨のすり減りによる変形性膝関節症や、筋力・柔軟性の低下が膝痛の背景にあると考えられます。診断や画像検査は整形外科の役割ですので、気になる場合はまず受診をおすすめします。

当院は診断を行わず、医療機関での確認を前提に、KIRIN整体で関節・筋膜の動きや足裏〜骨盤〜背骨のつながりを診て、膝にかかる負担を整える補完的なサポートを行います。ご高齢の方にも無理のない範囲で対応します。

ご自宅では、動き出す前に足首や膝を軽く動かしましょう。

※膝に水がたまる、強い腫れや熱感がある、急な激痛や不安定感がある場合は、早めに整形外科を受診してください。

愛知県一宮市（名鉄尾西線・苅安賀駅）で50代・60代の膝痛にお悩みの方は、一宮整骨院〜Seri〜へご相談ください。原因とケアは下記の記事でも詳しく解説しています。"
jiritsu-nyuyoku-A,415,自律神経,A,自律神経と入浴・温めの工夫｜冷えや緊張が気になる方へ,https://ichinomiyaseitaiin.com/blog/jiritsu-nyuyoku/,2027-01-02,"愛知県一宮市（苅安賀駅）で冷えや体の緊張にお悩みの方へ。湯船につかると楽なのに、上がるとまた疲れが戻ってしまう方も多いと思います。

こんなお悩みはありませんか？
・手足が冷えやすく、寝つきが悪い
・シャワーだけで済ませることが多い
・入浴しても、肩や首のこわばりが残る

ぬるめのお湯でゆっくり温まると、体がゆるみ、リラックスしやすくなるといわれています。一方で、熱すぎるお湯や長湯は、体に負担となる場合もあります。持病のある方や、入浴でふらつきや動悸を感じる方は、医療機関で入浴の注意点を確認してください。

自律神経は柔道整復の業務範囲外のため、当院で診断や治療は行いません。KIRIN整体で、姿勢・呼吸・巡りのコンディショニングと生活のご相談をお受けしています。

就寝の1〜2時間前に、ぬるめのお湯で10分ほどつかり、ゆっくり息を吐いてみましょう。

※動悸・息苦しさ・強いめまい・立ちくらみ・胸の痛みがあるときは、早めに医療機関を受診してください。胸痛が強い、意識が遠のくなどの場合はすぐに救急要請を。

愛知県一宮市（名鉄尾西線・苅安賀駅）で冷えや緊張、入浴の工夫が気になる方は、一宮整骨院〜Seri〜へご相談ください。入浴・温めの工夫は下記の記事でも詳しく解説しています。"
gyaku-senaka-A,355,逆流性食道炎×姿勢,A,逆流性食道炎と背中の痛み・肩甲骨まわりの張りの考え方,https://ichinomiyaseitaiin.com/blog/gyaku-senaka/,2026-12-03,"愛知県一宮市（苅安賀駅）で背中の痛み・肩甲骨まわりの張りと逆流性食道炎にお悩みの方へ。背中や肩甲骨まわりの重だるさが続くと、不安になりますよね。

こんなお悩みはありませんか？
・肩甲骨のあたりが張る感じが続いている
・胸やけと一緒に背中が重く感じる
・姿勢が丸まり、背中がこりやすい

背中の痛みは、筋肉の緊張だけでなく内臓や循環器の不調が関わる場合もあり、見極めは医師の役割です。そのうえで、筋肉の緊張や姿勢の崩れが重なっている場合もあると考えられます。

一宮整骨院〜Seri〜は逆流性食道炎そのものの診断・治療は行いません。KIRIN整体の視点で、姿勢・呼吸・腹圧に関わる体の使い方を整えるコンディショニングと、生活のご相談でサポートします。

ご自宅では、長時間同じ姿勢を避け、肩を回したり背中を伸ばしたりして体をほぐしてみてください。

※体重が減ってきた、飲み込みにくい、吐血や黒い便がある、胸の痛みが続くといった場合は、すぐに医療機関（消化器内科など）を受診してください。

愛知県一宮市（名鉄尾西線・苅安賀駅）で背中の痛みや肩甲骨まわりの張りが気になる方は、一宮整骨院〜Seri〜へご相談ください。背中の痛みや肩甲骨まわりの張りについては下記の記事でも詳しく解説しています。"
yakyukata-inner-A,49,野球肩,A,野球肩とインナーマッスル｜一宮市で肩の安定性を見直したい方へ,https://ichinomiyaseitaiin.com/blog/yakyukata-inner/,,"愛知県一宮市（苅安賀駅）で野球肩とインナーマッスルにお悩みの方へ。肩のインナーマッスルが大切と聞くけれど、何をすればよいのかわからないという声をよく伺います。

こんなお悩みはありませんか？
・投げると肩の奥が疲れやすい
・肩がぐらつくような感覚がある
・トレーニングをしても肩の違和感が続く

インナーマッスルは、肩の関節を支え、腕を動かすときの安定に関わる小さな筋肉群です。ただ、それだけを鍛えても、肩甲骨や背中、体幹の動きが硬いと、負担が肩に集まりやすいと考えられます。診断や画像検査は整形外科など医師の役割ですので、気になる症状が続くときは受診をおすすめします。

当院（一宮整骨院〜Seri〜）では、医療機関での診断・治療と並行して、KIRIN整体で関節や筋膜の動き、姿勢や全身の巡りを整える補完的なサポートを行っています。

ご自宅では、強い負荷をかけず、軽い力でゆっくり動かす程度から始め、痛みが出るときは中止しましょう。

※強い痛み、夜間に痛みで目が覚める、肩が上がらない・動かせないなどの場合は、早めに整形外科を受診してください。

愛知県一宮市（名鉄尾西線・苅安賀駅）で野球肩の方は、一宮整骨院〜Seri〜へご相談ください。インナーマッスルの役割は下記の記事でも詳しく解説しています。"
tennishiji-hiyasu-A,191,テニス肘・ゴルフ肘,A,テニス肘は冷やす？温める？状態別の考え方（一宮市）,https://ichinomiyaseitaiin.com/blog/tennishiji-hiyasu/,,"愛知県一宮市（苅安賀駅）でテニス肘の冷やす・温める判断にお悩みの方へ。どちらが良いのか分からず、迷っている方も多いのではないでしょうか。

こんなお悩みはありませんか？
・痛い時に冷やすべきか温めるべきか分からない
・温めたら痛みが強くなった気がする
・肘が熱っぽく腫れている気がする

痛みが出て間もない時期や、熱感・腫れがある場合は冷やす方が心地よいことがあり、こわばりが中心の場合は温める方が楽なこともあると考えられます。個人差が大きいため、心地よさと症状の変化を目安にしてください。

一宮整骨院〜Seri〜では、診断や治療は医療機関の役割と考え、柔道整復師によるKIRIN整体で、関節や筋膜の動き、姿勢や巡りを整える補完的なサポートを行っています。

自宅では、試してみて痛みが強まる方法はすぐにやめ、無理をしないことが大切です。

※強い痛み、しびれ、強い腫れ・熱感が続く場合は、早めに整形外科を受診してください。

愛知県一宮市（名鉄尾西線・苅安賀駅）でテニス肘の冷やす・温めるで迷っているという方は、一宮整骨院〜Seri〜へご相談ください。テニス肘の冷やす・温めるの考え方は下記の記事でも詳しく解説しています。"
yakyuhiji-itami-basho-A,11,野球肘,A,野球肘はどこが痛い？痛む場所でタイプを知る｜一宮市・苅安賀駅,https://ichinomiyaseitaiin.com/blog/yakyuhiji-itami-basho/,,"愛知県一宮市（苅安賀駅）で、野球肘の痛む場所についてお悩みの方へ。内側か外側か、後ろかで状態の見方が変わると考えられます。

こんなお悩みはありませんか？
・肘の内側が投げるたびに痛む
・肘の外側や後ろ側に痛みや違和感がある
・痛みの場所が日によって変わる

野球肘は、痛む場所によって負担のかかる組織が異なると考えられます。内側は引っ張られるストレス、外側は骨同士がぶつかるストレス、後ろは伸ばしたときのストレスが関わることがあります。特に外側の痛みは、自覚症状が出にくい軟骨の問題が隠れている場合もあり、整形外科での画像検査が大切です。診断は医師の役割です。

一宮整骨院〜Seri〜では、KIRIN整体の視点で関節や筋膜の動き、足裏から骨盤・背骨のつながりを確認し、肘への負担を減らす補完的なサポートを行います。

ご家庭では、痛む場所と痛む動作を記録しておくと、受診時の説明に役立ちます。

※強い痛み、肘が伸びない・曲がらない、しびれがある場合は、早めに整形外科を受診してください。

愛知県一宮市（名鉄尾西線・苅安賀駅）で野球肘の痛む場所にお悩みの方は、一宮整骨院〜Seri〜へご相談ください。痛む場所によるタイプの違いは下記の記事でも詳しく解説しています。"
od-gakko-hairyo-A,157,起立性調節障害,A,起立性調節障害の学校への配慮のお願い｜一宮市の保護者へ,https://ichinomiyaseitaiin.com/blog/od-gakko-hairyo/,,"愛知県一宮市（苅安賀駅）で、起立性調節障害のお子さんの学校生活について悩む保護者の方へ。「学校にどう伝えればよいのか」と、お願いの仕方に迷う方も多いのではないでしょうか。

こんなお悩みはありませんか？
・遅刻や欠席が続き、学校にどう説明すべきか分からない
・午前中の授業や朝礼、体育での体調が心配
・担任や先生に理解してもらえるか不安

起立性調節障害は、周囲から体調の悪さが見えにくく、誤解を受けやすいと言われています。配慮の内容は、主治医の診断や意見書をもとに学校と相談するのが一般的と考えられます。診断や治療は小児科などの医師の領域です。

一宮整骨院〜Seri〜は、医療機関の受診と並行して、KIRIN整体で姿勢・呼吸・巡りのコンディショニングや生活のご相談をお受けする補完的な立場です。

ご家庭では、朝の体調や困りごとを日ごとに記録し、学校に伝える際の材料にしてみてください。

※失神、強い頭痛、胸の痛みがある場合や、登校が難しい状態が続く場合は、早めに医療機関を受診してください。

愛知県一宮市（名鉄尾西線・苅安賀駅）で学校への配慮のお願いにお悩みの方は、一宮整骨院〜Seri〜へご相談ください。配慮のお願いの考え方は下記の記事でも詳しく解説しています。"
gojukata-nagabiku-A,477,五十肩,A,五十肩が長引くと感じたら｜見直したいこと（一宮市）,https://ichinomiyaseitaiin.com/blog/gojukata-nagabiku/,2027-02-01,"愛知県一宮市（苅安賀駅）で五十肩が長引いている状態にお悩みの方へ。何か月たっても肩の調子が変わらないと、このままなのかと落ち込んでしまいますよね。

こんなお悩みはありませんか？
・数か月たっても肩の痛みや動きにくさが続く
・ストレッチや湿布を試したが、変化を感じにくい
・夜間痛や日中の痛みが強くなってきた気がする

五十肩は経過に個人差がありますが、長引く場合は、腱板断裂など別の状態が関わっていないか、医療機関で確認することが大切です。また、痛みをかばう姿勢や動かし方の偏りが、肩の負担につながることも考えられます。

当院（一宮整骨院〜Seri〜）では、診断・検査・注射・投薬・手術の判断は医師の役割と考え、KIRIN整体として関節や筋膜の動き、姿勢、呼吸、巡りを整える補完的なサポートを行います。

無理に大きく動かそうとせず、一度、日頃の姿勢や肩の使い方を振り返ってみてください。

※眠れないほどの夜間痛、急に腕が上がらなくなった、転倒後の痛み、腕のしびれや脱力、発熱がある場合は、早めに整形外科を受診してください。胸の痛みや息苦しさが強いときは救急要請を。

愛知県一宮市（名鉄尾西線・苅安賀駅）で長引く五十肩にお悩みの方は、一宮整骨院〜Seri〜へご相談ください。五十肩が長引くときの見直しポイントは下記の記事でも詳しく解説しています。"
zutsu-kincho-mainichi-A,297,緊張型頭痛・首こり,A,緊張型頭痛が毎日続く・治らない時に見直したいこと（一宮市）,https://ichinomiyaseitaiin.com/blog/zutsu-kincho-mainichi/,2026-11-04,"愛知県一宮市（苅安賀駅）で、緊張型頭痛が毎日続いてお悩みの方へ。いつまでも頭が重いままだと、気持ちまで沈んでしまいますよね。

こんなお悩みはありませんか？
・ほぼ毎日頭痛があり、休まらない
・鎮痛薬を飲む日が増えている
・首肩のこりや睡眠の悪さも気になる

頭痛が毎日続く背景には、首肩の緊張、姿勢、睡眠不足、ストレス、薬の使い方などが重なっている可能性が考えられます。ただし別の原因が隠れていることもあり、自己判断は禁物です。長引く場合は、まず医療機関で診断を受けてください。薬の使い方は医師・薬剤師に相談しましょう。

当院は診断や治療を行わず、KIRIN整体（関節・筋膜の動き、姿勢・呼吸・巡りを整える視点）で首肩や姿勢のクセを確認する補完的なサポートを行います。

自宅では、睡眠リズムと姿勢、画面を見る時間を一度見直してみてください。

※突然の激しい頭痛、手足の麻痺やしびれ、ろれつが回らない、物が二重に見える、発熱と首の硬直、意識がおかしいといった症状がある場合は、すぐに救急車を呼ぶか医療機関を受診してください。

愛知県一宮市（名鉄尾西線・苅安賀駅）で頭痛が続き首肩が気になる方は、一宮整骨院〜Seri〜へご相談ください。見直したいことは下記の記事でも詳しく解説しています。"
kenshoen-taping-A,237,腱鞘炎・ばね指,A,腱鞘炎のテーピング｜手首・親指の貼り方と注意点（一宮市）,https://ichinomiyaseitaiin.com/blog/kenshoen-taping/,2026-10-04,"愛知県一宮市（苅安賀駅）で腱鞘炎のテーピングにお悩みの方へ。自己流で貼ってみたものの、合っているのか不安になりますよね。

こんなお悩みはありませんか？
・貼るとかえって手首や親指がつっぱる
・かぶれやかゆみが出た
・どこにどう貼ればよいのか分からない

テーピングは関節の動きを補助して負担を減らすためのもので、治療そのものではないと考えられます。貼り方によっては血流や動きを妨げることもあるため、注意が必要です。

一宮整骨院〜Seri〜では、診断や治療は医療機関の役割としたうえで、柔道整復師によるKIRIN整体で、手首や親指の関節・筋膜の動き、姿勢のつながりを確認し、手への負担を減らす補完的なサポートを行います。

ご自宅では、強く引っ張らずに貼り、違和感があれば無理せずすぐに外してください。

※指先のしびれや変色、強い腫れ、指が引っかかって動かない場合は、テープを外して整形外科を受診してください。

愛知県一宮市（名鉄尾西線・苅安賀駅）で腱鞘炎のテーピングでお悩みの方は、一宮整骨院〜Seri〜へご相談ください。テーピングの注意点は下記の記事でも詳しく解説しています。"
jiritsu-undou-A,417,自律神経,A,自律神経と運動・ウォーキングの考え方｜一宮市,https://ichinomiyaseitaiin.com/blog/jiritsu-undou/,2027-01-03,"愛知県一宮市（苅安賀駅）で運動不足や体の重さにお悩みの方へ。運動したほうがよいと分かっていても、続けるのは難しいですよね。

こんなお悩みはありませんか？
・座りっぱなしで、体を動かす機会が少ない
・運動を始めても、疲れて続かない
・何をどのくらいすればよいか分からない

軽い運動は、気分転換や睡眠のリズムづくりの助けになるといわれます。ただし、無理な運動は体に負担となり、かえって疲れをためることもあると考えられます。持病や不調のある方は、運動の内容や量について医療機関で相談してください。

自律神経は柔道整復の業務範囲外のため、当院で診断や治療は行いません。KIRIN整体で、姿勢・呼吸・巡りのコンディショニングと生活のご相談をお受けしています。

まずは一日10〜15分、呼吸が乱れない程度のゆっくりしたウォーキングから始めてみましょう。

※動悸・息苦しさ・強いめまい・立ちくらみ・胸の痛みがあるときは、早めに医療機関を受診してください。胸痛が強い、意識が遠のくなどの場合はすぐに救急要請を。

愛知県一宮市（名鉄尾西線・苅安賀駅）で運動やウォーキングが気になる方は、一宮整骨院〜Seri〜へご相談ください。運動・ウォーキングの考え方は下記の記事でも詳しく解説しています。"
gyaku-kokyu-A,357,逆流性食道炎×姿勢,A,逆流性食道炎と腹式呼吸・横隔膜のはたらきを一宮市の整骨院が解説,https://ichinomiyaseitaiin.com/blog/gyaku-kokyu/,2026-12-04,"愛知県一宮市（苅安賀駅）で腹式呼吸・横隔膜と逆流性食道炎にお悩みの方へ。呼吸が浅いと感じたり、胸のつかえが気になったりする方もいらっしゃいます。

こんなお悩みはありませんか？
・呼吸が浅く、肩で息をしている感じがある
・胸からお腹にかけて力みやすい
・胃のあたりの圧迫感が気になる

横隔膜は呼吸に関わる筋肉で、食道と胃のつなぎ目の近くにあります。姿勢や呼吸の状態がそのはたらきに関わる可能性があると考えられますが、疾患の判断は医師の役割です。

一宮整骨院〜Seri〜は逆流性食道炎そのものの診断・治療は行いません。KIRIN整体の視点で、姿勢・呼吸・腹圧に関わる体の使い方を整えるコンディショニングと、生活のご相談でサポートします。

ご自宅では、楽な姿勢でお腹をやわらかく使い、鼻から吸って口からゆっくり長く吐く呼吸を試してみてください。

※体重が減ってきた、飲み込みにくい、吐血や黒い便がある、胸の痛みが続くといった場合は、すぐに医療機関（消化器内科など）を受診してください。

愛知県一宮市（名鉄尾西線・苅安賀駅）で腹式呼吸や横隔膜のはたらきが気になる方は、一宮整骨院〜Seri〜へご相談ください。腹式呼吸や横隔膜のはたらきについては下記の記事でも詳しく解説しています。"
kokansetsu-kinniku-A,85,股関節痛,A,股関節痛は筋肉の硬さが原因？お尻・内もも・腸腰筋,https://ichinomiyaseitaiin.com/blog/kokansetsu-kinniku/,,"愛知県一宮市（苅安賀駅）で、股関節の痛みが筋肉のせいなのか気になっている方へ。お尻や脚の付け根の張りが続くと、不安になりますよね。

こんなお悩みはありませんか？
・お尻や太ももの内側が常に張っている
・脚の付け根が詰まるような感じがする
・立ち上がりや歩き出しが重く感じる

お尻の筋肉、内ももの筋肉、腸腰筋などは股関節の動きを支えており、硬さや使い方の偏りが負担につながることもあると考えられます。ただし、痛みの原因が関節の変化にある場合もあり、見極めはレントゲンなどが行える整形外科の役割です。

当院では診断や治療は行わず、KIRIN整体として関節や筋膜の動き、足裏・骨盤・背骨のつながりを確認し、筋肉に頼りすぎない体の使い方を整える補完的なサポートを行っています。

ご自宅では、痛みの出ない範囲で、ゆっくり呼吸しながら筋肉の力を抜く時間をつくってみてください。

※強い痛み、しびれの合併、歩行が困難なときは、早めに整形外科を受診してください。

愛知県一宮市（名鉄尾西線・苅安賀駅）で筋肉が関わる股関節痛でお悩みの方は、一宮整骨院〜Seri〜へご相談ください。詳しくは下記の記事でも解説しています。"
hiza-mageru-nobasu-A,123,膝痛,A,膝を曲げると痛い・伸ばすと痛い原因｜一宮市・苅安賀駅の整骨院,https://ichinomiyaseitaiin.com/blog/hiza-mageru-nobasu/,,"愛知県一宮市（苅安賀駅）で膝を曲げ伸ばしすると痛む方へ。毎日の動作で痛むのは、つらいですよね。

こんなお悩みはありませんか？
・深く曲げると膝の前や裏が痛い
・伸ばし切ると突っ張るように痛む
・曲げ伸ばしのときに引っかかる感じがある

曲げて痛む場合と伸ばして痛む場合で、関わる部位が異なると考えられます。半月板や靭帯、関節の変形、膝まわりの筋肉や腱の緊張などが背景にあることもあり、診断は整形外科での診察や画像検査が必要です。

当院は診断を行わず、医療機関での確認を前提に、KIRIN整体で関節・筋膜の動きや足裏〜骨盤〜背骨のつながりを診て、膝への負担を整える補完的なサポートを行います。

ご自宅では、痛みが出る角度を避け、無理に曲げ伸ばしを繰り返さないようにしましょう。

※膝に水がたまる、強い腫れや熱感がある、急な激痛や不安定感がある場合は、早めに整形外科を受診してください。

愛知県一宮市（名鉄尾西線・苅安賀駅）で膝の曲げ伸ばしの痛みにお悩みの方は、一宮整骨院〜Seri〜へご相談ください。原因と対処は下記の記事でも詳しく解説しています。"
gojukata-kaifuku-A,479,五十肩,A,五十肩の回復期にやりたいこと｜動かし方のポイント（一宮市）,https://ichinomiyaseitaiin.com/blog/gojukata-kaifuku/,2027-02-02,"愛知県一宮市（苅安賀駅）で五十肩の回復期の過ごし方にお悩みの方へ。痛みが落ち着いてきても、どこまで動かしてよいのか迷う方は多いと思います。

こんなお悩みはありませんか？
・痛みは減ってきたが、腕がまだ上がりきらない
・動かして痛みがぶり返さないか不安
・以前のように肩を使えるようになりたい

回復期は、痛みが和らぎ、少しずつ肩が動くようになる時期と考えられます。ただし、急に大きく動かすと痛みが戻ることもあるため、段階的に進めることが大切です。動かしてよい範囲は、医師に確認すると安心です。

当院（一宮整骨院〜Seri〜）では、診断・検査・注射・投薬・手術の判断は医師の役割と考え、KIRIN整体として関節や筋膜の動き、姿勢、呼吸、巡りを整える補完的なサポートを行います。

入浴後など体が温まったときに、痛みの出ない範囲でゆっくり動かすことを意識してみてください。

※眠れないほどの夜間痛、急に腕が上がらなくなった、転倒後の痛み、腕のしびれや脱力、発熱がある場合は、早めに整形外科を受診してください。胸の痛みや息苦しさが強いときは救急要請を。

愛知県一宮市（名鉄尾西線・苅安賀駅）で五十肩の回復期の動かし方にお悩みの方は、一宮整骨院〜Seri〜へご相談ください。五十肩の回復期は下記の記事でも詳しく解説しています。"
zutsu-kincho-kusuri-A,299,緊張型頭痛・首こり,A,緊張型頭痛の薬・漢方の基礎知識｜薬剤師・医師へ相談（一宮市）,https://ichinomiyaseitaiin.com/blog/zutsu-kincho-kusuri/,2026-11-05,"愛知県一宮市（苅安賀駅）で、緊張型頭痛の薬や漢方について気になっている方へ。頭痛のたびに薬を飲んでよいのか、迷うことがありますよね。

こんなお悩みはありませんか？
・市販薬を飲む回数が増えて心配になる
・漢方が合うのか知りたい
・薬に頼らず体のケアも取り入れたい

頭痛の薬には種類があり、体質や持病、ほかに飲んでいる薬によって合う合わないがあります。薬や漢方の選び方、飲む回数や量は、薬剤師や医師に相談してください。当院では薬の種類や服用についてのアドバイスはできません。

当院は診断や治療を行わず、KIRIN整体（関節・筋膜の動き、姿勢・呼吸・巡りを整える視点）で首肩の状態を確認する補完的なサポートを行っています。薬と並行して姿勢や生活を整えたい方の相談にも応じます。

自宅では、服用した日時と頭痛の状況を記録し、受診時に伝えてみてください。

※突然の激しい頭痛、手足の麻痺やしびれ、ろれつが回らない、物が二重に見える、発熱と首の硬直、意識がおかしいといった症状がある場合は、すぐに救急車を呼ぶか医療機関を受診してください。

愛知県一宮市（名鉄尾西線・苅安賀駅）で首肩のこりや姿勢が気になる方は、一宮整骨院〜Seri〜へご相談ください。薬・漢方の基礎知識は下記の記事でも詳しく解説しています。"
kenshoen-shippu-A,239,腱鞘炎・ばね指,A,腱鞘炎に湿布を貼る位置は？一宮市の整骨院が考え方を解説,https://ichinomiyaseitaiin.com/blog/kenshoen-shippu/,2026-10-05,"愛知県一宮市（苅安賀駅）で腱鞘炎の湿布にお悩みの方へ。貼る場所や使い方が合っているのか、気になりますよね。

こんなお悩みはありませんか？
・どこに貼ればよいのか分からない
・貼っても痛みがあまり変わらない
・ずっと貼り続けてよいのか心配

湿布は痛みや炎症をやわらげる目的で使う外用薬で、腱鞘炎そのものを治すものではないと考えられます。一般的には、痛む場所を中心に貼りますが、種類や使用期間は薬剤師や医師に相談してください。

一宮整骨院〜Seri〜では、診断や治療は医療機関の役割としたうえで、柔道整復師によるKIRIN整体で、手首や指の関節・筋膜の動き、姿勢のつながりを確認し、手への負担を減らす補完的なサポートを行います。

ご自宅では、湿布に頼りきらず、痛む動作を減らす工夫も合わせて意識してみてください。

※かぶれが出た場合、強い腫れや熱感、指が引っかかって動かない場合は、整形外科などを受診してください。

愛知県一宮市（名鉄尾西線・苅安賀駅）で腱鞘炎の湿布でお悩みの方は、一宮整骨院〜Seri〜へご相談ください。湿布の考え方は下記の記事でも詳しく解説しています。"
jiritsu-nomimono-A,419,自律神経,A,自律神経を整える飲み物｜カフェインとの付き合い方,https://ichinomiyaseitaiin.com/blog/jiritsu-nomimono/,2027-01-04,"愛知県一宮市（苅安賀駅）で飲み物やカフェインの付き合い方にお悩みの方へ。仕事や勉強のおともに、ついコーヒーを飲みすぎていませんか。

こんなお悩みはありませんか？
・夕方以降にコーヒーを飲むと、寝つきが悪い
・飲むと動悸やそわそわを感じることがある
・水分をあまりとらず、喉が渇いてから飲む

カフェインには覚醒作用があり、とり方や量、時間帯によっては睡眠に影響する場合があると考えられます。感じ方には個人差があるため、自分の体の反応を観察することが大切です。動悸などの症状がある方、妊娠中や持病のある方は、医師や薬剤師に相談してください。

自律神経は柔道整復の業務範囲外のため、当院で診断や治療は行いません。KIRIN整体で、姿勢・呼吸・巡りのコンディショニングと生活のご相談をお受けしています。

午後のカフェインは控えめにし、水や白湯などを少しずつこまめに飲んでみましょう。

※動悸・息苦しさ・強いめまい・立ちくらみ・胸の痛みがあるときは、早めに医療機関を受診してください。胸痛が強い、意識が遠のくなどの場合はすぐに救急要請を。

愛知県一宮市（名鉄尾西線・苅安賀駅）で飲み物やカフェインとの付き合い方が気になる方は、一宮整骨院〜Seri〜へご相談ください。飲み物・カフェインとの付き合い方は下記の記事でも詳しく解説しています。"
gyaku-stretch-A,359,逆流性食道炎×姿勢,A,逆流性食道炎とストレッチ・姿勢体操の考え方と注意点,https://ichinomiyaseitaiin.com/blog/gyaku-stretch/,2026-12-05,"愛知県一宮市（苅安賀駅）で逆流性食道炎とストレッチ・姿勢体操にお悩みの方へ。体を動かしたいけれど、胃に負担がかからないか心配な方もいらっしゃいます。

こんなお悩みはありませんか？
・ストレッチをしてよいのか分からない
・運動後に胸やけが出るのが不安
・固まった背中や胸まわりをほぐしたい

体を動かすこと自体は気分転換や血行に役立つ場合がありますが、腹圧が強くかかる動きや食後すぐの運動は負担になる可能性があると考えられます。運動の可否は医師にご相談ください。

一宮整骨院〜Seri〜は逆流性食道炎そのものの診断・治療は行いません。KIRIN整体の視点で、姿勢・呼吸・腹圧に関わる体の使い方を整えるコンディショニングと、生活のご相談でサポートします。

ご自宅では、食後しばらく空けてから、呼吸を止めずにゆっくり行える動きを選んでみてください。

※体重が減ってきた、飲み込みにくい、吐血や黒い便がある、胸の痛みが続くといった場合は、すぐに医療機関（消化器内科など）を受診してください。

愛知県一宮市（名鉄尾西線・苅安賀駅）で逆流性食道炎とストレッチ・姿勢体操が気になる方は、一宮整骨院〜Seri〜へご相談ください。逆流性食道炎とストレッチ・姿勢体操については下記の記事でも詳しく解説しています。"
yakyukata-itami-A,51,野球肩,A,野球肩の痛みの種類とまず大切にしたいこと｜一宮市・苅安賀駅,https://ichinomiyaseitaiin.com/blog/yakyukata-itami/,,"愛知県一宮市（苅安賀駅）で野球肩の痛みにお悩みの方へ。同じ野球肩でも、痛み方はさまざまで、どう対応すればよいか迷う方も多いと思います。

こんなお悩みはありませんか？
・投げるときだけ鋭く痛む
・投げ終わってからも重い痛みが残る
・動かさなくてもズキズキする

痛み方の違いは、筋肉、腱、関節まわりなど、負担がかかる部位の違いを示していることもあると考えられますが、痛みだけで原因を判断することはできません。成長期は特に、早めに医療機関で確認することが大切です。診断や画像検査は整形外科など医師の役割ですので、気になる症状が続くときは受診をおすすめします。

当院（一宮整骨院〜Seri〜）では、医療機関での診断・治療と並行して、KIRIN整体で関節や筋膜の動き、姿勢や全身の巡りを整える補完的なサポートを行っています。

まずは痛みが出る動作を避け、肩を休ませることを優先しましょう。

※強い痛み、夜間に痛みで目が覚める、肩が上がらない・動かせないなどの場合は、早めに整形外科を受診してください。

愛知県一宮市（名鉄尾西線・苅安賀駅）で野球肩の方は、一宮整骨院〜Seri〜へご相談ください。痛みの種類は下記の記事でも詳しく解説しています。"
tennishiji-hochi-A,193,テニス肘・ゴルフ肘,A,テニス肘を放置するとどうなる？受診の目安を一宮市で解説,https://ichinomiyaseitaiin.com/blog/tennishiji-hochi/,,"愛知県一宮市（苅安賀駅）でテニス肘の放置にお悩みの方へ。そのうち良くなるかもと様子を見ているうちに、痛みが長引くこともあります。

こんなお悩みはありませんか？
・肘の外側の痛みが数週間続いている
・痛みで物をつかむ動作を避けるようになった
・受診するべきタイミングが分からない

負担が続くと痛みが長引いたり、動作の幅が狭くなったりすることがあると考えられます。肘の痛みには他の原因が隠れている場合もあるため、痛みが続くときは医師による診察が大切です。

一宮整骨院〜Seri〜では、診断や治療は医療機関の役割と考え、柔道整復師によるKIRIN整体で、関節や筋膜の動き、姿勢や巡りを整える補完的なサポートを行っています。

自宅では、痛みを強める動作を減らしながら、痛みの経過をメモしておくと受診の際に役立ちます。

※強い痛み、しびれ、腫れ・熱感、肘が動かしにくいなどの症状がある場合は、早めに整形外科を受診してください。

愛知県一宮市（名鉄尾西線・苅安賀駅）でテニス肘を放置してよいか迷っているという方は、一宮整骨院〜Seri〜へご相談ください。テニス肘を放置した場合と受診の目安は下記の記事でも詳しく解説しています。"
yakyuhiji-kenshin-A,13,野球肘,A,野球肘検診とは？痛くなる前の肘チェック｜一宮市・苅安賀駅,https://ichinomiyaseitaiin.com/blog/yakyuhiji-kenshin/,,"愛知県一宮市（苅安賀駅）で、野球肘検診についてお悩みの方へ。痛みが出る前に肘の状態を知っておきたいという保護者や指導者の方も増えています。

こんなお悩みはありませんか？
・痛みはないが、投球数が多く肘が心配
・検診を受けるタイミングがわからない
・無症状でも異常が見つかることがあると聞いた

野球肘のなかでも、肘の外側にある軟骨や骨の問題（離断性骨軟骨炎など）は、初期には痛みなどの自覚症状がほとんど出ないまま進むことがあると考えられます。そのため、超音波（エコー）などを使った検診での早期発見が大切とされています。検診や診断は整形外科など医師が行うものです。

一宮整骨院〜Seri〜では、検診や診断は医療機関の役割と位置づけ、柔道整復師がKIRIN整体の視点で関節や筋膜の動き、姿勢・巡りを確認し、投球動作の負担を減らす補完的なサポートを行います。

ご家庭では、肘の曲げ伸ばしの左右差や、投げた翌日の違和感に気を配ってあげてください。

※強い痛み、肘が伸びない・曲がらない、しびれがある場合は、早めに整形外科を受診してください。

愛知県一宮市（名鉄尾西線・苅安賀駅）で野球肘検診についてお悩みの方は、一宮整骨院〜Seri〜へご相談ください。検診の内容は下記の記事でも詳しく解説しています。"
kokansetsu-kusuri-kikanai-A,87,股関節痛,A,股関節痛に薬が効かないと感じたら｜体の使い方を見直す,https://ichinomiyaseitaiin.com/blog/kokansetsu-kusuri-kikanai/,,"愛知県一宮市（苅安賀駅）で、薬を使っても股関節の痛みが気になる方へ。薬を続けても変化を感じにくいと、先行きが不安になりますよね。

こんなお悩みはありませんか？
・痛み止めを使っても痛みが残る
・薬の効果が切れると痛みが戻る
・動き方や姿勢に原因があるのか気になる

薬の使い方や今後の方針は、必ず医師に相談していただきたい内容です。そのうえで、痛みの背景には関節の状態だけでなく、姿勢や動作のくせ、骨盤や足元の使い方の偏りが関わっていることもあると考えられます。

一宮整骨院〜Seri〜では診断、投薬、注射などは行いません。KIRIN整体として、関節や筋膜の動き、足裏から骨盤・背骨へのつながりを確認し、医療機関での診察と並行できる補完的なサポートを行っています。

ご自宅では、痛みが強まる姿勢や動作を見つけ、できるだけ避ける工夫をしてみてください。

※強い痛みが続く、しびれが出る、歩行が困難なときは、早めに整形外科を受診してください。

愛知県一宮市（名鉄尾西線・苅安賀駅）で薬に頼る股関節痛でお悩みの方は、一宮整骨院〜Seri〜へご相談ください。詳しくは下記の記事でも解説しています。"
od-juken-A,159,起立性調節障害,A,起立性調節障害と受験｜一宮市・体調と向き合う保護者へ,https://ichinomiyaseitaiin.com/blog/od-juken/,,"愛知県一宮市（苅安賀駅）で、起立性調節障害のお子さんの受験を見守る保護者の方へ。体調の波がある中で、勉強や試験当日をどう迎えるか、不安が尽きないことと思います。

こんなお悩みはありませんか？
・午前中に調子が出ず、勉強や登校の時間が限られる
・試験の朝に体調が崩れないか心配
・進路や受験方法の選び方が分からない

起立性調節障害があると、朝の体調が安定しにくく、学習のペースがつかみにくいことがあると考えられます。受験にあたっての配慮や進路の相談は、主治医や学校、志望校とご確認ください。診断や治療は小児科などの医師の領域です。

一宮整骨院〜Seri〜は、医療機関の受診と並行して、KIRIN整体で姿勢・呼吸・巡りのコンディショニングや生活のご相談をお受けする補完的な立場です。

ご家庭では、体調のよい時間帯に学習を集中させるなど、お子さんのペースに合わせた計画を一緒に立ててみてください。

※失神、強い頭痛、胸の痛み、食事や睡眠がとれない状態が続く場合は、早めに医療機関を受診してください。

愛知県一宮市（名鉄尾西線・苅安賀駅）で受験期の体調にお悩みの方は、一宮整骨院〜Seri〜へご相談ください。受験との向き合い方は下記の記事でも詳しく解説しています。"
gojukata-yattehaikenai-A,481,五十肩,A,五十肩でやってはいけないこと｜一宮市・苅安賀駅の整骨院,https://ichinomiyaseitaiin.com/blog/gojukata-yattehaikenai/,2027-02-03,"愛知県一宮市（苅安賀駅）で五十肩の「やってはいけないこと」が気になる方へ。良かれと思ってした動きで痛みが強くなった、というご相談は少なくありません。

こんなお悩みはありませんか？
・痛みを我慢して無理に腕を上げ続けている
・痛む肩を強くもんだり、引っ張ったりしている
・痛いのが怖くて肩をまったく動かさなくなった

五十肩は急性期・拘縮期・回復期と進み、経過には個人差があると考えられています。痛みが強い時期に無理をすると負担になることがあり、逆に動かさない状態が続くと動かしにくさが残りやすいとも言われます。

診断・検査・注射・投薬・手術の判断は医師（整形外科等）の役割です。一宮整骨院〜Seri〜では、柔道整復師がKIRIN整体の視点で、関節・筋膜の動きや背骨・骨盤・足裏とのつながりを確認し、補完的にサポートします。

自宅では「痛みが強く出る動きは避け、痛みの出ない範囲で日常の動きを保つ」ことを意識してみてください。

※夜間痛が強い、痛みが長引く、発熱や胸の痛み・息苦しさを伴う場合は医療機関へ。胸の痛みや息苦しさが強い時は救急要請を。

愛知県一宮市（名鉄尾西線・苅安賀駅）で五十肩の過ごし方にお困りの方は、一宮整骨院〜Seri〜へご相談ください。五十肩でやってはいけないことは下記の記事でも詳しく解説しています。"
zutsu-kincho-hakike-A,301,緊張型頭痛・首こり,A,緊張型頭痛と吐き気・めまいの関係｜一宮市で考える受診の目安,https://ichinomiyaseitaiin.com/blog/zutsu-kincho-hakike/,2026-11-06,"愛知県一宮市（苅安賀駅）で頭痛に伴う吐き気やめまいにお悩みの方へ。頭が重いだけでなく気持ち悪さやふらつきまであると、不安になりますよね。

こんなお悩みはありませんか？
・頭痛の日は吐き気や気持ち悪さがある
・首や肩が張り、立ち上がるとふわっとする
・頭痛と一緒にめまいのような感覚が続く

緊張型頭痛は首や肩まわりの筋緊張が関わると考えられていますが、吐き気が強い場合は片頭痛など別の原因も考えられます。めまいも、首こりに伴うふらつきのほか耳や脳の病気が隠れていることがあるため、自己判断は避けたいところです。

当院では診断や治療は医療機関の役割と考え、KIRIN整体で関節・筋膜の動きや姿勢、呼吸、巡りを整える補完的なサポートを行います。

自宅では、同じ姿勢を続けず、こまめに肩の力を抜いて息をゆっくり吐く習慣を意識してみてください。

※突然の激しい頭痛、手足のまひやしびれ、ろれつが回らない、物が二重に見える、発熱と首の硬直、意識の異常がある場合は、すぐ救急要請または医療機関を受診してください。

愛知県一宮市（名鉄尾西線・苅安賀駅）で頭痛に伴う吐き気・めまいが気になる方は、一宮整骨院〜Seri〜へご相談ください。緊張型頭痛と吐き気・めまいの関係は下記の記事でも詳しく解説しています。"
kenshoen-hiyasu-A,241,腱鞘炎・ばね指,A,腱鞘炎は冷やす？温める？状態別の考え方｜愛知県一宮市,https://ichinomiyaseitaiin.com/blog/kenshoen-hiyasu/,2026-10-06,"愛知県一宮市（苅安賀駅）で腱鞘炎を冷やすか温めるかにお悩みの方へ。どちらが合っているのか、迷いますよね。

こんなお悩みはありませんか？
・痛む手首が熱っぽいが、温めてよいのか分からない
・お風呂で温めると楽な気がするが、大丈夫か不安
・冷やすとかえってこわばる

一般に、ズキズキする痛みや熱感、腫れが強い時は冷やす、こわばりが中心で炎症が落ち着いている時は温める、と考えられることが多いようです。ただし、状態には個人差があります。

一宮整骨院〜Seri〜では、診断や治療は医療機関の役割としたうえで、柔道整復師によるKIRIN整体で、手首や指の関節・筋膜の動き、姿勢のつながりを確認し、手への負担を減らす補完的なサポートを行います。

ご自宅では、冷やす場合は短時間にとどめ、やり過ぎないことを意識してください。

※強い腫れや熱感、安静にしても続く痛み、指が引っかかって動かない場合は、整形外科を受診してください。

愛知県一宮市（名鉄尾西線・苅安賀駅）で腱鞘炎の冷やす・温めるでお悩みの方は、一宮整骨院〜Seri〜へご相談ください。状態別の考え方は下記の記事でも詳しく解説しています。"
jiritsu-shokuji-A,421,自律神経,A,自律神経と食事の基本｜生活リズムと腸から見直す一宮の整骨院,https://ichinomiyaseitaiin.com/blog/jiritsu-shokuji/,2027-01-05,"愛知県一宮市（苅安賀駅）で、食事と自律神経の関係が気になっている方へ。食事の時間がバラバラになりがちで、体調の波も気になるという声は少なくありません。

こんなお悩みはありませんか？
・朝食を抜くことが多く、日中にだるさを感じる
・食事の時間が不規則で、お腹の調子が安定しない
・夜遅い食事が続き、寝つきが気になる

食事の時間や内容は、生活リズムや腸の調子と関わり、体のコンディションにも影響すると考えられます。ただし体調不良の背景はさまざまなので、気になる症状が続く場合は医療機関での相談が大切です。

自律神経の不調は柔道整復の業務範囲外のため、診断や治療は医師の役割です。当院（KIRIN整体）では、姿勢・呼吸・巡りを整えるコンディショニングと、生活面のご相談にとどめています。

自宅では、起床後1時間以内に水分と軽い食事をとるなど、時間をそろえることから試してみてください。

※動悸・息苦しさ・強いめまい・胸の痛みがある場合や、体重が急に減る場合は、早めに医療機関を受診してください。

愛知県一宮市（名鉄尾西線・苅安賀駅）で食事と生活リズムの整え方にお悩みの方は、一宮整骨院〜Seri〜へご相談ください。食事と自律神経については下記の記事でも詳しく解説しています。"
gyaku-desk-A,361,逆流性食道炎×姿勢,A,逆流性食道炎とデスクワーク｜一宮市・苅安賀駅で座り姿勢を見直す,https://ichinomiyaseitaiin.com/blog/gyaku-desk/,2026-12-06,"愛知県一宮市（苅安賀駅）でデスクワーク中の胸やけや胃のもたれにお悩みの方へ。長時間座ると気になる症状は、仕事に集中しづらく、つらいものです。

こんなお悩みはありませんか？
・座り続けていると胸のあたりがムカムカする
・気づくと前かがみで、お腹が圧迫されている
・夕方になると、のどの違和感や酸っぱさを感じる

座り姿勢が崩れて背中が丸くなると、お腹まわりが押されて腹圧が高まりやすいと考えられます。症状の原因が姿勢だけとは限らないため、続く場合は医療機関での受診・検査が大切です。

逆流性食道炎は柔道整復の業務範囲外で、診断・検査・薬・治療は医師（消化器内科等）の役割です。当院が行うのは、姿勢・呼吸・腹圧に関わるコンディショニングと生活のご相談のみです。当院ではKIRIN整体の視点で、関節や筋膜の動き、骨盤から背骨への姿勢のつながり、呼吸のしやすさを確認します。

ご自宅や職場では、1時間に1回立ち上がり、座り直すときに骨盤を立てて胸を軽く開く意識をお試しください。

※体重減少、飲み込みにくさ、吐血や黒い便、続く胸の痛みがあるときは、すぐに医療機関（消化器内科等）を受診してください。強い胸痛や息苦しさは救急要請も検討を。

愛知県一宮市（名鉄尾西線・苅安賀駅）でデスクワークの座り姿勢が気になる方は、一宮整骨院〜Seri〜へご相談ください。詳しくは下記の記事でも解説しています。"
hiza-naoshikata-A,125,膝痛,A,膝痛の治し方を知りたい方へ｜一宮市・苅安賀駅の整骨院,https://ichinomiyaseitaiin.com/blog/hiza-naoshikata/,,"愛知県一宮市（苅安賀駅）で膝痛の対処法を探している方へ。早く楽になりたいと焦る気持ち、よくわかります。

こんなお悩みはありませんか？
・膝の痛みが何週間も続いている
・湿布やサポーターだけで様子を見ている
・何から始めればよいかわからない

膝痛の対応は原因によって異なると考えられます。変形性膝関節症、半月板や靭帯の損傷などは、整形外科での診察や画像検査による診断が出発点です。自己流の対処だけで長引かせないことも大切です。

診断や治療は医療機関の役割です。当院はその前提で、KIRIN整体により関節・筋膜の動きや足裏〜骨盤〜背骨のつながりを診て、膝にかかる負担を整える補完的なサポートを行います。

ご自宅では、痛みを我慢して動き続けず、負担の少ない動き方を心がけましょう。

※膝に水がたまる、強い腫れや熱感がある、急な激痛や不安定感がある場合は、早めに整形外科を受診してください。

愛知県一宮市（名鉄尾西線・苅安賀駅）で膝痛の対処にお悩みの方は、一宮整骨院〜Seri〜へご相談ください。進め方は下記の記事でも詳しく解説しています。"
tennishiji-kikan-A,195,テニス肘・ゴルフ肘,A,テニス肘の安静期間と回復までの目安｜一宮市で解説,https://ichinomiyaseitaiin.com/blog/tennishiji-kikan/,,"愛知県一宮市（苅安賀駅）でテニス肘の安静期間にお悩みの方へ。いつまで安静にすればよいのか、いつ頃運動や仕事に戻れるのか、気になりますよね。

こんなお悩みはありませんか？
・どのくらい安静にすればよいか分からない
・運動や仕事をいつ再開してよいか迷う
・痛みが引いたあと、また痛くなるのが不安

回復までの期間は、痛みの強さや使い方、生活環境によって個人差が大きく、一概には言えません。再開の時期は、痛みの経過を見ながら医師の判断を仰ぐことが大切です。

一宮整骨院〜Seri〜では、診断や治療は医療機関の役割と考え、柔道整復師によるKIRIN整体で、関節や筋膜の動き、姿勢や巡りを整える補完的なサポートを行っています。

自宅では、痛みが軽くなっても急に元の負荷に戻さず、少しずつ様子を見ながら動かしてください。

※強い痛み、しびれ、腫れ・熱感、肘が動かしにくいなどの症状がある場合は、早めに整形外科を受診してください。

愛知県一宮市（名鉄尾西線・苅安賀駅）でテニス肘の安静期間が気になるという方は、一宮整骨院〜Seri〜へご相談ください。テニス肘の安静期間と回復の目安は下記の記事でも詳しく解説しています。"
yakyuhiji-massage-A,15,野球肘,A,野球肘のマッサージは注意が必要？親が揉む前に知りたいこと｜一宮市,https://ichinomiyaseitaiin.com/blog/yakyuhiji-massage/,,"愛知県一宮市（苅安賀駅）で、野球肘のマッサージについてお悩みの方へ。痛がる我が子の肘を、つい揉んであげたくなる保護者の方も多いと思います。

こんなお悩みはありませんか？
・肘の周りを揉むと楽になる気がするが、続けてよいか不安
・強く押したほうが効くのではないかと考えてしまう
・マッサージをしても痛みが引かない

野球肘の痛みの背景には、骨・軟骨・靭帯への負担があると考えられます。痛みのある部分を強く揉むと、かえって刺激になる可能性もあります。また、筋肉を緩めても骨や軟骨の問題は確認できないため、まず整形外科で状態を確認することが大切です。診断は医師の役割です。

一宮整骨院〜Seri〜では、KIRIN整体の視点で関節や筋膜の動き、足裏から骨盤・背骨のつながりを確認し、肘に負担がかかりにくい体づくりを補完的にサポートします。

ご家庭では、痛む部分を強く押さず、入浴後に手のひらで優しくさする程度にとどめてください。

※強い痛み、腫れ、肘が伸びない・曲がらない、しびれがある場合は、早めに整形外科を受診してください。

愛知県一宮市（名鉄尾西線・苅安賀駅）で野球肘のマッサージにお悩みの方は、一宮整骨院〜Seri〜へご相談ください。注意点は下記の記事でも詳しく解説しています。"
yakyukata-itami-basho-A,53,野球肩,A,野球肩で痛む場所は？前・後ろ・奥の特徴｜一宮市・苅安賀駅,https://ichinomiyaseitaiin.com/blog/yakyukata-itami-basho/,,"愛知県一宮市（苅安賀駅）で野球肩の痛む場所にお悩みの方へ。肩の前、後ろ、奥のどこが痛むのかで、特徴が違うと聞き、自分はどれなのか気になる方もいらっしゃると思います。

こんなお悩みはありませんか？
・肩の前側が、腕を振り上げると痛む
・肩の後ろ側が、フォロースルーで痛む
・肩の奥が、投げるとうずく

痛む場所は、負担がかかっている部位のヒントになると考えられますが、場所だけで原因は決められません。診断や画像検査は整形外科など医師の役割ですので、気になる症状が続くときは受診をおすすめします。

当院（一宮整骨院〜Seri〜）では、医療機関での診断・治療と並行して、KIRIN整体で関節や筋膜の動き、姿勢や全身の巡りを整える補完的なサポートを行っています。

ご自宅では、痛む場所と動作を記録しておくと、相談するときに役立ちます。

※強い痛み、夜間に痛みで目が覚める、肩が上がらない・動かせないなどの場合は、早めに整形外科を受診してください。

愛知県一宮市（名鉄尾西線・苅安賀駅）で野球肩の方は、一宮整骨院〜Seri〜へご相談ください。痛む場所ごとの特徴は下記の記事でも詳しく解説しています。"
gojukata-stretch-A,483,五十肩,A,五十肩のストレッチで迷ったら｜一宮市・苅安賀駅の整骨院,https://ichinomiyaseitaiin.com/blog/gojukata-stretch/,2027-02-04,"愛知県一宮市（苅安賀駅）で五十肩のストレッチにお悩みの方へ。「動かした方がいいと聞くけれど、どこまでやっていいのか分からない」という声をよく伺います。

こんなお悩みはありませんか？
・ストレッチをすると、かえって痛みが強くなる気がする
・髪を結ぶ、服を着る、背中に手を回す動作がつらい
・どの時期にどんな動きをしてよいか分からない

五十肩には急性期・拘縮期・回復期があり、時期によって適した動かし方が異なると考えられています。痛みの強い時期に強く伸ばすと負担になることがある一方、落ち着いてきた時期には、無理のない範囲で動かすことが大切とされています。

診断・検査・注射・投薬・手術の判断は医師（整形外科等）の役割です。一宮整骨院〜Seri〜では、KIRIN整体の視点で関節・筋膜の動きや姿勢を確認し、補完的にサポートします。

自宅では「痛みが出る手前で止める」「呼吸を止めない」を意識してみてください。

※夜間痛が強い、痛みが長引く、発熱や胸の痛みを伴う場合は医療機関へ。胸の痛みや息苦しさが強い時は救急要請を。

愛知県一宮市（名鉄尾西線・苅安賀駅）で五十肩のストレッチにお悩みの方は、一宮整骨院〜Seri〜へご相談ください。五十肩のストレッチは下記の記事でも詳しく解説しています。"
zutsu-nanika-A,303,緊張型頭痛・首こり,A,頭痛は何科を受診する？一宮市で迷ったときの受診の目安,https://ichinomiyaseitaiin.com/blog/zutsu-nanika/,2026-11-07,"愛知県一宮市（苅安賀駅）で頭痛の受診先に迷っている方へ。何科に行けばよいのか分からず、我慢してしまう方も多いのではないでしょうか。

こんなお悩みはありませんか？
・頭痛が続くが、病院に行くほどか分からない
・何科を受診すべきか迷っている
・首や肩のこりも一緒にあって気になる

頭痛には、首こりなどが関わる緊張型のほか、片頭痛や、病気が原因の二次性のものもあると考えられています。一般に、脳神経内科、脳神経外科、内科、頭痛外来などが相談先になりますが、まずは医師に診断を受けることが大切です。

当院は診断・検査・投薬を行う場ではなく、医療機関で問題がないと言われた後の首・肩まわりの動きや姿勢を、KIRIN整体で整える補完的なサポートを担います。

自宅では、頭痛が起きた日時や状況、市販薬の使用の有無を記録し、受診時に伝えると役立ちます。

※突然の激しい頭痛、手足のまひやしびれ、ろれつが回らない、物が二重に見える、発熱と首の硬直、意識の異常がある場合は、すぐ救急要請または医療機関を受診してください。

愛知県一宮市（名鉄尾西線・苅安賀駅）で頭痛の受診先や首こりのことでお悩みの方は、一宮整骨院〜Seri〜へご相談ください。頭痛の受診の目安は下記の記事でも詳しく解説しています。"
kenshoen-stretch-A,243,腱鞘炎・ばね指,A,腱鞘炎のストレッチは必要？手首・親指で気をつけたい点,https://ichinomiyaseitaiin.com/blog/kenshoen-stretch/,2026-10-07,"愛知県一宮市（苅安賀駅）で腱鞘炎のストレッチにお悩みの方へ。動かした方がよいのか、休めた方がよいのか迷いますよね。

こんなお悩みはありませんか？
・ストレッチをすると痛みが強くなる
・やり方が合っているのか分からない
・どの程度まで伸ばしてよいのか不安

炎症が強い時期に無理に伸ばすと、症状が強まることもあると考えられます。痛みの強い時は安静を優先し、落ち着いてきたら痛みのない範囲で行うのが基本です。

一宮整骨院〜Seri〜では、診断や治療は医療機関の役割としたうえで、柔道整復師によるKIRIN整体で、手首や指の関節・筋膜の動き、姿勢のつながりを確認し、手への負担を減らす補完的なサポートを行います。

ご自宅では、反動をつけず、ゆっくり、気持ちよい範囲で止めることを意識してください。

※ストレッチで痛みが強まる、指が引っかかって動かない、強い腫れや熱感がある場合は、中止して整形外科を受診してください。

愛知県一宮市（名鉄尾西線・苅安賀駅）で腱鞘炎のストレッチでお悩みの方は、一宮整骨院〜Seri〜へご相談ください。ストレッチの注意点は下記の記事でも詳しく解説しています。"
jiritsu-katakori-A,423,自律神経,A,自律神経の乱れと肩こり・首こり｜一宮市・苅安賀駅で姿勢と呼吸から考える,https://ichinomiyaseitaiin.com/blog/jiritsu-katakori/,2027-01-06,"愛知県一宮市（苅安賀駅）で、肩こり・首こりと自律神経の乱れが気になる方へ。マッサージをしても重だるさが戻ってしまうと、不安になりますよね。

こんなお悩みはありませんか？
・肩や首のこりが抜けず、夕方になると重くなる
・緊張や疲れが続くと、こりが強くなる気がする
・寝ても体が休まった感じがしにくい

こりの背景には、同じ姿勢の継続や呼吸の浅さ、緊張の持続などが重なっていると考えられます。ただし原因は一つとは限らず、しびれや強い痛みを伴う場合は、整形外科などでの検査が大切です。

自律神経の不調は柔道整復の業務範囲外で、診断・治療は医師の役割です。当院（KIRIN整体）では、関節や筋膜の動き、姿勢・呼吸・巡りを整えるコンディショニングと、生活のご相談のみ行います。

自宅では、1時間に一度、肩をすくめてストンと落とし、ゆっくり息を吐く動作を試してみてください。

※腕や手のしびれ、力の入りにくさ、動悸・息苦しさ、胸の痛みがある場合は、早めに医療機関を受診してください。胸の痛みが強いときは救急要請を。

愛知県一宮市（名鉄尾西線・苅安賀駅）で肩こり・首こりと自律神経が気になる方は、一宮整骨院〜Seri〜へご相談ください。肩こり・首こりと自律神経については下記の記事でも詳しく解説しています。"
gyaku-enpai-A,363,逆流性食道炎×姿勢,A,加齢と円背（背中が丸い姿勢）｜一宮市で逆流性食道炎と姿勢を考える,https://ichinomiyaseitaiin.com/blog/gyaku-enpai/,2026-12-07,"愛知県一宮市（苅安賀駅）で、年齢とともに背中が丸くなり、胸やけが気になる方へ。ご自身の姿勢の変化に不安を感じている方も多いものです。

こんなお悩みはありませんか？
・背中が丸くなり、まっすぐ立ちにくくなった
・胃のあたりが詰まるような感じが続く
・食後に胸やけやのどの違和感が出やすい

加齢で背中が丸くなる円背では、胸からお腹にかけてのスペースが狭まり、腹圧が高まりやすいと考えられます。ただし症状の原因は人それぞれのため、医療機関での診断が欠かせません。

逆流性食道炎は柔道整復の業務範囲外で、診断・検査・薬・治療は医師（消化器内科等）の役割です。当院が行うのは、姿勢・呼吸・腹圧に関わるコンディショニングと生活のご相談のみです。KIRIN整体の視点で、背骨や肋骨まわりの動き、足裏から骨盤への姿勢のつながり、呼吸の深さを確認します。

ご自宅では、壁に背中をつけて立ち、胸をゆっくり開いて深呼吸する習慣がおすすめです。無理のない範囲で行ってください。

※体重減少、飲み込みにくさ、吐血や黒い便、続く胸の痛みがあるときは、すぐに医療機関（消化器内科等）を受診してください。強い胸痛や息苦しさは救急要請も検討を。

愛知県一宮市（名鉄尾西線・苅安賀駅）で円背や姿勢が気になる方は、一宮整骨院〜Seri〜へご相談ください。加齢と円背との関わりは下記の記事でも詳しく解説しています。"
kokansetsu-nanika-A,89,股関節痛,A,股関節痛は何科？整形外科と接骨院の違いと選び方,https://ichinomiyaseitaiin.com/blog/kokansetsu-nanika/,,"愛知県一宮市（苅安賀駅）で、股関節が痛いけれど何科に行けばよいか迷っている方へ。病院と整骨院の違いが分からず、受診を先延ばしにしていませんか。

こんなお悩みはありませんか？
・股関節が痛いが、まず何科か分からない
・整形外科と整骨院のどちらに行くべきか迷う
・レントゲンを撮るべきか気になる

股関節痛で最初に相談する先は、画像検査や診断ができる整形外科が基本と考えられます。関節の変形や骨の状態は、医師の診察とレントゲンなどで確認します。

一宮整骨院〜Seri〜は診断・投薬・注射・手術を行う施設ではありません。柔道整復師がKIRIN整体として、関節や筋膜の動き、姿勢や巡りを整える補完的なサポートを行う立場です。必要に応じて医療機関の受診をおすすめします。

ご自宅では、いつから、どんな動作で痛むかをメモして受診に備えてみてください。

※強い痛み、しびれ、歩行が困難、急な腫れや熱感があるときは、早めに整形外科を受診してください。

愛知県一宮市（名鉄尾西線・苅安賀駅）で股関節痛の相談先を迷う方は、一宮整骨院〜Seri〜へご相談ください。違いは下記の記事でも詳しく解説しています。"
od-kusuri-tayoranai-A,161,起立性調節障害,A,起立性調節障害と薬の考え方｜一宮市・医師と相談したい保護者へ,https://ichinomiyaseitaiin.com/blog/od-kusuri-tayoranai/,,"愛知県一宮市（苅安賀駅）で、お子さんの薬について悩む保護者の方へ。「薬に頼らず過ごしたい」という思いと、「本当に必要なのか」という不安の間で揺れる方もいらっしゃいます。

こんなお悩みはありませんか？
・薬を使うことに抵抗があり、迷っている
・処方された薬の効果や続け方が分からない
・生活面でできることも知りたい

起立性調節障害では、薬を使うかどうかや種類は、お子さんの状態に合わせて医師が判断します。自己判断での中止や変更は避け、気になる点は主治医や薬剤師にご相談ください。診断・検査・投薬は医師の領域です。

一宮整骨院〜Seri〜は薬の判断をする場ではなく、医療機関の受診や治療と並行して、KIRIN整体で姿勢・呼吸・巡りのコンディショニングと生活のご相談をお受けする補完的な立場です。

ご家庭では、睡眠・食事・水分など、無理のない生活リズムを見直すことから始めてみてください。

※失神、強い頭痛、胸の痛み、朝起きられない状態が続く場合は、早めに医療機関を受診してください。

愛知県一宮市（名鉄尾西線・苅安賀駅）で起立性調節障害の生活面にお悩みの方は、一宮整骨院〜Seri〜へご相談ください。薬との向き合い方は下記の記事でも詳しく解説しています。"
gojukata-taisou-A,485,五十肩,A,五十肩の体操（振り子運動など）｜一宮市・苅安賀駅で相談,https://ichinomiyaseitaiin.com/blog/gojukata-taisou/,2027-02-05,"愛知県一宮市（苅安賀駅）で五十肩の体操を探している方へ。「振り子運動が良いと聞いたけれど、自分のやり方で合っているのか不安」という方は多いです。

こんなお悩みはありませんか？
・体操をしたいが、痛みが出ないか心配
・腕をぶら下げて揺らす方法を、どの程度やればいいか分からない
・体操をしても変化を感じにくく、続けるか迷っている

振り子運動は、腕の重みを利用して肩まわりの緊張を強めずに動かす方法として知られています。ただし、時期や痛みの程度によって合う量は異なると考えられます。

診断・検査・注射・投薬・手術の判断は医師（整形外科等）の役割です。一宮整骨院〜Seri〜では、KIRIN整体の視点で関節・筋膜の動きや姿勢を確認し、体操の負担がかかりにくい体の使い方を補完的にサポートします。

自宅では、反対の手を台に置いて体を支え、痛みの出ない小さな揺れから試してみてください。

※夜間痛が強い、痛みが長引く、発熱や胸の痛みを伴う場合は医療機関へ。胸の痛みや息苦しさが強い時は救急要請を。

愛知県一宮市（名鉄尾西線・苅安賀駅）で五十肩の体操にお悩みの方は、一宮整骨院〜Seri〜へご相談ください。五十肩の体操は下記の記事でも詳しく解説しています。"
zutsu-kincho-seitai-A,305,緊張型頭痛・首こり,A,緊張型頭痛・首こりに整骨院でできること｜一宮市の整体,https://ichinomiyaseitaiin.com/blog/zutsu-kincho-seitai/,2026-11-08,"愛知県一宮市（苅安賀駅）で緊張型頭痛や首こりにお悩みの方へ。デスクワークやスマホが続く毎日で、頭の重さがとれないこともありますよね。

こんなお悩みはありませんか？
・夕方になると頭が締めつけられるように重い
・首や肩がいつもカチカチに張っている
・整骨院で何をしてもらえるのか分からない

緊張型頭痛は、首や肩まわりの筋肉の緊張、姿勢の負担、ストレスなどが関わると考えられています。頭痛の種類の診断は医師の役割です。

一宮整骨院〜Seri〜では、柔道整復師がKIRIN整体として、関節と筋膜の動きや、足裏から骨盤・背骨へのつながり、呼吸の状態を丁寧に確認し、首や肩の負担を整える補完的なサポートを行います。診断や投薬は医療機関の役割です。

自宅では、パソコン作業の合間に肩甲骨を軽く動かし、ゆっくり息を吐くことを意識してみてください。

※突然の激しい頭痛、手足のまひやしびれ、ろれつが回らない、物が二重に見える、発熱と首の硬直、意識の異常がある場合は、すぐ救急要請または医療機関を受診してください。

愛知県一宮市（名鉄尾西線・苅安賀駅）で緊張型頭痛・首こりの方は、一宮整骨院〜Seri〜へご相談ください。整骨院でできることは下記の記事でも詳しく解説しています。"
kenshoen-massage-A,245,腱鞘炎・ばね指,A,腱鞘炎のマッサージ・ツボ｜セルフケアの考え方と注意点,https://ichinomiyaseitaiin.com/blog/kenshoen-massage/,2026-10-08,"愛知県一宮市（苅安賀駅）で腱鞘炎のマッサージやツボにお悩みの方へ。痛い場所を押したくなりますが、それでよいのか迷いますよね。

こんなお悩みはありませんか？
・痛い部分を強く揉んでしまう
・ツボ押しで悪化しないか心配
・自分で触ってよい範囲が分からない

炎症が起きている部分を強く押したり揉んだりすると、刺激になって症状が強まることもあると考えられます。ツボの刺激は、やさしく行う範囲にとどめるのが安心です。

一宮整骨院〜Seri〜では、診断や治療は医療機関の役割としたうえで、柔道整復師によるKIRIN整体で、手首や指の関節・筋膜の動き、姿勢のつながりを確認し、手への負担を減らす補完的なサポートを行います。

ご自宅では、痛む場所そのものではなく、前腕の筋肉をやさしくさする程度にとどめてみてください。

※強い腫れや熱感、しびれ、指が引っかかって動かない場合は、マッサージを控えて整形外科を受診してください。

愛知県一宮市（名鉄尾西線・苅安賀駅）で腱鞘炎のマッサージでお悩みの方は、一宮整骨院〜Seri〜へご相談ください。セルフケアの考え方は下記の記事でも詳しく解説しています。"
hiza-running-tennis-A,127,膝痛,A,ランニング・テニスで膝が痛い原因｜一宮市・苅安賀駅の整骨院,https://ichinomiyaseitaiin.com/blog/hiza-running-tennis/,,"愛知県一宮市（苅安賀駅）でランニングやテニス中の膝の痛みにお悩みの方へ。好きなスポーツを続けたい気持ちと不安で、揺れますよね。

こんなお悩みはありませんか？
・走り始めや走った後に膝の外側・前が痛む
・テニスの切り返しで膝に違和感がある
・練習量を減らしても痛みが残る

ランニングや切り返しを繰り返す動きでは、膝に負荷が重なり、腱や関節まわりに炎症が起こることがあると考えられます。股関節や足首の動き、靴や路面の影響も関わります。半月板や靭帯の損傷は整形外科での診断が必要です。

当院は診断を行わず、医療機関での確認を前提に、KIRIN整体で関節・筋膜の動きや足裏〜骨盤〜背骨のつながりを診て、膝への負担を整える補完的なサポートを行います。

ご自宅では、痛む間は練習量を減らし、運動の前後に足を軽く動かしましょう。

※膝に水がたまる、強い腫れや熱感がある、急な激痛や不安定感がある場合は、早めに整形外科を受診してください。

愛知県一宮市（名鉄尾西線・苅安賀駅）でスポーツ時の膝の痛みにお悩みの方は、一宮整骨院〜Seri〜へご相談ください。原因と対処は下記の記事でも詳しく解説しています。"
jiritsu-zutsu-A,425,自律神経,A,自律神経の乱れと頭痛｜緊張型・片頭痛との関わりを一宮市で解説,https://ichinomiyaseitaiin.com/blog/jiritsu-zutsu/,2027-01-07,"愛知県一宮市（苅安賀駅）で、頭痛と自律神経の乱れが気になる方へ。頭痛が続くと仕事や家事にも集中しにくく、つらいものです。

こんなお悩みはありませんか？
・肩や首が張ると頭が重く痛くなる
・疲れやストレスがたまると頭痛が出やすい
・天気や生活リズムの乱れで頭痛を感じることがある

頭痛には、首肩の緊張が関わる緊張型頭痛や、片頭痛など、いくつかの種類があります。生活リズムや緊張、姿勢が関わることもあると考えられますが、種類の判断は医師の役割です。

自律神経の不調は柔道整復の業務範囲外で、診断・治療・薬の判断は医師が行います。当院（KIRIN整体）では、首肩まわりの動きや姿勢・呼吸・巡りを整えるコンディショニングと、生活のご相談にとどめています。

自宅では、長時間同じ姿勢が続いたら立ち上がり、首を無理なく動かして深く息を吐いてみてください。

※突然の激しい頭痛、手足の麻痺やしびれ、ろれつが回らない、物が二重に見える、発熱と首の硬直、意識がおかしいなどの場合は、すぐに救急要請か受診を。

愛知県一宮市（名鉄尾西線・苅安賀駅）で頭痛と自律神経のことでお悩みの方は、一宮整骨院〜Seri〜へご相談ください。頭痛と自律神経については下記の記事でも詳しく解説しています。"
gyaku-fukuatsu-A,365,逆流性食道炎×姿勢,A,逆流性食道炎とお腹まわりの圧｜一宮市・苅安賀駅で腹圧を考える,https://ichinomiyaseitaiin.com/blog/gyaku-fukuatsu/,2026-12-08,"愛知県一宮市（苅安賀駅）で、お腹まわりの張りや圧迫感と胸やけにお悩みの方へ。食後の苦しさが続くと、気持ちも落ち着きません。

こんなお悩みはありませんか？
・食後にお腹が張って胸がつかえる感じがする
・前かがみや、しゃがむ動作で不快感が強まる
・ベルトや服の締め付けが気になる

お腹の中の圧（腹圧）が高まると、胃が押されて胸やけを感じやすくなる場合があると考えられます。姿勢の崩れや浅い呼吸も関わる可能性がありますが、原因の見極めは医師の診断が必要です。

逆流性食道炎は柔道整復の業務範囲外で、診断・検査・薬・治療は医師（消化器内科等）の役割です。当院が行うのは、姿勢・呼吸・腹圧に関わるコンディショニングと生活のご相談のみです。KIRIN整体の視点で、骨盤や背骨の動き、横隔膜を含めた呼吸の使い方を確認します。

ご自宅では、食事を腹八分目にとどめ、食後は上体を起こして過ごす工夫をお試しください。

※体重減少、飲み込みにくさ、吐血や黒い便、続く胸の痛みがあるときは、すぐに医療機関（消化器内科等）を受診してください。強い胸痛や息苦しさは救急要請も検討を。

愛知県一宮市（名鉄尾西線・苅安賀駅）でお腹まわりの圧や姿勢が気になる方は、一宮整骨院〜Seri〜へご相談ください。腹圧との関わりは下記の記事でも詳しく解説しています。"
tennishiji-kintore-A,197,テニス肘・ゴルフ肘,A,テニス肘の筋トレと再発予防の考え方（一宮市・苅安賀駅）,https://ichinomiyaseitaiin.com/blog/tennishiji-kintore/,,"愛知県一宮市（苅安賀駅）でテニス肘の筋トレや再発予防にお悩みの方へ。痛みが落ち着いたあと、また痛くなるのが不安で、筋トレをすべきか迷う方もいらっしゃいます。

こんなお悩みはありませんか？
・筋トレをしていいのか、いつ始めるか分からない
・痛みが引いたあと、再発が心配
・どんな運動が合っているのか知りたい

痛みが強い時期に負荷をかけると、かえって負担が増えることがあると考えられます。再発予防には、前腕だけでなく肩や体幹を含めた全身の使い方の見直しも大切です。運動開始の時期は、医師や専門家に相談してください。

一宮整骨院〜Seri〜では、診断や治療は医療機関の役割と考え、柔道整復師によるKIRIN整体で、関節や筋膜の動き、姿勢や巡りを整える補完的なサポートを行っています。

自宅では、痛みが出ない軽い動きから始め、無理のない範囲にとどめてください。

※強い痛み、しびれ、腫れ・熱感、肘が動かしにくいなどの症状がある場合は、早めに整形外科を受診してください。

愛知県一宮市（名鉄尾西線・苅安賀駅）でテニス肘の再発予防を考えているという方は、一宮整骨院〜Seri〜へご相談ください。テニス肘の筋トレと再発予防の考え方は下記の記事でも詳しく解説しています。"
yakyuhiji-naoshikata-A,17,野球肘,A,野球肘の対処の考え方｜原因から見直す｜一宮市・苅安賀駅の整骨院,https://ichinomiyaseitaiin.com/blog/yakyuhiji-naoshikata/,,"愛知県一宮市（苅安賀駅）で、野球肘の対処法にお悩みの方へ。何から始めればよいのか、わからない方も多いと思います。

こんなお悩みはありませんか？
・投げるたびに肘が痛む状態が続いている
・休んでも投球を再開するとまた痛くなる
・何をすればよいか情報が多すぎて迷っている

野球肘は、肘そのものだけでなく、肩甲骨や体幹、股関節、足首などの動きが影響して、肘に負担が集中している場合もあると考えられます。まずは整形外科で画像検査を受け、骨や軟骨の状態を確認することが大切です。診断や治療は医師の役割です。

一宮整骨院〜Seri〜では、医療機関での診断を前提に、KIRIN整体の視点で関節や筋膜の動き、足裏から骨盤・背骨のつながりを確認し、投球動作への負担を見直す補完的なサポートを行います。

ご家庭では、痛みの出る間は無理に投げず、休養と睡眠を優先してあげてください。

※強い痛み、肘が伸びない・曲がらない、しびれがある場合は、早めに整形外科を受診してください。

愛知県一宮市（名鉄尾西線・苅安賀駅）で野球肘の対処にお悩みの方は、一宮整骨院〜Seri〜へご相談ください。対処の考え方は下記の記事でも詳しく解説しています。"
yakyukata-kintore-A,55,野球肩,A,野球肩の筋トレ｜一宮市で痛みがあるときの考え方と受診の目安,https://ichinomiyaseitaiin.com/blog/yakyukata-kintore/,,"愛知県一宮市（苅安賀駅）で野球肩の筋トレにお悩みの方へ。肩を強くしたいけれど、痛みがあるときにトレーニングをしてよいのか迷う方は多いと思います。

こんなお悩みはありませんか？
・筋トレをすると肩の痛みが出る
・どの筋肉を鍛えればよいかわからない
・フォームが崩れている気がする

筋トレは肩まわりを支える力をつけるうえで大切ですが、痛みがあるときに負荷をかけると、かえって負担が増えることもあると考えられます。トレーニングを始めてよい時期は、医師に確認することが大切です。診断や画像検査は整形外科など医師の役割ですので、気になる症状が続くときは受診をおすすめします。

当院（一宮整骨院〜Seri〜）では、医療機関での診断・治療と並行して、KIRIN整体で関節や筋膜の動き、姿勢や全身の巡りを整える補完的なサポートを行っています。

ご自宅では、軽い負荷で、正しいフォームを保てる範囲にとどめましょう。

※強い痛み、夜間に痛みで目が覚める、肩が上がらない・動かせないなどの場合は、早めに整形外科を受診してください。

愛知県一宮市（名鉄尾西線・苅安賀駅）で野球肩の方は、一宮整骨院〜Seri〜へご相談ください。筋トレの考え方は下記の記事でも詳しく解説しています。"
kokansetsu-ninshin-sango-A,91,股関節痛,A,妊娠中・産後の股関節痛｜一宮市・苅安賀駅の整骨院,https://ichinomiyaseitaiin.com/blog/kokansetsu-ninshin-sango/,,"愛知県一宮市（苅安賀駅）で、妊娠中や産後の股関節痛にお悩みの方へ。お腹の赤ちゃんや育児のことを考えると、自分の痛みは後回しになりがちですよね。

こんなお悩みはありませんか？
・寝返りや立ち上がりで脚の付け根が痛む
・歩くと骨盤まわりがグラつく感じがする
・抱っこや授乳の姿勢で股関節がつらい

妊娠中から産後は、ホルモンの変化や体重、姿勢の変化により、股関節や骨盤に負担がかかりやすいと考えられます。痛みの原因を調べて判断するのは、産婦人科や整形外科などの医師の役割です。

当院では診断や治療は行わず、妊娠中・産後の体に配慮しながら、KIRIN整体として関節や筋膜の動き、姿勢や巡りを確認する補完的なサポートを行っています。妊娠中の場合は、かかりつけの医師にご相談のうえでお越しください。

ご自宅では、横向きで脚の間にクッションを挟んで休むなど、楽な姿勢を探してみてください。

※強い痛み、出血やお腹の張り、しびれ、歩行困難があるときは、すぐに医療機関を受診してください。

愛知県一宮市（名鉄尾西線・苅安賀駅）で妊娠中・産後の股関節痛でお悩みの方は、一宮整骨院〜Seri〜へご相談ください。詳しくは下記の記事でも解説しています。"
gojukata-tsubo-A,487,五十肩,A,五十肩とツボ｜セルフケアの参考にする際の考え方｜一宮市,https://ichinomiyaseitaiin.com/blog/gojukata-tsubo/,2027-02-06,"愛知県一宮市（苅安賀駅）で五十肩とツボについて気になる方へ。「肩のツボを押せば楽になるのでは」と考え、自己流で試している方もいらっしゃいます。

こんなお悩みはありませんか？
・痛む肩のツボを強く押し続けている
・どのツボをどれくらい押せばよいか分からない
・ツボ押しの後、かえって肩が重くなった気がする

ツボ押しは、あくまで肩まわりの緊張をやわらげる習慣の一つと考えられ、五十肩そのものを治すものではありません。痛みが強い時期に強く押すと、負担になることもあります。

診断・検査・注射・投薬・手術の判断は医師（整形外科等）の役割です。一宮整骨院〜Seri〜では、KIRIN整体の視点で、関節・筋膜の動きや姿勢、呼吸の状態を確認し、補完的にサポートします。

自宅では、強く押さず「気持ちよい」と感じる程度の圧で、短時間にとどめてください。

※夜間痛が強い、痛みが長引く、発熱や胸の痛みを伴う場合は医療機関へ。胸の痛みや息苦しさが強い時は救急要請を。

愛知県一宮市（名鉄尾西線・苅安賀駅）で五十肩のセルフケアにお悩みの方は、一宮整骨院〜Seri〜へご相談ください。五十肩とツボについては下記の記事でも詳しく解説しています。"
zutsu-kincho-coffee-A,307,緊張型頭痛・首こり,A,緊張型頭痛とコーヒー・カフェインの関係｜一宮市の視点,https://ichinomiyaseitaiin.com/blog/zutsu-kincho-coffee/,2026-11-09,"愛知県一宮市（苅安賀駅）でコーヒーと頭痛の関係が気になる方へ。頭が重いときにコーヒーを飲むと落ち着く気がする一方、飲みすぎが心配な方もいますよね。

こんなお悩みはありませんか？
・頭痛のときについコーヒーを飲んでしまう
・カフェインをとりすぎている気がする
・コーヒーをやめたら頭痛が出た気がする

カフェインは、とりすぎや急にやめることで頭痛が出ることがあると言われています。また緊張型頭痛の背景には、首や肩の緊張、姿勢、睡眠不足なども関わると考えられています。カフェインと頭痛薬の関係は、薬剤師や医師に相談してください。

当院では診断や治療は医療機関の役割と考え、KIRIN整体で首・肩まわりの動きや姿勢、呼吸、巡りを整える補完的なサポートを行います。

自宅では、1日に飲む量と時間帯を記録し、水分も合わせてとるよう意識してみてください。

※突然の激しい頭痛、手足のまひやしびれ、ろれつが回らない、物が二重に見える、発熱と首の硬直、意識の異常がある場合は、すぐ救急要請または医療機関を受診してください。

愛知県一宮市（名鉄尾西線・苅安賀駅）で頭痛や首こりの方は、一宮整骨院〜Seri〜へご相談ください。カフェインとの関係は下記の記事でも詳しく解説しています。"
kenshoen-hochi-A,247,腱鞘炎・ばね指,A,腱鞘炎が治らない・放置するとどうなる？一宮市での受診の目安,https://ichinomiyaseitaiin.com/blog/kenshoen-hochi/,2026-10-09,"愛知県一宮市（苅安賀駅）で腱鞘炎が長引いてお悩みの方へ。そのうち良くなると思っていても、続くと不安になりますよね。

こんなお悩みはありませんか？
・数週間たっても痛みが続いている
・手を使うたびに痛みを繰り返す
・放置して悪化しないか心配

腱鞘炎は、手を使い続けると炎症が長引くことがあると考えられます。放置した場合の経過には個人差があり、指の動きにくさや引っかかりが出ることもあるため、早めの受診が安心です。診断や治療は医師の役割です。

一宮整骨院〜Seri〜では、医療機関での診断を前提に、柔道整復師によるKIRIN整体で、手首や指の関節・筋膜の動き、足裏から骨盤・背骨へのつながりを確認し、手への負担を減らす補完的なサポートを行います。

ご自宅では、痛む動作を減らし、手を休める時間を意識して作ってみてください。

※指が引っかかって動かない、強い腫れや熱感、しびれがある場合は、早めに整形外科を受診してください。

愛知県一宮市（名鉄尾西線・苅安賀駅）で腱鞘炎が治らないとお悩みの方は、一宮整骨院〜Seri〜へご相談ください。受診の目安は下記の記事でも詳しく解説しています。"
jiritsu-suimin-A,427,自律神経,A,自律神経の乱れと睡眠｜寝れない・朝起きれない方へ（一宮市・苅安賀駅）,https://ichinomiyaseitaiin.com/blog/jiritsu-suimin/,2027-01-08,"愛知県一宮市（苅安賀駅）で、寝れない・朝起きれないことにお悩みの方へ。睡眠の悩みは日中の過ごし方にも響くため、気がかりですよね。

こんなお悩みはありませんか？
・布団に入ってもなかなか寝つけない
・夜中に何度も目が覚めてしまう
・朝になっても体が重く、起き上がりにくい

睡眠には、生活リズム、光、緊張、呼吸の浅さ、首肩のこわばりなどが関わると考えられます。ただし睡眠障害や、うつ状態、ほかの病気が隠れていることもあるため、長く続く場合は医療機関での相談が大切です。

自律神経や睡眠障害は柔道整復の業務範囲外で、診断・治療・薬は医師の役割です。当院（KIRIN整体）では、姿勢・呼吸・巡りを整えるコンディショニングと、生活のご相談にとどめています。

自宅では、就寝前に画面を見る時間を少し減らし、ゆっくり息を吐きながら体の力を抜く時間をつくってみてください。

※強い日中の眠気、いびきと呼吸の停止、気分の落ち込みが続く、動悸や息苦しさ、胸の痛みがある場合は、早めに医療機関を受診してください。

愛知県一宮市（名鉄尾西線・苅安賀駅）で睡眠と自律神経のことでお悩みの方は、一宮整骨院〜Seri〜へご相談ください。睡眠と自律神経については下記の記事でも詳しく解説しています。"
gyaku-seikatsu-A,367,逆流性食道炎×姿勢,A,逆流性食道炎と生活習慣の見直し｜一宮市・苅安賀駅で自分にできること,https://ichinomiyaseitaiin.com/blog/gyaku-seikatsu/,2026-12-09,"愛知県一宮市（苅安賀駅）で、胸やけや胃の不快感が続き、生活習慣を見直したい方へ。何から始めればよいか迷うこともあると思います。

こんなお悩みはありませんか？
・食事や睡眠の時間が不規則になりがち
・胸やけが気になる日が続いている
・姿勢や運動不足が気になっている

症状には、食事内容、食べる時間、姿勢、体重、ストレスなど複数の要素が関わると考えられます。自己判断で放置せず、医療機関での受診・検査を受けることが大切です。

逆流性食道炎は柔道整復の業務範囲外で、診断・検査・薬・治療は医師（消化器内科等）の役割です。当院が行うのは、姿勢・呼吸・腹圧に関わるコンディショニングと生活のご相談のみです。KIRIN整体の視点で姿勢と呼吸を確認しつつ、生活の流れをうかがいます。

ご自宅では、食事の時間を整え、食後すぐに横にならないことから始めてみてください。

※体重減少、飲み込みにくさ、吐血や黒い便、続く胸の痛みがあるときは、すぐに医療機関（消化器内科等）を受診してください。強い胸痛や息苦しさは救急要請も検討を。

愛知県一宮市（名鉄尾西線・苅安賀駅）で生活習慣と姿勢が気になる方は、一宮整骨院〜Seri〜へご相談ください。見直しのポイントは下記の記事でも詳しく解説しています。"
od-nanika-shindan-A,163,起立性調節障害,A,起立性調節障害は何科？病院選びと受診前の準備｜一宮市,https://ichinomiyaseitaiin.com/blog/od-nanika-shindan/,,"愛知県一宮市（苅安賀駅）で、朝起きられないお子さんをどの診療科に連れていけばよいか迷っている保護者の方へ。受診先が分からず、対応が遅れないか心配になりますよね。

こんなお悩みはありませんか？
・何科を受診すればよいのか分からない
・受診の前に家庭で準備しておくことを知りたい
・検査や診察でどんな話をするのか不安

起立性調節障害が疑われる場合、一般的には小児科や、自律神経を扱う医療機関が相談先になると考えられます。診断や検査、治療は医師の領域ですので、まずは受診をおすすめします。

一宮整骨院〜Seri〜は診断や治療を行う場ではなく、医療機関の受診と並行して、KIRIN整体で姿勢・呼吸・巡りのコンディショニングと生活のご相談をお受けする補完的な立場です。

受診前に、朝の体調、起床と就寝の時刻、症状が強い時間帯を簡単にメモしておくと、医師に伝えやすくなります。

※失神、強い頭痛、胸の痛み、動悸が強い場合は、早めに医療機関を受診してください。

愛知県一宮市（名鉄尾西線・苅安賀駅）で病院選びや受診前の準備にお悩みの方は、一宮整骨院〜Seri〜へご相談ください。受診前に親ができることは下記の記事でも詳しく解説しています。"
hiza-sara-shita-A,129,膝痛,A,膝の皿の下が痛い原因とケア｜一宮市・苅安賀駅の整骨院,https://ichinomiyaseitaiin.com/blog/hiza-sara-shita/,,"愛知県一宮市（苅安賀駅）で膝のお皿の下の痛みにお悩みの方へ。階段やしゃがむ動作のたびに痛むと、気になりますよね。

こんなお悩みはありませんか？
・お皿の下を押すと痛い
・階段の下りやジャンプで痛みが出る
・スポーツ後に膝の前側が痛む

お皿の下には膝蓋腱などがあり、ジャンプや走る動作、太ももの前の筋肉の緊張などで負担がかかると痛みが出ることがあると考えられます。成長期の膝の痛みや、半月板・関節の問題との見きわめは、整形外科での診察や画像検査が必要です。

当院は診断を行わず、医療機関での確認を前提に、KIRIN整体で関節・筋膜の動きや足裏〜骨盤〜背骨のつながりを診て、膝への負担を整える補完的なサポートを行います。

ご自宅では、痛む動作を減らし、太ももの前を強く揉まないようにしましょう。

※膝に水がたまる、強い腫れや熱感がある、急な激痛や不安定感がある場合は、早めに整形外科を受診してください。

愛知県一宮市（名鉄尾西線・苅安賀駅）で膝のお皿の下の痛みにお悩みの方は、一宮整骨院〜Seri〜へご相談ください。原因とケアは下記の記事でも詳しく解説しています。"
tennishiji-massage-A,199,テニス肘・ゴルフ肘,A,テニス肘のマッサージ・ツボは？強く揉むリスクと注意点,https://ichinomiyaseitaiin.com/blog/tennishiji-massage/,,"愛知県一宮市（苅安賀駅）でテニス肘のマッサージやツボ押しにお悩みの方へ。痛い場所を強く押したくなりますが、やり方に迷う方も多いのではないでしょうか。

こんなお悩みはありませんか？
・痛い場所を強く揉んでいるが、よいのか分からない
・ツボ押しをしたら、かえって痛みが増した気がする
・自宅でできる安全な方法を知りたい

痛む部分を強く押したり揉んだりすると、組織を刺激して負担が増えることがあると考えられます。痛みの原因は前腕の筋肉の緊張だけとは限らないため、長引く場合は整形外科での検査が大切です。

一宮整骨院〜Seri〜では、診断や治療は医療機関の役割と考え、柔道整復師によるKIRIN整体で、関節や筋膜の動き、姿勢や巡りを整える補完的なサポートを行っています。

自宅では、強く押さずに、前腕全体を手のひらで包むように、やさしくなでる程度にとどめてください。

※強い痛み、しびれ、腫れ・熱感、肘が動かしにくいなどの症状がある場合は、早めに整形外科を受診してください。

愛知県一宮市（名鉄尾西線・苅安賀駅）でテニス肘のマッサージやツボ押しで迷っているという方は、一宮整骨院〜Seri〜へご相談ください。テニス肘のマッサージ・ツボは下記の記事でも詳しく解説しています。"
yakyuhiji-nezumi-A,19,野球肘,A,野球肘の「ねずみ」とは？原因と早期受診の目安｜一宮市・苅安賀駅,https://ichinomiyaseitaiin.com/blog/yakyuhiji-nezumi/,,"愛知県一宮市（苅安賀駅）で、野球肘の「ねずみ」についてお悩みの方へ。聞き慣れない言葉に不安を感じている保護者や選手の方も多いと思います。

こんなお悩みはありませんか？
・肘に引っかかる感じやカクッとする感覚がある
・肘が途中で動かなくなることがある
・病院で関節ねずみの可能性を指摘された

「ねずみ」とは、関節のなかに骨や軟骨のかけらが遊離した状態（関節遊離体）を指す通称で、繰り返しの投球による肘の負担が背景にあると考えられます。肘の引っかかりやロッキングを起こすことがあるため、整形外科での画像検査と、医師による診断・方針の判断が大切です。

一宮整骨院〜Seri〜では、診断や治療は医師の役割と位置づけ、KIRIN整体の視点で関節や筋膜の動き、足裏から骨盤・背骨のつながりを確認し、肘への負担を減らす補完的なサポートを行います。

ご家庭では、引っかかる動作を無理に繰り返させず、早めの受診を優先してください。

※強い痛み、肘が伸びない・曲がらない、引っかかり、しびれがある場合は、早めに整形外科を受診してください。

愛知県一宮市（名鉄尾西線・苅安賀駅）で野球肘のねずみにお悩みの方は、一宮整骨院〜Seri〜へご相談ください。原因と受診の目安は下記の記事でも詳しく解説しています。"
gojukata-atatameru-A,489,五十肩,A,五十肩は温める？冷やす？時期別の考え方｜一宮市・苅安賀駅,https://ichinomiyaseitaiin.com/blog/gojukata-atatameru/,2027-02-07,"愛知県一宮市（苅安賀駅）で五十肩を温めるか冷やすか迷っている方へ。「どちらが正しいのか分からない」というご相談はとても多いです。

こんなお悩みはありませんか？
・肩がズキズキ痛む時に温めてよいのか分からない
・冷やしたら、かえって動かしにくくなった気がする
・夜に痛むので、寝る前の対処に迷っている

一般的に、痛みが強く熱感がある急性期は冷やす方が楽な場合があり、痛みが落ち着いてこわばりが主体の時期は温めると楽に感じる場合がある、と考えられています。ただし個人差が大きく、ご自身の感覚を目安にするのが現実的です。

診断・検査・注射・投薬・手術の判断は医師（整形外科等）の役割です。一宮整骨院〜Seri〜では、KIRIN整体の視点で関節・筋膜の動きや姿勢を確認し、補完的にサポートします。

自宅では、どちらも長時間行わず、やけどや冷やし過ぎに注意して様子を見てください。

※夜間痛が強い、痛みが長引く、発熱や胸の痛みを伴う場合は医療機関へ。胸の痛みや息苦しさが強い時は救急要請を。

愛知県一宮市（名鉄尾西線・苅安賀駅）で五十肩のケアにお悩みの方は、一宮整骨院〜Seri〜へご相談ください。温める・冷やすの考え方は下記の記事でも詳しく解説しています。"
kubikori-toha-A,309,緊張型頭痛・首こり,A,首こりとは？スマホ・PC・姿勢が関わる原因｜一宮市,https://ichinomiyaseitaiin.com/blog/kubikori-toha/,2026-11-10,"愛知県一宮市（苅安賀駅）で首こりにお悩みの方へ。気づけば首が固まって、朝から重だるい日が続くことはありませんか。

こんなお悩みはありませんか？
・スマホやパソコンを見ていると首が固まる
・首から肩、背中にかけて張りが抜けない
・首を回すと重さやつっぱりを感じる

首こりは、スマホやパソコン作業での前かがみ姿勢、同じ姿勢の長時間の継続、運動不足、ストレスなどが重なって起こると考えられています。しびれや強い痛みを伴う場合は、医療機関での検査が必要なこともあります。

一宮整骨院〜Seri〜では、診断や画像検査は医療機関の役割と考え、KIRIN整体で首だけでなく足裏から骨盤・背骨のつながりや、関節・筋膜の動き、呼吸を確認する補完的なサポートを行います。

自宅では、画面の位置を目線に近づけ、30〜60分ごとに席を立つことを意識してみてください。

※手足のしびれや力の入りにくさ、強い痛みが続く、突然の激しい頭痛、ろれつが回らない、発熱と首の硬直がある場合は、すぐ救急要請または医療機関を受診してください。

愛知県一宮市（名鉄尾西線・苅安賀駅）で首こりの方は、一宮整骨院〜Seri〜へご相談ください。首こりの原因は下記の記事でも詳しく解説しています。"
kenshoen-seitai-A,249,腱鞘炎・ばね指,A,腱鞘炎に整骨院でできること｜一宮市・苅安賀駅のKIRIN整体,https://ichinomiyaseitaiin.com/blog/kenshoen-seitai/,2026-10-10,"愛知県一宮市（苅安賀駅）で腱鞘炎にお悩みの方へ。整骨院や整体で何をしてもらえるのか分からず、受診先に迷っている方も多いのではないでしょうか。

こんなお悩みはありませんか？
・手首や親指を動かすと痛みが出る
・スマホやパソコンの後、手の違和感が残る
・病院へ行くべきか整骨院でよいのか迷っている

腱鞘炎は、腱とそれを包む腱鞘がこすれて炎症が起こる状態と考えられ、手の使い過ぎが背景にあることが多いとされます。肩や背中、姿勢の影響で手元に負担が集まっている場合もあると考えられます。診断・画像検査・注射・投薬・手術の判断は医師（整形外科等）の役割です。

一宮整骨院〜Seri〜では、柔道整復師がKIRIN整体の視点から、関節や筋膜の動き、足裏から骨盤・背骨へのつながりを確認し、手元に負担をかけにくい体の使い方を整える補完的なサポートを行います。

ご自宅では、作業の合間に手を止めて、手首や指を休ませる時間をつくってみてください。

※指が曲がったまま戻らない、強い腫れや熱感、しびれがある場合は、早めに整形外科を受診してください。

愛知県一宮市（名鉄尾西線・苅安賀駅）で腱鞘炎の相談先をお探しの方は、一宮整骨院〜Seri〜へご相談ください。整骨院でできることは下記の記事でも詳しく解説しています。"
jiritsu-memai-A,429,自律神経,A,自律神経の乱れとめまい・ふらつき｜受診の目安を一宮市で解説,https://ichinomiyaseitaiin.com/blog/jiritsu-memai/,2027-01-09,"愛知県一宮市（苅安賀駅）で、めまいやふらつきにお悩みの方へ。ふらっとする感覚が続くと、外出や仕事も不安になりますよね。

こんなお悩みはありませんか？
・立ち上がったときにふらっとすることがある
・首を動かしたときにぐらつきを感じる
・疲れや寝不足のときにふわふわした感じが出る

めまいには、耳の病気、血圧の変化、脳や心臓の病気など、さまざまな原因があります。首肩の緊張や姿勢、緊張状態が関わる場合もあると考えられますが、まずは原因の確認が大切です。自己判断せず、耳鼻咽喉科・内科・脳神経内科などで相談してください。

自律神経やめまいは柔道整復の業務範囲外で、診断・治療は医師の役割です。当院（KIRIN整体）では、医療機関で問題がないと確認されたうえで、姿勢・呼吸・巡りのコンディショニングと生活のご相談のみ行います。

自宅では、立ち上がるときはゆっくり動作し、水分をこまめにとってください。

※突然の強いめまい、ろれつが回らない、手足のしびれや麻痺、激しい頭痛、胸の痛み、意識が遠のく場合は、すぐに救急要請を。

愛知県一宮市（名鉄尾西線・苅安賀駅）でめまい・ふらつきと生活のご相談は、一宮整骨院〜Seri〜へどうぞ。めまいと自律神経については下記の記事でも詳しく解説しています。"
gyaku-shokuji-A,369,逆流性食道炎×姿勢,A,逆流性食道炎と食事の基本｜一宮市・苅安賀駅で食べ方を見直す,https://ichinomiyaseitaiin.com/blog/gyaku-shokuji/,2026-12-10,"愛知県一宮市（苅安賀駅）で、食事のあとの胸やけや不快感にお悩みの方へ。好きなものを楽しく食べたいのに、気になって不安になることもあるでしょう。

こんなお悩みはありませんか？
・脂っぽい食事のあとに胸やけが出やすい
・早食いや食べ過ぎをしてしまう
・食後、胃のあたりが重く感じる

食事の量や内容、食べるスピード、食べたあとの姿勢は、胃の負担に関わると考えられます。合う食事は人によって異なるため、医師や管理栄養士への相談もおすすめします。

逆流性食道炎は柔道整復の業務範囲外で、診断・検査・薬・治療は医師（消化器内科等）の役割です。当院が行うのは、姿勢・呼吸・腹圧に関わるコンディショニングと生活のご相談のみです。食べるときの姿勢や、呼吸の浅さ、お腹の圧迫につながる体の使い方を、KIRIN整体の視点で確認します。

ご自宅では、食事は腹八分目を目安に、ゆっくり噛み、背筋を軽く伸ばして食べてみてください。

※体重減少、飲み込みにくさ、吐血や黒い便、続く胸の痛みがあるときは、すぐに医療機関（消化器内科等）を受診してください。強い胸痛や息苦しさは救急要請も検討を。

愛知県一宮市（名鉄尾西線・苅安賀駅）で食事と姿勢が気になる方は、一宮整骨院〜Seri〜へご相談ください。食事の基本は下記の記事でも詳しく解説しています。"
kokansetsu-rentgen-ijounashi-A,93,股関節痛,A,股関節痛でレントゲン異常なしと言われたら｜一宮市の整骨院,https://ichinomiyaseitaiin.com/blog/kokansetsu-rentgen-ijounashi/,,"愛知県一宮市（苅安賀駅）で、レントゲンで異常なしと言われても股関節が痛む方へ。「異常がないのになぜ痛いの」と、戸惑っていませんか。

こんなお悩みはありませんか？
・レントゲンで骨に異常はないと言われた
・それでも歩くと股関節が痛む
・どう過ごせばよいか分からない

レントゲンは骨の状態を見る検査で、筋肉や腱、関節まわりの組織の状態までは分からないことがあると考えられます。姿勢や動作のくせ、筋肉の使い方の偏りが負担になっている場合もありますが、さらに詳しい検査や経過の判断は医師の役割です。

一宮整骨院〜Seri〜では診断や治療は行わず、KIRIN整体として関節や筋膜の動き、足裏から骨盤・背骨へのつながりを確認し、体の使い方を整える補完的なサポートを行っています。

ご自宅では、痛みが出る動作を記録し、次の診察で医師に伝えてみてください。

※痛みが続く、強くなる、しびれが出る、歩行が困難なときは、再度整形外科を受診してください。

愛知県一宮市（名鉄尾西線・苅安賀駅）でレントゲン異常なしの股関節痛でお悩みの方は、一宮整骨院〜Seri〜へご相談ください。詳しくは下記の記事でも解説しています。"
yakyukata-kokotsu-stretch-A,57,野球肩,A,野球肩と肩甲骨のストレッチ｜一宮市・苅安賀駅で肩の動きを見直す,https://ichinomiyaseitaiin.com/blog/yakyukata-kokotsu-stretch/,,"愛知県一宮市（苅安賀駅）で野球肩と肩甲骨のストレッチにお悩みの方へ。肩甲骨の動きが大切と聞いても、どうストレッチすればよいかわからない方もいらっしゃると思います。

こんなお悩みはありませんか？
・肩甲骨まわりが硬く、背中が張る
・腕を上げるときに肩がつまる感じがある
・猫背で肩が前に出ている気がする

肩甲骨は、肩の動きを支える土台です。肩甲骨や胸・背中の動きが硬いと、肩の関節に負担が集まりやすいと考えられます。痛みが強いときのストレッチは、かえって負担になることがあります。診断や画像検査は整形外科など医師の役割ですので、気になる症状が続くときは受診をおすすめします。

当院（一宮整骨院〜Seri〜）では、医療機関での診断・治療と並行して、KIRIN整体で関節や筋膜の動き、姿勢や全身の巡りを整える補完的なサポートを行っています。

ご自宅では、痛みのない範囲で、呼吸に合わせてゆっくり動かしましょう。

※強い痛み、夜間に痛みで目が覚める、肩が上がらない・動かせないなどの場合は、早めに整形外科を受診してください。

愛知県一宮市（名鉄尾西線・苅安賀駅）で野球肩の方は、一宮整骨院〜Seri〜へご相談ください。肩甲骨ストレッチの考え方は下記の記事でも詳しく解説しています。"
gojukata-neru-A,491,五十肩,A,五十肩のときの楽な寝る姿勢・寝方｜一宮市・苅安賀駅,https://ichinomiyaseitaiin.com/blog/gojukata-neru/,2027-02-08,"愛知県一宮市（苅安賀駅）で五十肩の寝方にお悩みの方へ。夜になると肩が痛んで眠れない、寝返りのたびに目が覚めるというご相談をよく伺います。

こんなお悩みはありませんか？
・痛む側を下にすると肩がうずく
・仰向けでも、腕の置き場所が定まらない
・夜中に肩の痛みで目が覚めてしまう

五十肩では、寝ている間に肩が圧迫されたり腕の位置が不安定になったりして、痛みを感じやすくなることがあると考えられています。姿勢を少し工夫するだけで、楽に感じる場合もあります。

診断・検査・注射・投薬・手術の判断は医師（整形外科等）の役割です。一宮整骨院〜Seri〜では、KIRIN整体の視点で関節・筋膜の動きや姿勢、呼吸の状態を確認し、補完的にサポートします。

自宅では、痛む側の腕の下にクッションやたたんだタオルを入れ、肩が沈み込まない高さで支えてみてください。

※夜間痛が強くて眠れない状態が続く、痛みが長引く、発熱や胸の痛みを伴う場合は医療機関へ。胸の痛みや息苦しさが強い時は救急要請を。

愛知県一宮市（名鉄尾西線・苅安賀駅）で五十肩の寝方にお悩みの方は、一宮整骨院〜Seri〜へご相談ください。楽な寝方は下記の記事でも詳しく解説しています。"
kubikori-zutsu-A,311,緊張型頭痛・首こり,A,首こりと頭痛の関係｜なぜ首こりで頭が痛くなるのか｜一宮市,https://ichinomiyaseitaiin.com/blog/kubikori-zutsu/,2026-11-11,"愛知県一宮市（苅安賀駅）で首こりに伴う頭痛にお悩みの方へ。首を揉むと一時的に軽くなっても、また頭が重くなってしまうことはありませんか。

こんなお悩みはありませんか？
・首こりがひどい日は頭も重く痛い
・後頭部からこめかみにかけて締めつけ感がある
・夕方になると頭痛が強くなる

首や肩、後頭部まわりの筋肉が緊張し続けると、その張りが頭の痛みとして感じられることがあると考えられています。ただし頭痛には片頭痛や、病気が原因のものもあるため、診断は医師の役割です。

一宮整骨院〜Seri〜では、KIRIN整体として関節と筋膜の動きや、足裏〜骨盤〜背骨の姿勢のつながり、呼吸を確認し、首への負担を整える補完的なサポートを行います。薬については薬剤師・医師にご相談ください。

自宅では、作業中に首を前に突き出していないか確認し、こまめに休憩をとってみてください。

※突然の激しい頭痛、手足のまひやしびれ、ろれつが回らない、物が二重に見える、発熱と首の硬直、意識の異常がある場合は、すぐ救急要請または医療機関を受診してください。

愛知県一宮市（名鉄尾西線・苅安賀駅）で首こりと頭痛の方は、一宮整骨院〜Seri〜へご相談ください。首こりと頭痛の関係は下記の記事でも詳しく解説しています。"
kenshoen-tekubi-A,251,腱鞘炎・ばね指,A,手首の腱鞘炎の原因と症状｜一宮市・苅安賀駅の整骨院,https://ichinomiyaseitaiin.com/blog/kenshoen-tekubi/,2026-10-11,"愛知県一宮市（苅安賀駅）で手首の腱鞘炎にお悩みの方へ。ペットボトルを開ける、ドアノブを回すといった何気ない動作でも手首が痛むと、毎日が不便になりますよね。

こんなお悩みはありませんか？
・手首を曲げ伸ばしすると痛みが出る
・パソコンやスマホの操作後に手首が重だるい
・物を持ち上げる時に手首に力が入りにくい

手首の腱鞘炎は、腱と腱鞘のこすれによる炎症が関わると考えられており、手首を酷使する作業や、家事・育児による負担が背景にあると考えられます。親指側に痛みが強い場合は別の状態が隠れていることもあるため、自己判断は避けましょう。診断や治療は医療機関の役割です。

一宮整骨院〜Seri〜では、KIRIN整体の視点から、手首の関節や前腕の筋膜の動き、肩や姿勢とのつながりを確認し、負担を減らす補完的なサポートを行います。

ご自宅では、手首を反らせた姿勢を長く続けないよう、机の高さや持ち方を見直してみてください。

※強い腫れや熱感、安静にしていても続く痛み、しびれが出る場合は、早めに整形外科を受診してください。

愛知県一宮市（名鉄尾西線・苅安賀駅）で手首の腱鞘炎にお悩みの方は、一宮整骨院〜Seri〜へご相談ください。手首の腱鞘炎の原因とケアは下記の記事でも詳しく解説しています。"
jiritsu-douki-A,431,自律神経,A,自律神経の乱れと動悸・息苦しさ｜受診の目安を一宮市で解説,https://ichinomiyaseitaiin.com/blog/jiritsu-douki/,2027-01-10,"愛知県一宮市（苅安賀駅）で、動悸や息苦しさにお悩みの方へ。急にドキドキすると、体に何か起きているのではと心配になりますよね。

こんなお悩みはありませんか？
・じっとしているのに胸がドキドキする
・深く息が吸えない感じがある
・緊張や疲れがたまると症状が出やすい

動悸や息苦しさには、心臓、肺、甲状腺の病気、貧血など、さまざまな原因があります。緊張や呼吸の浅さ、生活リズムの乱れが関わる場合もあると考えられますが、まずは医療機関で原因を確認することが大切です。内科や循環器内科などで相談してください。

自律神経や動悸は柔道整復の業務範囲外で、診断・治療・薬は医師の役割です。当院（KIRIN整体）では、医療機関で確認を受けたうえで、姿勢・呼吸・巡りのコンディショニングと生活のご相談のみ行います。

自宅では、背もたれに寄りかかって力を抜き、息をゆっくり長く吐くことを意識してみてください。

※胸の痛みや締めつけ、強い息苦しさ、冷や汗、意識が遠のく、脈が乱れる場合は、ためらわず救急要請を。

愛知県一宮市（名鉄尾西線・苅安賀駅）で動悸・息苦しさと生活のご相談は、一宮整骨院〜Seri〜へどうぞ。動悸・息苦しさと自律神経については下記の記事でも詳しく解説しています。"
gyaku-nomimono-A,371,逆流性食道炎×姿勢,A,逆流性食道炎と飲み物｜一宮市・苅安賀駅でコーヒーやお酒との付き合い方,https://ichinomiyaseitaiin.com/blog/gyaku-nomimono/,2026-12-11,"愛知県一宮市（苅安賀駅）で、コーヒーやお酒のあとの胸やけが気になる方へ。毎日の楽しみだからこそ、付き合い方に迷う方は少なくありません。

こんなお悩みはありませんか？
・コーヒーを飲むと胸がムカムカすることがある
・お酒のあとに胸やけやのどの違和感が出やすい
・炭酸飲料や冷たい飲み物で胃が重くなる

カフェインやアルコール、炭酸などは、人によって胃に負担となる場合があると考えられます。合わない飲み物は個人差があるため、症状が続くときは医師にご相談ください。

逆流性食道炎は柔道整復の業務範囲外で、診断・検査・薬・治療は医師（消化器内科等）の役割です。当院が行うのは、姿勢・呼吸・腹圧に関わるコンディショニングと生活のご相談のみです。飲食時の姿勢や、呼吸の浅さ、お腹まわりの圧につながる体の使い方を、KIRIN整体の視点で確認します。

ご自宅では、空腹時や就寝前の飲み物を控えめにし、少量をゆっくり飲むことを試してみてください。

※体重減少、飲み込みにくさ、吐血や黒い便、続く胸の痛みがあるときは、すぐに医療機関（消化器内科等）を受診してください。強い胸痛や息苦しさは救急要請も検討を。

愛知県一宮市（名鉄尾西線・苅安賀駅）で飲み物と姿勢が気になる方は、一宮整骨院〜Seri〜へご相談ください。飲み物との付き合い方は下記の記事でも詳しく解説しています。"
tennishiji-nanika-A,201,テニス肘・ゴルフ肘,A,テニス肘は何科？受診先に迷う一宮市・苅安賀駅の方へ,https://ichinomiyaseitaiin.com/blog/tennishiji-nanika/,,"愛知県一宮市（苅安賀駅）でテニス肘の痛みがあり、何科を受診すればよいか迷っている方へ。肘の外側の痛みが続くと、最初の相談先が分かりにくいものです。

こんなお悩みはありませんか？
・ドアノブを回すと肘の外側が痛む
・タオルを絞る、物をつかむ動作がつらい
・病院と整骨院のどちらに行くべきか迷っている

肘の外側の痛みは、手首を反らす筋肉の付け根に負担がかかっている場合のほか、関節や神経が関わっている場合もあると考えられます。原因の見極め、画像検査、注射や投薬の判断は、整形外科など医療機関の役割です。

一宮整骨院〜Seri〜は診断や治療を行う場ではなく、KIRIN整体（関節・筋膜の動きや姿勢・巡りを整える施術）で、医療機関での診察と並行して体の使い方を整える補完的なサポートをしています。

ご自宅では、痛みが出る動作を少し減らし、肘を休ませる時間を意識してみてください。

※しびれ、強い痛み、肘が動かしにくい場合は、早めに整形外科を受診してください。

愛知県一宮市（名鉄尾西線・苅安賀駅）でテニス肘の受診先に迷っている方は、一宮整骨院〜Seri〜へご相談ください。何科を受診するかの考え方は下記の記事でも詳しく解説しています。"
yakyuhiji-nobinai-A,21,野球肘,A,野球肘で肘が伸びない・曲げると痛い｜一宮市・苅安賀駅の整骨院,https://ichinomiyaseitaiin.com/blog/yakyuhiji-nobinai/,,"愛知県一宮市（苅安賀駅）で、野球肘で肘が伸びない・曲げると痛い症状にお悩みの方へ。練習や試合を前に、不安が大きいことと思います。

こんなお悩みはありませんか？
・投げたあとに肘が伸びきらない
・肘を曲げると痛みや引っかかりを感じる
・腕を振る動作がぎこちなくなった

肘の動きが狭くなる背景には、筋肉の緊張によるものから骨や軟骨の状態が関わるものまで幅があると考えられます。特に成長期は自己判断で様子を見ず、まず整形外科で診察・画像検査を受けてください。診断と治療は医師の役割です。

当院では医療機関での確認を前提に、KIRIN整体として肩甲骨や体幹、足裏から骨盤・背骨のつながりを見て、関節や筋膜の動きを整える補完的なサポートを行います。

ご自宅では、痛む動作を無理に繰り返さないようにしましょう。

※強い痛み、肘が伸びない・曲がらない、しびれがある場合は早めに整形外科を受診してください。

愛知県一宮市（名鉄尾西線・苅安賀駅）で肘の動きにお悩みの方は、一宮整骨院〜Seri〜へご相談ください。肘が伸びない時の注意点は下記の記事でも詳しく解説しています。"
hiza-seiza-shagamu-A,131,膝痛,A,正座・しゃがむと膝が痛い原因と対処法｜一宮市・苅安賀駅の整骨院,https://ichinomiyaseitaiin.com/blog/hiza-seiza-shagamu/,,"愛知県一宮市（苅安賀駅）で正座やしゃがむ動作での膝の痛みにお悩みの方へ。靴を脱ぐ場面や床の物を拾う動作のたびにつらいと、毎日が億劫になりますよね。

こんなお悩みはありませんか？
・正座をすると膝の裏や皿のまわりが痛む
・しゃがむ時に膝が詰まるような感じがある
・立ち上がる時に膝をかばってしまう

深く曲げる動作は膝に大きな負担がかかりやすく、太ももやお尻の筋肉の硬さ、股関節や足首の動きの小ささなどが重なっていると考えられます。変形性膝関節症や半月板の問題が隠れている場合もあるため、痛みが続く時は整形外科での検査をおすすめします。

一宮整骨院〜Seri〜では、診断や治療は医療機関の役割と考えたうえで、KIRIN整体の視点から、関節と筋膜の動きや足裏〜骨盤〜背骨のつながりを確認し、姿勢や動き方を整える補完的なサポートを行っています。

自宅では、深く曲げたまま長く過ごさず、椅子の利用や膝の下にクッションを挟むなど、負担をやわらげる工夫から始めてみてください。

※膝に水がたまる、強い腫れや熱感、急な激痛や膝が不安定になる感じがある場合は、早めに整形外科を受診してください。

愛知県一宮市（名鉄尾西線・苅安賀駅）で正座やしゃがむ時の膝の痛みでお困りの方は、一宮整骨院〜Seri〜へご相談ください。原因と対処法は下記の記事でも詳しく解説しています。"
od-naoshikata-A,165,起立性調節障害,A,起立性調節障害の治し方を探す保護者へ｜一宮・苅安賀駅,https://ichinomiyaseitaiin.com/blog/od-naoshikata/,,"愛知県一宮市（苅安賀駅）で、お子さんの起立性調節障害（OD）の「治し方」を探している保護者の方へ。朝起きられない姿を前に、何とかしてあげたいと調べ続けるお気持ちはよく分かります。

こんなお悩みはありませんか？
・朝なかなか起きられない日が続いている
・立ちくらみやだるさを訴えることが多い
・家庭でどこまで見守ればよいか分からない

ODは自律神経や血圧の調整などが関わると考えられており、経過には個人差があります。診断や治療方針、薬・検査の判断は小児科などの医療機関の役割です。まず医師の診察を受けることが大切です。

一宮整骨院〜Seri〜は、医療機関での受診・治療と並行し、KIRIN整体の視点で姿勢・呼吸・巡りのコンディショニングや生活のご相談をお手伝いする補完的な立場です。

ご家庭では、「怠けているのでは」と決めつけず、まず本人の話を聞いてあげてください。

※失神・胸痛・強い動悸・激しい頭痛・食事や水分がとれない状態、強い落ち込みや「消えてしまいたい」といった言葉があるときは、早めに医療機関を受診し、緊急性が高い場合は救急要請をしてください。

愛知県一宮市（名鉄尾西線・苅安賀駅）で起立性調節障害にお悩みの保護者の方は、一宮整骨院〜Seri〜へご相談ください。考え方は下記の記事でも詳しく解説しています。"
gojukata-nichijou-A,493,五十肩,A,五十肩の日常動作・服の着方の工夫｜一宮市・苅安賀駅,https://ichinomiyaseitaiin.com/blog/gojukata-nichijou/,2027-02-09,"愛知県一宮市（苅安賀駅）で五十肩の日常動作にお困りの方へ。着替えや洗髪など、何気ない動作がつらく感じられるご相談をよく伺います。

こんなお悩みはありませんか？
・服の袖に腕を通す時に肩が痛む
・髪を洗う、結ぶ、後ろのものを取る動作がつらい
・エプロンや下着の着脱で、腕が後ろに回らない

五十肩では、腕を上げる・後ろに回す動作で痛みや動かしにくさが出やすいと考えられています。動作の順番や道具を工夫することで、肩への負担を減らせる場合があります。

診断・検査・注射・投薬・手術の判断は医師（整形外科等）の役割です。一宮整骨院〜Seri〜では、KIRIN整体の視点で関節・筋膜の動きや姿勢を確認し、補完的にサポートします。

自宅では、着る時は痛む側の腕から袖を通し、脱ぐ時は痛くない側から脱ぐ、と順番を意識してみてください。

※夜間痛が強い、痛みが長引く、発熱や胸の痛みを伴う場合は医療機関へ。胸の痛みや息苦しさが強い時は救急要請を。

愛知県一宮市（名鉄尾西線・苅安賀駅）で五十肩の日常動作にお悩みの方は、一宮整骨院〜Seri〜へご相談ください。日常動作の工夫は下記の記事でも詳しく解説しています。"
kubikori-kaisho-A,313,緊張型頭痛・首こり,A,首こりの解消法・セルフケアの考え方｜一宮市で見直す習慣,https://ichinomiyaseitaiin.com/blog/kubikori-kaisho/,2026-11-12,"愛知県一宮市（苅安賀駅）で首こりの解消法を探している方へ。いろいろ試しても、すっきりしない状態が続くとつらいですよね。

こんなお悩みはありませんか？
・ストレッチやマッサージをしても戻ってしまう
・どんなセルフケアが自分に合うのか分からない
・仕事中は姿勢を気にする余裕がない

首こりは、筋肉だけでなく、姿勢の癖、呼吸の浅さ、睡眠、運動不足などが重なって起こると考えられています。そのため、一つの方法に頼るより、生活全体を少しずつ見直す視点が大切です。

一宮整骨院〜Seri〜では、診断や画像検査は医療機関の役割と考え、KIRIN整体で関節と筋膜の動き、足裏〜骨盤〜背骨のつながり、呼吸を確認する補完的なサポートを行います。

自宅では、1時間に1回立ち上がり、息を長く吐きながら肩の力を抜く習慣から始めてみてください。

※手足のしびれや力の入りにくさ、強い痛みが続く、突然の激しい頭痛、ろれつが回らない、発熱と首の硬直がある場合は、すぐ救急要請または医療機関を受診してください。

愛知県一宮市（名鉄尾西線・苅安賀駅）で首こりの方は、一宮整骨院〜Seri〜へご相談ください。解消法の考え方は下記の記事でも詳しく解説しています。"
kenshoen-oyayubi-A,253,腱鞘炎・ばね指,A,親指の腱鞘炎で痛む場所とは｜一宮市・苅安賀駅で相談,https://ichinomiyaseitaiin.com/blog/kenshoen-oyayubi/,2026-10-12,"愛知県一宮市（苅安賀駅）で親指の腱鞘炎にお悩みの方へ。スマホを持つ、ものをつまむ、抱っこをするといった場面で親指の付け根がズキッとすると、つらいですよね。

こんなお悩みはありませんか？
・親指を広げたり反らせたりすると手首の親指側が痛む
・ものをつまむ、ひねる動作で痛みが出る
・親指側の手首が腫れぼったく感じる

親指側の手首の痛みには、ドケルバン病と呼ばれる腱鞘炎が関わる場合があると考えられます。親指を使う頻度が高い方や、妊娠・産後、更年期の女性に多いともいわれますが、個人差があります。診断・画像検査・注射・投薬・手術の判断は医師の役割です。

一宮整骨院〜Seri〜では、KIRIN整体の視点から、親指や手首の関節・筋膜の動き、肩や姿勢とのつながりを確認し、負担を減らす補完的なサポートを行います。

ご自宅では、親指だけでつまむ動作を減らし、手のひら全体で支えるよう意識してみてください。

※強い腫れや熱感、親指が動かしにくい、しびれがある場合は、早めに整形外科を受診してください。

愛知県一宮市（名鉄尾西線・苅安賀駅）で親指の腱鞘炎にお悩みの方は、一宮整骨院〜Seri〜へご相談ください。親指の痛む場所とケアの注意は下記の記事でも詳しく解説しています。"
jiritsu-icho-A,433,自律神経,A,自律神経の乱れと胃腸の不調｜胃痛・胃もたれ・お腹の調子を一宮市で解説,https://ichinomiyaseitaiin.com/blog/jiritsu-icho/,2027-01-11,"愛知県一宮市（苅安賀駅）で、胃痛・胃もたれ・お腹の調子にお悩みの方へ。ストレスがかかるとお腹にくる、という方は多いものです。

こんなお悩みはありませんか？
・緊張すると胃がキリキリ・ムカムカする
・食後に胃もたれや張りを感じやすい
・お腹の調子が安定せず、外出先が気になる

胃腸の調子は、緊張や睡眠、食事の時間、姿勢や呼吸などと関わると考えられます。ただし胃腸の不調には、胃炎、潰瘍、過敏性腸症候群など医療機関で診る病気が含まれます。続く場合は、内科や消化器内科で相談してください。

胃腸や自律神経は柔道整復の業務範囲外で、診断・治療・薬は医師の役割です。当院（KIRIN整体）では内臓の治療は行わず、姿勢・呼吸・巡りのコンディショニングと、生活のご相談にとどめています。

自宅では、食事をゆっくりとり、食後すぐに横にならないようにしてみてください。

※体重の急な減少、血を吐く、黒い便や血便、飲み込みにくさ、強い腹痛、発熱を伴う場合は、早めに医療機関を受診してください。

愛知県一宮市（名鉄尾西線・苅安賀駅）で胃腸の不調と生活のご相談は、一宮整骨院〜Seri〜へどうぞ。胃腸と自律神経については下記の記事でも詳しく解説しています。"
gyaku-shokugo-A,373,逆流性食道炎×姿勢,A,逆流性食道炎と食後の過ごし方｜一宮市・苅安賀駅ですぐ横にならない工夫,https://ichinomiyaseitaiin.com/blog/gyaku-shokugo/,2026-12-12,"愛知県一宮市（苅安賀駅）で、食後の胸やけや胃の重さにお悩みの方へ。食事を終えてほっとしたいのに、不快感が出ると休まりません。

こんなお悩みはありませんか？
・食後すぐ横になると胸がムカムカする
・食後にソファで丸くなって過ごすことが多い
・食後の前かがみの動作で不快感が出る

食後は胃に食べ物が残っているため、すぐに横になったり前かがみになったりすると、胃に負担がかかりやすいと考えられます。症状が続くときは医療機関での受診・検査が大切です。

逆流性食道炎は柔道整復の業務範囲外で、診断・検査・薬・治療は医師（消化器内科等）の役割です。当院が行うのは、姿勢・呼吸・腹圧に関わるコンディショニングと生活のご相談のみです。食後の姿勢や、お腹を圧迫する体の使い方を、KIRIN整体の視点で確認します。

ご自宅では、食後しばらくは座るか立って上体を起こして過ごし、軽く歩くことから試してみてください。

※体重減少、飲み込みにくさ、吐血や黒い便、続く胸の痛みがあるときは、すぐに医療機関（消化器内科等）を受診してください。強い胸痛や息苦しさは救急要請も検討を。

愛知県一宮市（名鉄尾西線・苅安賀駅）で食後の過ごし方や姿勢が気になる方は、一宮整骨院〜Seri〜へご相談ください。食後の過ごし方は下記の記事でも詳しく解説しています。"
kokansetsu-running-A,95,股関節痛,A,股関節痛でランニングがつらい｜一宮市・苅安賀駅の整骨院,https://ichinomiyaseitaiin.com/blog/kokansetsu-running/,,"愛知県一宮市（苅安賀駅）で、股関節痛とランニングにお悩みの方へ。走りたい気持ちはあるのに、痛みで足が止まってしまうのはつらいものです。

こんなお悩みはありませんか？
・走り出しや走行中に股関節の付け根が痛む
・走った後にお尻や股関節まわりが重だるい
・距離を伸ばすと痛みが出やすい

走ると着地のたびに骨盤や股関節へ負担がかかります。足裏の使い方、骨盤の傾き、お尻や腸腰筋の硬さなどが重なり、動きが偏ることが背景にあると考えられます。関節や骨の状態による痛みもあるため、診断や画像検査は整形外科の役割です。

一宮整骨院〜Seri〜では、KIRIN整体の視点で関節・筋膜の動きや足裏〜骨盤〜背骨のつながりを確認し、体の使い方を整える補完的なサポートを行います。

痛む日は距離や頻度を控えめにし、無理のない範囲で体を休めてください。

※安静時も痛む、体重をかけられない、しびれを伴う場合は早めに整形外科を受診してください。

愛知県一宮市（名鉄尾西線・苅安賀駅）でランニング時の股関節痛にお悩みの方は、一宮整骨院〜Seri〜へご相談ください。ランニングと股関節痛は下記の記事でも詳しく解説しています。"
yakyukata-naoranai-A,59,野球肩,A,野球肩が長引くとき親が見直したい視点｜一宮市・苅安賀駅,https://ichinomiyaseitaiin.com/blog/yakyukata-naoranai/,,"愛知県一宮市（苅安賀駅）で、野球肩の痛みが長引くお子さんを心配している保護者の方へ。休ませているのに変わらないと、不安になりますよね。

こんなお悩みはありませんか？
・投げない日も肩の違和感が残る
・肘や背中、腰の張りも訴えるようになった
・痛みをかばって投げ方が変わってきた

肩そのものだけでなく、肩甲骨・体幹・股関節の動きの硬さが投球時の負担につながっている場合もあると考えられます。ただし原因は一人ひとり異なり、診断や画像検査は整形外科など医師の役割です。長引くときは、まず受診をおすすめします。

一宮整骨院〜Seri〜では、医療機関での診断・治療を前提に、KIRIN整体の視点で関節・筋膜の動きや姿勢・巡りを整える補完的なサポートを行います。

ご家庭では、痛む間はボールを握らせず、睡眠と食事をしっかりとらせてあげてください。

※夜間も続く痛み、腕が上がらない、強い痛みがある場合は、早めに整形外科を受診してください。

愛知県一宮市（名鉄尾西線・苅安賀駅）で野球肩の長引く痛みにお悩みの方は、一宮整骨院〜Seri〜へご相談ください。見直したい視点は下記の記事でも詳しく解説しています。"
tennishiji-naoranai-A,203,テニス肘・ゴルフ肘,A,テニス肘が長引くときに見直したいこと｜一宮市・苅安賀駅,https://ichinomiyaseitaiin.com/blog/tennishiji-naoranai/,,"愛知県一宮市（苅安賀駅）でテニス肘がなかなか良くならず、お悩みの方へ。休んでも痛みが戻ると、不安になりますよね。

こんなお悩みはありませんか？
・安静にしても、動かすとまた痛みが出る
・湿布やサポーターを使っても、変化を感じにくい
・肘だけでなく、肩や首まわりも張っている

長引く背景には、肘の筋肉や腱への負担に加えて、手首や肩、肩甲骨、姿勢など体全体の使い方が関わっていることがあると考えられます。また、痛みの原因が別にある可能性もあるため、整形外科での検査や診断が欠かせません。

一宮整骨院〜Seri〜では、診断・治療は医療機関の役割としたうえで、KIRIN整体（関節・筋膜の動きや、足裏から骨盤・背骨へのつながりを診る視点）で、肘に負担が集まりやすい体の使い方を確認する補完的なサポートを行っています。

ご自宅では、痛む動作を一つ書き出して、そこを減らす工夫から始めてみてください。

※しびれ、強い痛み、夜間も続く痛みがある場合は、早めに整形外科を受診してください。

愛知県一宮市（名鉄尾西線・苅安賀駅）で長引くテニス肘にお悩みの方は、一宮整骨院〜Seri〜へご相談ください。長引く理由の見直し方は下記の記事でも詳しく解説しています。"
yakyuhiji-rentgen-A,23,野球肘,A,野球肘でレントゲン異常なしと言われたら｜一宮市・苅安賀駅,https://ichinomiyaseitaiin.com/blog/yakyuhiji-rentgen/,,"愛知県一宮市（苅安賀駅）で、野球肘のレントゲンで異常なしと言われたのに痛みが続く方へ。安心しつつも、なぜ痛いのかと戸惑うお気持ちに寄り添います。

こんなお悩みはありませんか？
・検査で異常なしと言われたが投げると痛い
・痛みが出たり引いたりを繰り返している
・いつ練習を再開してよいか分からない

レントゲンは骨の状態を見る検査で、筋肉や腱、軟骨などの変化は写りにくい場合があると考えられます。痛みが続くときは、経過を見る、別の検査を検討するなど、医師に相談することが大切です。検査や診断は医師の役割です。

当院では医師の診断を尊重し、KIRIN整体として肩甲骨や体幹、足裏から骨盤・背骨のつながりを見て、関節や筋膜の動きを整える補完的なサポートを行います。

ご自宅では、痛みを我慢して投げ続けないようにしてください。

※強い痛み、肘が伸びない・曲がらない、しびれがある場合は、再度整形外科を受診してください。

愛知県一宮市（名鉄尾西線・苅安賀駅）で野球肘にお悩みの方は、一宮整骨院〜Seri〜へご相談ください。異常なしと言われた時の考え方は下記の記事でも詳しく解説しています。"
gojukata-kenkohagashi-A,495,五十肩,A,肩甲骨はがしと五十肩｜セルフケアの考え方｜一宮市・苅安賀駅,https://ichinomiyaseitaiin.com/blog/gojukata-kenkohagashi/,2027-02-10,"愛知県一宮市（苅安賀駅）で肩甲骨はがしと五十肩について気になる方へ。「肩甲骨を動かせば五十肩が良くなると聞いた」と、自己流で試す方もいらっしゃいます。

こんなお悩みはありませんか？
・肩甲骨はがしを試したが、肩がかえって痛んだ
・肩甲骨を強く動かして問題ないのか不安
・腕が上がらず、肩甲骨まわりが固まった感じがする

肩の動きは、肩関節だけでなく肩甲骨や背骨の動きも関わっていると考えられています。ただし、痛みが強い時期に無理に動かすと負担になることがあり、五十肩そのものを治す方法とは言えません。

診断・検査・注射・投薬・手術の判断は医師（整形外科等）の役割です。一宮整骨院〜Seri〜では、KIRIN整体の視点で肩甲骨・背骨・骨盤・足裏とのつながりを確認し、補完的にサポートします。

自宅では、痛みの出ない範囲で、肩をすくめて落とす小さな動きから試してみてください。

※夜間痛が強い、痛みが長引く、発熱や胸の痛みを伴う場合は医療機関へ。胸の痛みや息苦しさが強い時は救急要請を。

愛知県一宮市（名鉄尾西線・苅安賀駅）で五十肩のセルフケアにお悩みの方は、一宮整骨院〜Seri〜へご相談ください。肩甲骨はがしとの関係は下記の記事でも詳しく解説しています。"
kubikori-stretch-A,315,緊張型頭痛・首こり,A,首こりのストレッチのやり方と注意点｜一宮市の整骨院が解説,https://ichinomiyaseitaiin.com/blog/kubikori-stretch/,2026-11-13,"愛知県一宮市（苅安賀駅）で首こりのストレッチを探している方へ。やり方を間違えて痛めないか、心配な方も多いのではないでしょうか。

こんなお悩みはありませんか？
・ストレッチをしても首が軽くならない
・伸ばすと痛みやしびれを感じることがある
・どのくらいの強さで行えばよいか分からない

首のストレッチは、筋肉を反動をつけずにゆっくり伸ばすことが基本と考えられています。強く引っ張ったり、痛みを我慢して行ったりすると、かえって負担になる場合があります。首の構造はデリケートなため、無理は禁物です。

一宮整骨院〜Seri〜では、診断や治療は医療機関の役割と考え、KIRIN整体で首・肩甲骨・背骨の動きや姿勢、呼吸を確認する補完的なサポートを行います。

自宅では、息を吐きながら頭を軽く傾け、心地よく伸びる範囲で10〜20秒保つ程度にとどめてみてください。

※手足のしびれや力の入りにくさ、強い痛みが続く、突然の激しい頭痛、ろれつが回らない、発熱と首の硬直がある場合は、すぐ救急要請または医療機関を受診してください。

愛知県一宮市（名鉄尾西線・苅安賀駅）で首こりの方は、一宮整骨院〜Seri〜へご相談ください。ストレッチは下記の記事でも詳しく解説しています。"
kenshoen-yubi-A,255,腱鞘炎・ばね指,A,指の腱鞘炎とばね指の関係｜一宮市・苅安賀駅の整骨院,https://ichinomiyaseitaiin.com/blog/kenshoen-yubi/,2026-10-13,"愛知県一宮市（苅安賀駅）で指の腱鞘炎にお悩みの方へ。朝、指がこわばって動かしにくい、曲げ伸ばしで引っかかる感じがあると、不安になりますよね。

こんなお悩みはありませんか？
・指の付け根が痛む、押すと違和感がある
・朝起きた時に指がこわばっている
・曲げ伸ばしの時に引っかかる感じがある

指の腱鞘炎は、指を曲げる腱とその通り道である腱鞘との間で摩擦が起こる状態と考えられます。腱の動きがさらに悪くなると、ばね指と呼ばれる状態につながる場合もあると考えられます。診断や、注射・手術といった判断は医師（整形外科等）の役割です。

一宮整骨院〜Seri〜では、KIRIN整体の視点から、指や手首の関節・筋膜の動き、腕から肩・背中のつながり、姿勢を確認し、手元への負担を減らす補完的なサポートを行います。

ご自宅では、指を強く握り込む動作を減らし、休憩中に手をゆるめる時間をつくってみてください。

※指が曲がったまま伸びない、伸ばすのに力が必要、強い腫れや熱感がある場合は、早めに整形外科を受診してください。

愛知県一宮市（名鉄尾西線・苅安賀駅）で指の腱鞘炎にお悩みの方は、一宮整骨院〜Seri〜へご相談ください。ばね指との関係とケアは下記の記事でも詳しく解説しています。"
hiza-shippu-A,133,膝痛,A,膝痛に湿布は効く？貼る場所と温冷の疑問｜一宮市・苅安賀駅,https://ichinomiyaseitaiin.com/blog/hiza-shippu/,,"愛知県一宮市（苅安賀駅）で膝の痛みと湿布の使い方にお悩みの方へ。貼っても楽にならないと、このままでよいのか不安になりますよね。

こんなお悩みはありませんか？
・湿布を貼っても痛みが続いている
・温めるべきか冷やすべきか迷う
・どこに貼ればよいかわからない

湿布は痛みをやわらげる補助的なもので、膝痛の原因そのものを診断・治療するものではありません。炎症が強い時期と、動かしにくさが主体の時期では向く対処が異なると考えられ、熱感や腫れの有無が目安になります。使用法は医師や薬剤師に確認してください。

一宮整骨院〜Seri〜では、診断や治療は医療機関の役割と考えたうえで、KIRIN整体の視点から、関節と筋膜の動きや足裏〜骨盤〜背骨のつながりを確認し、姿勢や動き方を整える補完的なサポートを行っています。

自宅では、熱感や腫れがある時は無理に動かさず休ませ、落ち着いてからこわばりの有無を見て温めるかどうかを考えるなど、状態を観察しながら選んでみてください。

※膝に水がたまる、強い腫れや熱感、急な激痛や膝が不安定になる感じがある場合は、早めに整形外科を受診してください。

愛知県一宮市（名鉄尾西線・苅安賀駅）で膝の湿布や温冷でお悩みの方は、一宮整骨院〜Seri〜へご相談ください。温冷の考え方は下記の記事でも詳しく解説しています。"
jiritsu-hakike-A,435,自律神経,A,自律神経の乱れと吐き気｜気持ち悪さが続く時の考え方（一宮市・苅安賀駅）,https://ichinomiyaseitaiin.com/blog/jiritsu-hakike/,2027-01-12,"愛知県一宮市（苅安賀駅）で、吐き気や気持ち悪さにお悩みの方へ。はっきり原因が分からないまま続くと、不安になりますよね。

こんなお悩みはありませんか？
・緊張や疲れがたまるとムカムカする
・乗り物や人混みで気持ち悪くなりやすい
・首や肩が張ると吐き気を感じることがある

吐き気には、胃腸の病気、耳の病気、頭の病気、薬の影響など、さまざまな原因があります。緊張や疲れ、首肩のこわばりが関わる場合もあると考えられますが、まずは原因の確認が大切です。続く場合は、内科や消化器内科、耳鼻咽喉科などで相談してください。

吐き気や自律神経は柔道整復の業務範囲外で、診断・治療・薬は医師の役割です。当院（KIRIN整体）では内臓の治療は行わず、医療機関で確認を受けたうえでの姿勢・呼吸・巡りのコンディショニングと、生活のご相談のみ行います。

自宅では、締めつけの少ない服装で楽な姿勢をとり、ゆっくり息を吐いてみてください。

※繰り返す嘔吐、血を吐く、強い頭痛、ろれつが回らない、手足の麻痺、激しい腹痛、意識がおかしい場合は、すぐに救急要請か受診を。

愛知県一宮市（名鉄尾西線・苅安賀駅）で吐き気と生活のご相談は、一宮整骨院〜Seri〜へどうぞ。吐き気と自律神経については下記の記事でも詳しく解説しています。"
gyaku-nekata-A,375,逆流性食道炎×姿勢,A,逆流性食道炎と寝方・寝る向き｜一宮市・苅安賀駅で夜の不快感を考える,https://ichinomiyaseitaiin.com/blog/gyaku-nekata/,2026-12-13,"愛知県一宮市（苅安賀駅）で、夜寝るときの胸やけや不快感にお悩みの方へ。寝つきが悪くなったり、夜中に目が覚めたりするとつらいものです。

こんなお悩みはありませんか？
・横になると胸やけやのどの違和感が出る
・仰向けで寝ると不快感が強まる気がする
・寝返りがしにくく、朝に体がこわばる

横になると胃の内容物が上がりやすいと言われ、寝る向きや上半身の高さが関わる場合があると考えられます。向きは個人差が大きいため、症状が続くときは医師にご相談ください。

逆流性食道炎は柔道整復の業務範囲外で、診断・検査・薬・治療は医師（消化器内科等）の役割です。当院が行うのは、姿勢・呼吸・腹圧に関わるコンディショニングと生活のご相談のみです。寝姿勢に関わる背骨や骨盤の動き、呼吸のしやすさを、KIRIN整体の視点で確認します。

ご自宅では、就寝の2〜3時間前までに食事をすませ、楽に感じる向きを探ってみてください。

※体重減少、飲み込みにくさ、吐血や黒い便、続く胸の痛みがあるときは、すぐに医療機関（消化器内科等）を受診してください。強い胸痛や息苦しさは救急要請も検討を。

愛知県一宮市（名鉄尾西線・苅安賀駅）で寝方や姿勢が気になる方は、一宮整骨院〜Seri〜へご相談ください。寝方については下記の記事でも詳しく解説しています。"
od-oya-taio-A,167,起立性調節障害,A,起立性調節障害の子への親の対応｜一宮市・苅安賀駅から,https://ichinomiyaseitaiin.com/blog/od-oya-taio/,,"愛知県一宮市（苅安賀駅）で、起立性調節障害（OD）のお子さんへの対応に迷っている保護者の方へ。どう声をかけても空回りしてしまう、そんな戸惑いは珍しくありません。

こんなお悩みはありませんか？
・起きない子に、つい強い口調で接してしまう
・学校や習い事との両立をどう考えればよいか分からない
・周囲の理解が得られず、親も孤立しがち

ODは本人の意思だけでは調整しにくい体調の揺らぎが関わると考えられています。甘えや怠けと決めつけると、親子とも苦しくなることがあります。診断や治療、薬・検査は小児科などの医師の領域ですので、まず受診をおすすめします。

一宮整骨院〜Seri〜は、医療機関での受診・治療と並行して、KIRIN整体で姿勢・呼吸・巡りのコンディショニングと生活のご相談をお手伝いする補完的な立場です。

ご家庭では、叱る前に、今日の体調を一言たずねてみてください。

※失神・胸痛・強い動悸・激しい頭痛・食事や水分がとれない状態、強い落ち込みや「消えてしまいたい」といった言葉があるときは、早めに医療機関を受診し、緊急性が高い場合は救急要請をしてください。

愛知県一宮市（名鉄尾西線・苅安賀駅）で起立性調節障害のお子さんへの対応にお悩みの保護者の方は、一宮整骨院〜Seri〜へご相談ください。対応の考え方は下記の記事でも詳しく解説しています。"
kokansetsu-shibire-A,97,股関節痛,A,股関節の痛みとしびれ｜一宮市・苅安賀駅で原因を考える,https://ichinomiyaseitaiin.com/blog/kokansetsu-shibire/,,"愛知県一宮市（苅安賀駅）で、股関節の痛みとしびれにお悩みの方へ。痛みだけでなくしびれまで出ると、不安が大きくなりますよね。

こんなお悩みはありませんか？
・股関節の痛みに加え、お尻や太ももにしびれがある
・長く座ったり歩いたりするとしびれが強まる
・足の感覚が鈍い、力が入りにくい気がする

しびれは、股関節まわりの筋肉の緊張だけでなく、腰や神経が関わる場合も考えられます。原因の見きわめには、診察や画像検査が必要です。診断は整形外科など医療機関の役割です。

一宮整骨院〜Seri〜は、診断や治療を行う場ではありません。医療機関での確認を前提に、KIRIN整体の視点で関節・筋膜の動きや姿勢・骨盤まわりの状態を確認し、負担を減らす補完的なサポートを行います。

自宅では、同じ姿勢を長く続けず、こまめに体勢を変えてみてください。

※しびれが続く、足に力が入らない、排尿・排便の異常がある、強い痛みがある場合は、早めに整形外科を受診してください。

愛知県一宮市（名鉄尾西線・苅安賀駅）で股関節の痛みとしびれにお悩みの方は、一宮整骨院〜Seri〜へご相談ください。股関節の痛みとしびれは下記の記事でも詳しく解説しています。"
gojukata-supporter-A,497,五十肩,A,五十肩のサポーターの選び方と使い方｜一宮市・苅安賀駅,https://ichinomiyaseitaiin.com/blog/gojukata-supporter/,2027-02-11,"愛知県一宮市（苅安賀駅）で五十肩のサポーターを検討している方へ。「着けた方が楽なのか、かえって動かなくなるのか」と迷う方は多いです。

こんなお悩みはありませんか？
・サポーターを着けても、肩が楽になるのか分からない
・どんなタイプを、どのくらいの時間着ければよいか迷う
・着けっぱなしで肩が固まらないか心配

サポーターは、肩の位置を支えたり、冷えを防いだりする補助的な役割と考えられ、治療そのものではありません。長時間つけ続けて全く動かさないと、動かしにくさにつながる場合もあります。

診断・検査・注射・投薬・手術の判断は医師（整形外科等）の役割です。一宮整骨院〜Seri〜では、KIRIN整体の視点で関節・筋膜の動きや姿勢を確認し、補完的にサポートします。

自宅では、きつく締めすぎず、痛みが強い日や外出時など場面を決めて使い、外す時間も作ってみてください。

※夜間痛が強い、痛みが長引く、発熱や胸の痛みを伴う場合は医療機関へ。胸の痛みや息苦しさが強い時は救急要請を。

愛知県一宮市（名鉄尾西線・苅安賀駅）で五十肩のサポーターにお悩みの方は、一宮整骨院〜Seri〜へご相談ください。選び方は下記の記事でも詳しく解説しています。"
kubikori-tsubo-A,317,緊張型頭痛・首こり,A,首こりのツボ｜セルフケアの考え方と注意点｜一宮市・苅安賀駅,https://ichinomiyaseitaiin.com/blog/kubikori-tsubo/,2026-11-14,"愛知県一宮市（苅安賀駅）で首こりのツボ押しに関心のある方へ。手軽にできるセルフケアとして、試してみたい方も多いですよね。

こんなお悩みはありませんか？
・首や肩のツボを自分で押してみたい
・強く押すほど効く気がして力が入ってしまう
・押した後にかえって痛みが増したことがある

ツボ押しは、心地よい刺激で首まわりの緊張をゆるめるきっかけになると考えられていますが、効果には個人差があります。強く押しすぎると、筋肉を傷めたり、かえって張りを招いたりすることがあります。

一宮整骨院〜Seri〜では、診断や治療は医療機関の役割と考え、KIRIN整体で関節と筋膜の動き、姿勢、呼吸を整える補完的なサポートを行います。

自宅では、息を吐きながら「気持ちよい」と感じる程度の圧で、短時間にとどめてみてください。

※手足のしびれや力の入りにくさ、強い痛みが続く、突然の激しい頭痛、ろれつが回らない、発熱と首の硬直がある場合は、すぐ救急要請または医療機関を受診してください。

愛知県一宮市（名鉄尾西線・苅安賀駅）で首こりの方は、一宮整骨院〜Seri〜へご相談ください。ツボの考え方は下記の記事でも詳しく解説しています。"
kenshoen-sango-A,257,腱鞘炎・ばね指,A,産後・抱っこで手首が痛い｜腱鞘炎のお悩みは一宮市・苅安賀駅へ,https://ichinomiyaseitaiin.com/blog/kenshoen-sango/,2026-10-14,"愛知県一宮市（苅安賀駅）で産後・育児中の腱鞘炎にお悩みの方へ。赤ちゃんを抱っこするたびに手首や親指が痛んでも、手を休められない毎日は本当に大変ですよね。

こんなお悩みはありませんか？
・抱っこや授乳の時に手首や親指が痛む
・おむつ替えやお風呂の時に手首に力が入りにくい
・痛みがあっても育児で手を休める時間がない

産後は、ホルモンバランスの変化や、抱っこ・授乳による手首や親指の繰り返しの負担が重なり、腱鞘炎が起こりやすいと考えられます。ただし個人差があり、痛みの原因は一つとは限りません。診断や治療は医師（整形外科等）の役割です。授乳中のお薬なども医師や薬剤師にご相談ください。

一宮整骨院〜Seri〜では、KIRIN整体の視点から、手首や親指の動き、肩・背中・骨盤の状態や抱っこ姿勢のクセを確認し、負担を減らす補完的なサポートを行います。

ご自宅では、赤ちゃんを体に近づけて抱き、手首を反らせ過ぎない姿勢を意識してみてください。

※強い腫れや熱感、しびれ、親指が動かしにくいなどの症状がある場合は、早めに整形外科を受診してください。

愛知県一宮市（名鉄尾西線・苅安賀駅）で産後・育児の腱鞘炎にお悩みの方は、一宮整骨院〜Seri〜へご相談ください。手を休められない時の工夫は下記の記事でも詳しく解説しています。"
jiritsu-darusa-A,437,自律神経,A,自律神経の乱れとだるさ・疲れやすさ｜休んでも抜けない方へ（一宮市）,https://ichinomiyaseitaiin.com/blog/jiritsu-darusa/,2027-01-13,"愛知県一宮市（苅安賀駅）で、だるさや疲れやすさにお悩みの方へ。しっかり休んでも体が重いと、気持ちまで沈みがちになりますよね。

こんなお悩みはありませんか？
・朝から体が重く、やる気が出にくい
・休日に寝ても疲れが抜けた感じがしない
・少し動いただけで疲れてしまう

だるさには、睡眠不足、生活リズムの乱れ、緊張の持続、呼吸の浅さ、姿勢のくずれなどが関わると考えられます。一方で、貧血、甲状腺の病気、感染症、うつ状態などが隠れていることもあるため、長引くときは内科などで相談してください。

自律神経やだるさは柔道整復の業務範囲外で、診断・治療・薬は医師の役割です。当院（KIRIN整体）では、姿勢・呼吸・巡りを整えるコンディショニングと、生活のご相談にとどめています。

自宅では、朝に光を浴びて軽く体を動かし、夜は早めに画面を閉じてみてください。

※発熱が続く、急な体重の減少、息苦しさ、動悸、胸の痛み、強いめまい、気分の落ち込みが続く場合は、早めに医療機関を受診してください。

愛知県一宮市（名鉄尾西線・苅安賀駅）でだるさや疲れやすさのご相談は、一宮整骨院〜Seri〜へどうぞ。だるさと自律神経については下記の記事でも詳しく解説しています。"
gyaku-makura-A,377,逆流性食道炎×姿勢,A,逆流性食道炎と枕・上半身の高さ｜一宮市・苅安賀駅で寝具を見直す,https://ichinomiyaseitaiin.com/blog/gyaku-makura/,2026-12-14,"愛知県一宮市（苅安賀駅）で、寝ているときの胸やけや、枕の高さにお悩みの方へ。寝具をどう整えればよいか迷う方は多いものです。

こんなお悩みはありませんか？
・平らに寝ると胸やけやのどの違和感が出る
・枕を高くしたら首や肩がつらくなった
・朝起きると首や背中がこわばっている

上半身を少し高くすると楽に感じる方もいますが、首だけを高くすると首や肩に負担がかかりやすいと考えられます。合う高さは個人差があるため、症状が続く場合は医師にご相談ください。

逆流性食道炎は柔道整復の業務範囲外で、診断・検査・薬・治療は医師（消化器内科等）の役割です。当院が行うのは、姿勢・呼吸・腹圧に関わるコンディショニングと生活のご相談のみです。寝姿勢に関わる首・背中・骨盤の動きを、KIRIN整体の視点で確認します。

ご自宅では、枕だけでなく背中から上半身全体をゆるやかに支える工夫を、無理のない範囲で試してみてください。

※体重減少、飲み込みにくさ、吐血や黒い便、続く胸の痛みがあるときは、すぐに医療機関（消化器内科等）を受診してください。強い胸痛や息苦しさは救急要請も検討を。

愛知県一宮市（名鉄尾西線・苅安賀駅）で枕や寝姿勢が気になる方は、一宮整骨院〜Seri〜へご相談ください。枕や上半身の高さは下記の記事でも詳しく解説しています。"
yakyukata-naoshikata-A,61,野球肩,A,野球肩の治し方を探す方へ 家庭のケアと復帰までの流れ｜一宮市,https://ichinomiyaseitaiin.com/blog/yakyukata-naoshikata/,,"愛知県一宮市（苅安賀駅）で、野球肩の対処法を探している選手・保護者の方へ。早くグラウンドに戻りたい気持ち、よく分かります。

こんなお悩みはありませんか？
・投げると肩の前や後ろが痛む
・いつ練習に戻してよいか分からない
・自己流のケアで合っているのか不安

野球肩は、投球の繰り返しによる肩まわりへの負担が背景にあると考えられます。痛みの原因が腱・関節唇・骨のどこにあるかは、整形外科での診察や検査で判断されるものです。復帰の時期も医師の指示に沿って進めることが大切です。

一宮整骨院〜Seri〜では、医療機関での診断・治療と並行して、KIRIN整体の視点で関節や筋膜の動き、姿勢・巡りを整える補完的なサポートを行います。

ご自宅では、痛みが出る動作を避け、十分な休養をとることから始めてください。

※夜間も続く痛み、腕が上がらない、強い痛みがある場合は、早めに整形外科を受診してください。

愛知県一宮市（名鉄尾西線・苅安賀駅）で野球肩の対処や復帰の流れにお悩みの方は、一宮整骨院〜Seri〜へご相談ください。家庭でのケアと復帰までの流れは下記の記事でも詳しく解説しています。"
tennishiji-naoshikata-A,205,テニス肘・ゴルフ肘,A,テニス肘の対処法｜痛い時にまず知りたいこと（一宮市）,https://ichinomiyaseitaiin.com/blog/tennishiji-naoshikata/,,"愛知県一宮市（苅安賀駅）でテニス肘の対処法を探している方へ。痛いまま動かしてよいのか、休むべきか、迷いますよね。

こんなお悩みはありませんか？
・肘の外側を押すと痛みが響く
・ペットボトルのふたを開ける動作がつらい
・スポーツや仕事を休めず、対処に悩んでいる

テニス肘は、手首を反らす筋肉や腱の付け根に負担が集まることで痛みが出ると考えられています。ラケットを使う方だけでなく、家事やパソコン作業の多い方にもみられます。痛みの原因の確認や、注射・投薬などの判断は、整形外科など医療機関の役割です。

一宮整骨院〜Seri〜は、診断・治療ではなく、KIRIN整体（関節・筋膜の動きや姿勢・巡りを整える施術）で、体の使い方を整える補完的なサポートを行っています。

ご自宅では、痛む動作をいったん減らし、肘に負担をかけにくい持ち方を意識してみてください。

※しびれ、強い痛み、腫れ、肘が曲げ伸ばししにくい場合は、早めに整形外科を受診してください。

愛知県一宮市（名鉄尾西線・苅安賀駅）でテニス肘の対処法を探している方は、一宮整骨院〜Seri〜へご相談ください。対処の考え方は下記の記事でも詳しく解説しています。"
yakyuhiji-shogakusei-A,25,野球肘,A,野球肘は小学生に多い？親のサポート｜一宮市・苅安賀駅,https://ichinomiyaseitaiin.com/blog/yakyuhiji-shogakusei/,,"愛知県一宮市（苅安賀駅）で、小学生のお子さまの野球肘が心配な保護者の方へ。好きな野球を続けさせたい気持ちと、痛みへの不安の間で悩まれていることと思います。

こんなお悩みはありませんか？
・投げたあとに肘を気にするしぐさがある
・「痛い」と言わないが、投球が変わってきた
・どこまで練習させてよいか分からない

成長期は骨や軟骨がまだ未成熟で、繰り返しの投球負担がかかりやすい時期と考えられます。痛みを我慢してしまう子も多いため、早めに整形外科で診察や検診を受けることが大切です。診断と治療は医師の役割です。

当院では医療機関での確認を前提に、KIRIN整体として姿勢や体幹、足裏から骨盤・背骨のつながりを見て、関節や筋膜の動きを整える補完的なサポートを行います。

ご家庭では、痛みを訴えたら否定せず、まず休ませて話を聞いてあげてください。

※強い痛み、肘が伸びない・曲がらない、しびれがある場合は、すぐに整形外科を受診してください。

愛知県一宮市（名鉄尾西線・苅安賀駅）で小学生の野球肘にお悩みの方は、一宮整骨院〜Seri〜へご相談ください。原因と親のサポートは下記の記事でも詳しく解説しています。"
hiza-shurui-type-A,135,膝痛,A,膝痛の種類とタイプ｜原因の見分け方｜一宮市・苅安賀駅の整骨院,https://ichinomiyaseitaiin.com/blog/hiza-shurui-type/,,"愛知県一宮市（苅安賀駅）で膝痛のタイプにお悩みの方へ。膝の痛みといっても、痛む場所や動作で状況はさまざまです。

こんなお悩みはありませんか？
・膝の内側だけが痛む
・皿の下や周囲が痛む
・動き始めだけ痛い

膝痛には、変形性膝関節症、半月板や靭帯の損傷、筋肉や腱への負担などさまざまなタイプがあると考えられます。痛む場所や動作で傾向はつかめても、見分けには整形外科での診察や画像検査が欠かせません。自己判断せず、医療機関で状態を確認してください。

一宮整骨院〜Seri〜では、診断や治療は医療機関の役割と考えたうえで、KIRIN整体の視点から、関節と筋膜の動きや足裏〜骨盤〜背骨のつながりを確認し、姿勢や動き方を整える補完的なサポートを行っています。

自宅では、どの動作で、どこが、どのくらい痛むかをメモしておくと、受診時に役立ちます。

※膝に水がたまる、強い腫れや熱感、急な激痛や膝が不安定になる感じがある場合は、早めに整形外科を受診してください。

愛知県一宮市（名鉄尾西線・苅安賀駅）で膝痛のタイプが気になる方は、一宮整骨院〜Seri〜へご相談ください。膝痛の種類は下記の記事でも詳しく解説しています。"
gojukata-shippu-A,499,五十肩,A,五十肩の湿布、使うときの注意｜一宮市・苅安賀駅の整骨院,https://ichinomiyaseitaiin.com/blog/gojukata-shippu/,2027-02-12,"愛知県一宮市（苅安賀駅）で五十肩の湿布について気になる方へ。「湿布を貼れば楽になるのか」「貼る位置はどこか」といったご質問をよく受けます。

こんなお悩みはありませんか？
・湿布を貼っても、痛みが続いている
・冷たいタイプと温かいタイプのどちらを選ぶか迷う
・貼った部分がかぶれてしまった

湿布は、痛みの感じ方をやわらげる補助的な手段と考えられ、五十肩そのものを治すものではありません。薬の種類や使用方法、肌に合うかどうかは、医師や薬剤師への相談が安心です。

診断・検査・注射・投薬・手術の判断は医師（整形外科等）の役割です。一宮整骨院〜Seri〜では、KIRIN整体の視点で関節・筋膜の動きや姿勢を確認し、補完的にサポートします。

自宅では、使用時間や回数を守り、かぶれやかゆみが出たらすぐに外してください。

※夜間痛が強い、痛みが長引く、発熱や胸の痛みを伴う場合は医療機関へ。胸の痛みや息苦しさが強い時は救急要請を。

愛知県一宮市（名鉄尾西線・苅安賀駅）で五十肩のケアにお悩みの方は、一宮整骨院〜Seri〜へご相談ください。湿布の使い方は下記の記事でも詳しく解説しています。"
kubikori-massage-A,319,緊張型頭痛・首こり,A,首こりのマッサージ・セルフケアの注意点｜一宮市・苅安賀駅,https://ichinomiyaseitaiin.com/blog/kubikori-massage/,2026-11-15,"愛知県一宮市（苅安賀駅）で首こりのマッサージを自分で行っている方へ。つらいと、つい強く揉みたくなりますよね。

こんなお悩みはありませんか？
・首を強く揉むと、翌日に痛みやだるさが出る
・マッサージをしても、すぐ元に戻る
・どこをどのくらい揉めばよいか分からない

強いマッサージは、筋肉を守ろうとしてかえって緊張を高める場合があると考えられています。首には大切な神経や血管が通っているため、強く押したり、ひねったりするのは避けたいところです。

一宮整骨院〜Seri〜では、診断や治療は医療機関の役割と考え、KIRIN整体で関節・筋膜の動きや、足裏〜骨盤〜背骨の姿勢のつながり、呼吸を確認する補完的なサポートを行います。

自宅では、手のひら全体で首の付け根をやさしくさする程度にとどめてみてください。

※手足のしびれや力の入りにくさ、強い痛みが続く、突然の激しい頭痛、ろれつが回らない、発熱と首の硬直がある場合は、すぐ救急要請または医療機関を受診してください。

愛知県一宮市（名鉄尾西線・苅安賀駅）で首こりの方は、一宮整骨院〜Seri〜へご相談ください。マッサージの注意点は下記の記事でも詳しく解説しています。"
kenshoen-ansei-A,259,腱鞘炎・ばね指,A,腱鞘炎の安静期間と安静にできない時の工夫｜一宮市・苅安賀駅,https://ichinomiyaseitaiin.com/blog/kenshoen-ansei/,2026-10-15,"愛知県一宮市（苅安賀駅）で腱鞘炎にお悩みの方へ。安静が大切と聞いても、仕事や家事、育児で手を休められないという方は少なくありません。

こんなお悩みはありませんか？
・どのくらい安静にすればよいのか分からない
・仕事や家事で手を使わない日をつくれない
・休むと少し楽になるが、使うとまた痛む

腱鞘炎では、痛みが強い時期に負担を減らすことが基本と考えられますが、安静にする期間や程度は症状や生活状況によって異なります。長引く場合や悪化する場合は、医療機関での確認が必要です。診断や治療の判断は医師（整形外科等）の役割です。

一宮整骨院〜Seri〜では、KIRIN整体の視点から、手首や指の動き、肩・背中・姿勢の状態を確認し、手元に負担を集めにくい動かし方を整える補完的なサポートと生活面のご相談を行います。

ご自宅では、完全に使わないのではなく、休憩の回数を増やす、両手で分担するなど「負担を減らす」ことから始めてみてください。

※強い腫れや熱感、安静にしても続く痛み、しびれ、指が引っかかって動かない場合は、早めに整形外科を受診してください。

愛知県一宮市（名鉄尾西線・苅安賀駅）で腱鞘炎の安静期間にお悩みの方は、一宮整骨院〜Seri〜へご相談ください。安静にできない時の工夫は下記の記事でも詳しく解説しています。"
jiritsu-hie-A,439,自律神経,A,自律神経の乱れと冷え・のぼせ｜手足は冷たいのに顔は熱い方へ（一宮市）,https://ichinomiyaseitaiin.com/blog/jiritsu-hie/,2027-01-14,"愛知県一宮市（苅安賀駅）で、冷えやのぼせにお悩みの方へ。手足は冷たいのに顔だけ熱くなると、対処に迷いますよね。

こんなお悩みはありませんか？
・手足や足先がいつも冷たい
・上半身は熱いのに下半身は冷えている
・季節や室温の変化で体調が揺らぎやすい

冷えやのぼせには、血流や体温調整、睡眠、緊張、運動不足、姿勢などが関わると考えられます。一方で、甲状腺の病気、貧血、血管の病気などが隠れることもあり、更年期の時期に起こる場合もあります。気になるときは内科や婦人科などで相談してください。

自律神経は柔道整復の業務範囲外で、診断・治療・薬は医師の役割です。当院（KIRIN整体）では、足裏から骨盤・背骨のつながりや呼吸、巡りを整えるコンディショニングと、生活のご相談にとどめています。

自宅では、足首や首元を冷やさず、入浴でゆっくり温まってみてください。

※片側だけの急な冷えや色の変化、強い痛み、しびれ、動悸、息苦しさ、胸の痛みがある場合は、早めに医療機関を受診してください。

愛知県一宮市（名鉄尾西線・苅安賀駅）で冷えやのぼせのご相談は、一宮整骨院〜Seri〜へどうぞ。冷え・のぼせと自律神経については下記の記事でも詳しく解説しています。"
gyaku-himan-A,379,逆流性食道炎×姿勢,A,逆流性食道炎と体重・お腹まわり｜一宮市・苅安賀駅で腹圧との関係を考える,https://ichinomiyaseitaiin.com/blog/gyaku-himan/,2026-12-15,"愛知県一宮市（苅安賀駅）で、お腹まわりの変化と胸やけが気になる方へ。体型の変化に気づいても、どう向き合えばよいか迷うことがあります。

こんなお悩みはありませんか？
・体重が増えてから胸やけを感じやすくなった
・お腹まわりが張り、ベルトがきつく感じる
・猫背気味で、前かがみの姿勢が多い

お腹まわりの脂肪や体重の増加は、腹圧を高める要因のひとつになると考えられます。ただし原因は人それぞれのため、医療機関での診断が大切です。意図しない体重減少がある場合は、特に早めの受診が必要です。

逆流性食道炎は柔道整復の業務範囲外で、診断・検査・薬・治療は医師（消化器内科等）の役割です。当院が行うのは、姿勢・呼吸・腹圧に関わるコンディショニングと生活のご相談のみです。KIRIN整体の視点で、姿勢、骨盤の動き、呼吸の様子を確認します。

ご自宅では、無理のない範囲での散歩と、ゆっくり噛んで食べる習慣から始めてみてください。

※体重減少、飲み込みにくさ、吐血や黒い便、続く胸の痛みがあるときは、すぐに医療機関（消化器内科等）を受診してください。強い胸痛や息苦しさは救急要請も検討を。

愛知県一宮市（名鉄尾西線・苅安賀駅）で体重やお腹まわり、姿勢が気になる方は、一宮整骨院〜Seri〜へご相談ください。腹圧との関係は下記の記事でも詳しく解説しています。"
od-seitai-A,169,起立性調節障害,A,起立性調節障害に整体でできること｜一宮・苅安賀駅の整骨院,https://ichinomiyaseitaiin.com/blog/od-seitai/,,"愛知県一宮市（苅安賀駅）で、起立性調節障害（OD）のお子さんに整体が合うのか迷っている保護者の方へ。期待と不安の両方があるのは自然なことです。

こんなお悩みはありませんか？
・朝のだるさや立ちくらみが続いている
・首や肩、背中のこわばりも気になる
・病院と並行して、体のケアも考えたい

ODの診断や治療、薬・検査は、小児科などの医師の領域です。整体でODそのものを治療することはできません。そのうえで、姿勢や呼吸の浅さ、体の緊張が気になるお子さんは少なくないと考えられます。

一宮整骨院〜Seri〜では、医療機関の受診・治療と並行し、KIRIN整体の視点で関節・筋膜の動きや、足裏〜骨盤〜背骨のつながり、呼吸・巡りの状態を確認する補完的なサポートを行います。

ご家庭では、無理のない範囲でゆっくり深呼吸する時間を作ってみてください。

※失神・胸痛・強い動悸・激しい頭痛・食事や水分がとれない状態、強い落ち込みや「消えてしまいたい」といった言葉があるときは、早めに医療機関を受診し、緊急性が高い場合は救急要請をしてください。

愛知県一宮市（名鉄尾西線・苅安賀駅）で起立性調節障害と整体についてお悩みの保護者の方は、一宮整骨院〜Seri〜へご相談ください。整体の役割は下記の記事でも詳しく解説しています。"
kokansetsu-shippu-A,99,股関節痛,A,股関節痛に湿布は効く？貼る場所と温冷の考え方｜一宮市,https://ichinomiyaseitaiin.com/blog/kokansetsu-shippu/,,"愛知県一宮市（苅安賀駅）で、股関節痛の湿布についてお悩みの方へ。貼っても痛みが気になると、このまま続けてよいか迷いますよね。

こんなお悩みはありませんか？
・股関節のどこに貼ればよいかわからない
・温湿布と冷湿布のどちらを選ぶか迷う
・湿布を貼っても痛みが気になる

湿布は、痛みを一時的に和らげる補助的な手段と考えられます。股関節は体の深い位置にあり、貼った部位だけで状態が変わるとは限りません。痛みの背景には関節の状態や筋肉の緊張などがあり、原因の診断や薬の判断は医師・薬剤師の役割です。

一宮整骨院〜Seri〜は、診断や治療を行う場ではありません。医療機関での確認を前提に、KIRIN整体の視点で関節・筋膜の動きや姿勢・骨盤まわりを確認し、補完的にサポートします。

自宅では、使用上の注意を守り、かぶれや皮膚の違和感があれば使用を中止してください。

※強い痛み、腫れ・熱感、体重をかけられない、しびれがある場合は、早めに整形外科を受診してください。

愛知県一宮市（名鉄尾西線・苅安賀駅）で股関節痛にお悩みの方は、一宮整骨院〜Seri〜へご相談ください。湿布の使い方は下記の記事でも詳しく解説しています。"
tennishiji-seitai-A,207,テニス肘・ゴルフ肘,A,テニス肘に整骨院・整体でできること｜一宮市・苅安賀駅,https://ichinomiyaseitaiin.com/blog/tennishiji-seitai/,,"愛知県一宮市（苅安賀駅）でテニス肘に整骨院や整体を検討している方へ。何を期待してよいのか、どこまで任せられるのか、気になりますよね。

こんなお悩みはありませんか？
・病院に行くほどか、整骨院で相談すべきか迷う
・肘だけでなく、肩や首の張りも気になる
・痛みが出にくい体の使い方を知りたい

テニス肘は、肘の外側の腱や筋肉への負担が背景にあると考えられます。ただし、同じような痛みでも原因はさまざまです。診断や画像検査、注射・投薬・手術の判断は、整形外科など医療機関の役割となります。

一宮整骨院〜Seri〜は、柔道整復師によるKIRIN整体で、関節・筋膜の動きや、足裏から骨盤・背骨へのつながりを診る姿勢循環整体の視点から、肘に負担が集まる体の使い方を確認します。治療の代わりではなく、医療機関と並行する補完的なサポートです。

ご自宅では、痛む動作を減らし、腕を休ませる時間を意識してみてください。

※しびれ、強い痛み、腫れがある場合は、先に整形外科を受診してください。

愛知県一宮市（名鉄尾西線・苅安賀駅）でテニス肘のケアで整骨院・整体を検討している方は、一宮整骨院〜Seri〜へご相談ください。整骨院・整体でできることは下記の記事でも詳しく解説しています。"
yakyuhiji-sotogawa-A,27,野球肘,A,野球肘の外側が痛い時に知りたいこと｜一宮市・苅安賀駅,https://ichinomiyaseitaiin.com/blog/yakyuhiji-sotogawa/,,"愛知県一宮市（苅安賀駅）で、野球肘の外側の痛みにお悩みの方へ。内側とは違う場所の痛みに、不安を感じていらっしゃるかもしれません。

こんなお悩みはありませんか？
・投げると肘の外側が痛む
・肘を曲げ伸ばしすると違和感がある
・痛みが軽いので続けてしまっている

肘の外側は、投球で圧迫の負担がかかりやすい部位と考えられています。離断性骨軟骨炎（OCD）は初期に症状が少ないまま進むことがあり、野球肘検診やエコーでの早期発見が大切です。診断や画像検査は整形外科の役割です。

当院では医療機関での確認を前提に、KIRIN整体として肩甲骨や体幹、足裏から骨盤・背骨のつながりを見て、関節や筋膜の動きを整える補完的なサポートを行います。

ご自宅では、痛みがある間は投球を控えてください。

※強い痛み、肘が伸びない・曲がらない、しびれがある場合は、早めに整形外科を受診してください。

愛知県一宮市（名鉄尾西線・苅安賀駅）で野球肘の外側の痛みにお悩みの方は、一宮整骨院〜Seri〜へご相談ください。外側が痛む時の注意点は下記の記事でも詳しく解説しています。"
yakyukata-seitai-A,63,野球肩,A,野球肩に整体でできること 一宮市・苅安賀駅の整骨院,https://ichinomiyaseitaiin.com/blog/yakyukata-seitai/,,"愛知県一宮市（苅安賀駅）で、野球肩に整体が役立つのか迷っている方へ。病院と整体、どう使い分ければよいか悩みますよね。

こんなお悩みはありませんか？
・病院で診てもらったが、痛みが続いている
・投球フォームや体の硬さが気になる
・整体で何をしてもらえるのか知りたい

野球肩は、肩の使い過ぎに加え、肩甲骨や背骨、股関節の動きの連動が関わっていると考えられます。ただし、痛みの原因の特定や画像検査、注射・投薬・手術の判断は、整形外科など医師の役割です。

一宮整骨院〜Seri〜は、医療機関の診断・治療を前提に、柔道整復師がKIRIN整体で関節と筋膜の動き、姿勢・巡りを整える補完的なサポートを行います。整体だけで診断や治療の代わりになるものではありません。

ご自宅では、痛む動作を無理に繰り返さず、肩を休ませてください。

※夜間も続く痛み、腕が上がらない、強い痛みがある場合は、早めに整形外科を受診してください。

愛知県一宮市（名鉄尾西線・苅安賀駅）で野球肩と整体の関わりを知りたい方は、一宮整骨院〜Seri〜へご相談ください。整体でできることは下記の記事でも詳しく解説しています。"
gojukata-massage-A,501,五十肩,A,五十肩のマッサージは自分でどこまで？一宮市の整骨院が注意点を解説,https://ichinomiyaseitaiin.com/blog/gojukata-massage/,2027-02-13,"愛知県一宮市（苅安賀駅）で五十肩のマッサージについてお悩みの方へ。肩が痛いと、つい強く揉んで楽にしたくなりますよね。

こんなお悩みはありませんか？
・痛む肩を自分で強く揉んでしまう
・マッサージのあとに痛みが強まった気がする
・どこまで触ってよいのか分からない

五十肩は、肩関節まわりの組織に炎症や硬さが生じている状態と考えられます。時期によっては強い刺激が負担になることもあるため、痛みの強い時期は無理に揉まないことが大切です。

一宮整骨院〜Seri〜では、診断や治療は医療機関の役割と考えたうえで、KIRIN整体の視点から関節と筋膜の動き、姿勢や呼吸のクセを確認し、補完的にサポートしています。

自宅では、強く押さず、手のひらでやさしくさする程度にとどめましょう。

※安静にしていても強い痛みがある、夜間痛で眠れない日が続く、腕に力が入らない、しびれを伴う、発熱や胸の痛みを伴う場合は、早めに医療機関を受診してください。

愛知県一宮市（名鉄尾西線・苅安賀駅）で五十肩のマッサージにお悩みの方は、一宮整骨院〜Seri〜へご相談ください。マッサージの注意点は下記の記事でも詳しく解説しています。"
kubikori-goods-A,321,緊張型頭痛・首こり,A,首こり解消グッズの選び方｜一宮市・苅安賀駅の整骨院が解説,https://ichinomiyaseitaiin.com/blog/kubikori-goods/,2026-11-16,"愛知県一宮市（苅安賀駅）で首こり解消グッズの選び方にお悩みの方へ。店頭にたくさん並んでいて、どれが自分に合うのか迷いますよね。

こんなお悩みはありませんか？
・グッズを買ったが、合っているのかわからない
・使った直後は楽でも、重だるさが戻ってくる
・デスクワークやスマホで首が前に出やすい

首こりには、同じ姿勢が続くことによる首・肩まわりの筋肉の緊張や姿勢のくせが関わっていると考えられます。グッズは負担を軽くする補助的な手段で、痛みが強い場合や手のしびれを伴う場合は整形外科での確認もすすめられます。

一宮整骨院〜Seri〜では、柔道整復師がKIRIN整体の視点で、関節と筋膜の動きや足裏から骨盤・背骨へのつながりを確認し、首に負担が集まる姿勢のくせを整える補完的なサポートを行っています。診断や画像検査は医師の役割です。

グッズは強く当てすぎず、違和感があれば使用を中止するのが基本です。

※突然の激しい頭痛、手足の麻痺やしびれ、ろれつが回らない、物が二重に見える、発熱と首の硬直、意識がおかしいといった場合は、すぐ救急要請や受診をしてください。

愛知県一宮市（名鉄尾西線・苅安賀駅）で首こりやグッズ選びの方は、一宮整骨院〜Seri〜へご相談ください。首こり解消グッズの選び方は下記の記事でも詳しく解説しています。"
baneyubi-toha-A,261,腱鞘炎・ばね指,A,ばね指とは？腱鞘炎との関係｜一宮市・苅安賀駅の整骨院,https://ichinomiyaseitaiin.com/blog/baneyubi-toha/,2026-10-16,"愛知県一宮市（苅安賀駅）でばね指にお悩みの方へ。指を曲げ伸ばしする時にカクッと引っかかる感じがあると、どうなっているのか気になりますよね。

こんなお悩みはありませんか？
・朝、指が曲がったままこわばっている
・指を伸ばす時にカクッと引っかかる
・指の付け根を押すと痛む、しこりのような感触がある

ばね指は、指を曲げる腱と腱鞘の間で動きが悪くなり、腱がスムーズに通りにくくなる状態と考えられており、腱鞘炎と深く関わるといわれます。手をよく使う方のほか、妊娠・産後や更年期の女性に多いと考えられますが、個人差があります。診断や、注射・手術の判断は医師（整形外科等）の役割です。

一宮整骨院〜Seri〜では、KIRIN整体の視点から、指・手首の関節や筋膜の動き、肩や姿勢とのつながりを確認し、手元の負担を減らす補完的なサポートを行います。

ご自宅では、引っかかる指を無理に反動で伸ばさず、握り込む動作を減らして手を休めてみてください。

※指が曲がったまま伸びない、強い腫れや熱感がある場合は、早めに整形外科を受診してください。

愛知県一宮市（名鉄尾西線・苅安賀駅）でばね指にお悩みの方は、一宮整骨院〜Seri〜へご相談ください。ばね指と腱鞘炎の関係は下記の記事でも詳しく解説しています。"
jiritsu-desk-A,441,自律神経,A,自律神経とデスクワーク・スマホ姿勢｜一宮市の整骨院が解説,https://ichinomiyaseitaiin.com/blog/jiritsu-desk/,2027-01-15,"愛知県一宮市（苅安賀駅）で、デスクワークやスマホ姿勢と自律神経の乱れにお悩みの方へ。一日中画面に向かっていると、体も気持ちも休まらないと感じることがありますよね。

こんなお悩みはありませんか？
・長時間座ったあと、首や肩が重く疲れが抜けにくい
・スマホを見る時間が長く、呼吸が浅い気がする
・夜になっても体の緊張感が続く

前かがみの姿勢が続くと、胸まわりが縮こまって呼吸が浅くなりやすく、緊張が抜けにくい状態につながると考えられます。ただし不調の原因はさまざまなため、症状が続くときは医療機関での相談が大切です。

自律神経の診断や治療は医師の役割で、当院では行いません。一宮整骨院〜Seri〜では、柔道整復師がKIRIN整体の視点で、関節・筋膜の動きや足裏〜骨盤〜背骨のつながりを確認し、姿勢・呼吸・巡りのコンディショニングと生活のご相談をお受けしています。

自宅では、1時間に1回立ち上がり、肩の力を抜いてゆっくり息を吐いてみてください。

※動悸・息苦しさ・強いめまい・立ちくらみ・胸の痛みがある場合は、早めに医療機関を受診してください。症状が強いときは救急要請も検討しましょう。

愛知県一宮市（名鉄尾西線・苅安賀駅）でデスクワークやスマホ姿勢が気になる方は、一宮整骨院〜Seri〜へご相談ください。詳しくは下記の記事でも解説しています。"
gyaku-belt-A,381,逆流性食道炎×姿勢,A,逆流性食道炎とベルト・締め付け｜一宮市で服装の工夫を相談,https://ichinomiyaseitaiin.com/blog/gyaku-belt/,2026-12-16,"愛知県一宮市（苅安賀駅）でベルトや服の締め付けと逆流性食道炎にお悩みの方へ。食後に胸やけが気になると、何が関係しているのか不安になりますよね。

こんなお悩みはありませんか？
・ベルトやズボンがきついと食後に胸やけを感じる
・前かがみになると酸っぱいものが上がる感じがする
・仕事中の服装や座り方をどう変えればよいか迷っている

お腹まわりを強く締めると腹圧が高まり、胃のあたりに負担がかかる場合があると考えられます。ただ、症状の背景はさまざまで、服装だけで決まるわけではありません。

一宮整骨院〜Seri〜は柔道整復師が施術を行う整骨院で、逆流性食道炎の診断・検査・薬・治療は行いません。それらは消化器内科などの医師の役割です。当院ができるのは、KIRIN整体の視点で姿勢・呼吸・腹圧に関わるコンディショニングと、生活のご相談にとどまります。

ご自宅では、食後はベルトを一段ゆるめる、ウエストが柔らかい服を選ぶなど、無理のない範囲で試してみてください。

※体重の減少、飲み込みにくさ、吐血や黒い便、持続する胸の痛みがある場合は、自己判断せずすぐに医療機関を受診してください。

愛知県一宮市（名鉄尾西線・苅安賀駅）で逆流性食道炎と服装・締め付けの関係についてお悩みの方は、一宮整骨院〜Seri〜へご相談ください。逆流性食道炎と服装・締め付けの関係については下記の記事でも詳しく解説しています。"
hiza-stretch-A,137,膝痛,A,膝痛ストレッチの注意点｜痛い時のやり方｜一宮市・苅安賀駅,https://ichinomiyaseitaiin.com/blog/hiza-stretch/,,"愛知県一宮市（苅安賀駅）で膝痛とストレッチにお悩みの方へ。痛い膝を動かしてよいのか、迷いますよね。

こんなお悩みはありませんか？
・ストレッチで余計に痛くなった
・どの筋肉を伸ばせばよいかわからない
・運動を始めたいが膝が心配

膝痛では、太ももの前後、お尻、ふくらはぎの硬さが膝の動きに影響していると考えられます。ただし、痛みを我慢して伸ばすと負担が増えることもあります。腫れや熱感がある時期は控え、必要に応じて整形外科で確認してください。

一宮整骨院〜Seri〜では、診断や治療は医療機関の役割と考えたうえで、KIRIN整体の視点から、関節と筋膜の動きや足裏〜骨盤〜背骨のつながりを確認し、姿勢や動き方を整える補完的なサポートを行っています。

自宅では、呼吸を止めず、痛みの出ない範囲でゆっくり行うことを心がけてください。

※膝に水がたまる、強い腫れや熱感、急な激痛や膝が不安定になる感じがある場合は、早めに整形外科を受診してください。

愛知県一宮市（名鉄尾西線・苅安賀駅）で膝痛でストレッチを始めたい方は、一宮整骨院〜Seri〜へご相談ください。膝痛のストレッチは下記の記事でも詳しく解説しています。"
kokansetsu-soccer-A,101,股関節痛,A,サッカーで股関節が痛い｜一宮市・苅安賀駅で原因を考える,https://ichinomiyaseitaiin.com/blog/kokansetsu-soccer/,,"愛知県一宮市（苅安賀駅）で、サッカーによる股関節の痛みにお悩みの方へ。思い切りプレーしたいのに痛みが気になると、もどかしいですよね。

こんなお悩みはありませんか？
・キックやダッシュで股関節の付け根が痛む
・練習後に内ももや鼠径部が張る
・方向転換や開脚で引っかかる感じがある

サッカーでは、蹴る・止まる・切り返すといった動作で股関節に大きな負担がかかります。股関節の動き、骨盤の安定、足裏の使い方のバランスが崩れると、特定の部位に負担が集まると考えられます。成長期は骨や関節への配慮が必要で、診断や画像検査は整形外科の役割です。

一宮整骨院〜Seri〜では、KIRIN整体の視点で関節・筋膜の動きや足裏〜骨盤〜背骨のつながりを確認し、体の使い方を整える補完的なサポートを行います。

練習後は体を休め、痛みが強い日は無理をしないでください。

※強い痛み、腫れ、歩行が困難、安静時も痛む場合は整形外科を受診してください。

愛知県一宮市（名鉄尾西線・苅安賀駅）でサッカーの股関節痛にお悩みの方は、一宮整骨院〜Seri〜へご相談ください。サッカーと股関節痛は下記の記事でも詳しく解説しています。"
gojukata-chiryou-A,503,五十肩,A,五十肩の治療にはどんな方法がある？一宮市で知っておきたい基礎知識,https://ichinomiyaseitaiin.com/blog/gojukata-chiryou/,2027-02-14,"愛知県一宮市（苅安賀駅）で五十肩の治療方法についてお悩みの方へ。何を選べばよいか迷うのは自然なことです。

こんなお悩みはありませんか？
・整形外科でどんな対応をするのか知りたい
・薬や注射、リハビリの違いが分からない
・今の自分にどの方法が合うのか不安

五十肩は、診断や画像検査を経て、薬による痛みの管理、注射、リハビリなどを医師が状況に応じて判断すると考えられます。経過は急性期・拘縮期・回復期で個人差があります。

診断・検査・注射・投薬・手術は医師の役割です。一宮整骨院〜Seri〜では、KIRIN整体の視点から関節と筋膜の動き、姿勢や呼吸を整える補完的なサポートを行います。

自宅では、痛みの強い時期は無理に動かさず、痛みの出ない範囲で日常を過ごしましょう。

※安静にしていても強い痛みがある、夜間痛で眠れない日が続く、腕に力が入らない、しびれを伴う、発熱や胸の痛みを伴う場合は、早めに医療機関を受診してください。

愛知県一宮市（名鉄尾西線・苅安賀駅）で五十肩の治療方法にお悩みの方は、一宮整骨院〜Seri〜へご相談ください。医療機関での対応は下記の記事でも詳しく解説しています。"
kubikori-makura-A,323,緊張型頭痛・首こり,A,首こりと枕の関係｜合う枕の選び方を一宮市の整骨院が解説,https://ichinomiyaseitaiin.com/blog/kubikori-makura/,2026-11-17,"愛知県一宮市（苅安賀駅）で首こりと枕の関係にお悩みの方へ。朝起きたときに首が重いと、一日のスタートからつらいですよね。

こんなお悩みはありませんか？
・朝起きると首や肩が固まっている
・寝返りを打ちにくいと感じる
・枕を替えても、しっくりこない

枕の高さや硬さが合わないと、寝ている間に首まわりの筋肉が緊張しやすくなることがあると考えられます。ただ、首こりの背景は寝具だけとは限らず、日中の姿勢も関わります。強い痛みやしびれがある場合は医療機関での確認も大切です。

一宮整骨院〜Seri〜では、柔道整復師がKIRIN整体の視点で、関節と筋膜の動きや足裏から骨盤・背骨へのつながりを確認し、首に負担が集まる姿勢のくせを整える補完的なサポートを行っています。診断や画像検査は医師の役割です。

枕は、仰向けで顔が天井と水平に近く、首に力みが出にくい高さを目安にしてみてください。

※突然の激しい頭痛、手足の麻痺やしびれ、ろれつが回らない、物が二重に見える、発熱と首の硬直、意識がおかしいといった場合は、すぐ救急要請や受診をしてください。

愛知県一宮市（名鉄尾西線・苅安賀駅）で首こりと枕の方は、一宮整骨院〜Seri〜へご相談ください。首こりと枕の関係は下記の記事でも詳しく解説しています。"
baneyubi-genin-A,263,腱鞘炎・ばね指,A,ばね指の原因｜女性・更年期・産後に多い理由｜一宮市・苅安賀駅,https://ichinomiyaseitaiin.com/blog/baneyubi-genin/,2026-10-17,"愛知県一宮市（苅安賀駅）でばね指にお悩みの方へ。なぜ自分に起こったのか、なぜ女性に多いといわれるのか、疑問をお持ちの方も多いのではないでしょうか。

こんなお悩みはありませんか？
・更年期に入ってから指のこわばりが気になる
・産後、育児を始めてから指が引っかかる
・手をよく使う仕事で指の付け根が痛む

ばね指は、腱と腱鞘の間の摩擦が続くことで起こると考えられ、手の使い過ぎが背景にあるとされます。妊娠・産後や更年期の女性に多いといわれ、ホルモンバランスの変化が関わる可能性も考えられますが、はっきりした原因は人によって異なります。診断や、注射・手術の判断は医師（整形外科等）の役割です。

一宮整骨院〜Seri〜では、KIRIN整体の視点から、指や手首の動き、肩・背中・骨盤の状態、姿勢のクセを確認し、手元への負担を減らす補完的なサポートを行います。

ご自宅では、握り込む作業を減らし、手を温めてゆっくり動かす時間をつくってみてください。

※指が曲がったまま伸びない、強い腫れや熱感、しびれがある場合は、早めに整形外科を受診してください。

愛知県一宮市（名鉄尾西線・苅安賀駅）でばね指の原因にお悩みの方は、一宮整骨院〜Seri〜へご相談ください。ばね指の原因は下記の記事でも詳しく解説しています。"
jiritsu-kounenki-A,443,自律神経,A,自律神経と更年期｜ゆらぎ期の体調を姿勢・呼吸から考える,https://ichinomiyaseitaiin.com/blog/jiritsu-kounenki/,2027-01-15,"愛知県一宮市（苅安賀駅）で、更年期のゆらぎ期の体調や自律神経の乱れにお悩みの方へ。何となく不調が続き、周りに話しにくいと感じている方も少なくありません。

こんなお悩みはありませんか？
・ほてりや汗、寝つきの悪さが気になる
・気分の波や疲れやすさが続いている
・肩こりや首のこわばりが強くなってきた

更年期は女性ホルモンの変化が体調に影響しやすい時期と考えられ、自律神経の働きとも関わるといわれています。つらさには個人差があるため、症状が強いときは婦人科などでの相談・検査が大切です。

診断や治療、薬の判断は医師の役割で、当院では行いません。一宮整骨院〜Seri〜では、柔道整復師がKIRIN整体の視点で、関節・筋膜の動きや足裏〜骨盤〜背骨のつながりを確認し、姿勢・呼吸・巡りのコンディショニングと生活のご相談をお受けしています。

自宅では、寝る前に照明を落とし、ゆっくり長く息を吐く時間を数分つくってみてください。

※動悸・息苦しさ・強いめまい・胸の痛みがある、不正出血が続く、気分の落ち込みが強いといった場合は、早めに医療機関を受診してください。

愛知県一宮市（名鉄尾西線・苅安賀駅）で更年期のゆらぎ期の体調が気になる方は、一宮整骨院〜Seri〜へご相談ください。詳しくは下記の記事でも解説しています。"
gyaku-undou-A,383,逆流性食道炎×姿勢,A,逆流性食道炎と運動・ウォーキング｜一宮市で姿勢と呼吸を相談,https://ichinomiyaseitaiin.com/blog/gyaku-undou/,2026-12-17,"愛知県一宮市（苅安賀駅）で運動やウォーキングと逆流性食道炎にお悩みの方へ。動くと胸やけが出そうで、体を動かすのをためらっていませんか。

こんなお悩みはありませんか？
・食後すぐに歩くと胸やけが気になる
・腹筋や前かがみの運動で違和感が出る
・どのくらい動いてよいのか分からない

運動の内容やタイミングによっては、腹圧が高まったり、食後の胃に負担がかかったりする場合があると考えられます。無理のない範囲は人によって異なるため、主治医の指示を優先してください。

一宮整骨院〜Seri〜は柔道整復師が施術を行う整骨院で、逆流性食道炎の診断・検査・薬・治療は行いません。それらは消化器内科などの医師の役割です。当院ができるのは、KIRIN整体の視点で姿勢・呼吸・腹圧に関わるコンディショニングと、生活のご相談にとどまります。

ご自宅では、食後はしばらく時間をあけ、息が上がらない程度の散歩から取り入れてみてください。

※体重の減少、飲み込みにくさ、吐血や黒い便、持続する胸の痛みがある場合は、自己判断せずすぐに医療機関を受診してください。

愛知県一宮市（名鉄尾西線・苅安賀駅）で逆流性食道炎と運動の付き合い方についてお悩みの方は、一宮整骨院〜Seri〜へご相談ください。逆流性食道炎と運動の付き合い方については下記の記事でも詳しく解説しています。"
od-shokuji-A,171,起立性調節障害,A,起立性調節障害の塩分・水分・食事｜一宮市・苅安賀駅から,https://ichinomiyaseitaiin.com/blog/od-shokuji/,,"愛知県一宮市（苅安賀駅）で、起立性調節障害（OD）のお子さんの塩分・水分・食事について悩んでいる保護者の方へ。ネットでは情報が多く、何を信じてよいか迷いますよね。

こんなお悩みはありませんか？
・朝ごはんが食べられない日が多い
・水分や塩分をどれくらいとればよいか分からない
・偏食や食欲の波が気になっている

ODでは、医師の診察にもとづき、水分や塩分について指導が行われることがあります。ただし適切な量は、お子さんの状態や持病によって異なると考えられます。自己判断で増やしたり減らしたりせず、小児科などの医療機関で確認してください。

一宮整骨院〜Seri〜は、食事や水分の治療を行う場ではなく、医療機関と並行して、KIRIN整体の視点で姿勢・呼吸・巡りを整えるコンディショニングや生活のご相談をお手伝いする補完的な立場です。

ご家庭では、食べられるものを少量ずつ、責めずに見守ってください。

※失神・胸痛・強い動悸・激しい頭痛・食事や水分がとれない状態、強い落ち込みや「消えてしまいたい」といった言葉があるときは、早めに医療機関を受診し、緊急性が高い場合は救急要請をしてください。

愛知県一宮市（名鉄尾西線・苅安賀駅）で起立性調節障害の食事・水分にお悩みの保護者の方は、一宮整骨院〜Seri〜へご相談ください。食事や水分の考え方は下記の記事でも詳しく解説しています。"
tennishiji-shippu-A,209,テニス肘・ゴルフ肘,A,テニス肘に湿布は？貼る前に知りたい考え方｜一宮市,https://ichinomiyaseitaiin.com/blog/tennishiji-shippu/,,"愛知県一宮市（苅安賀駅）でテニス肘に湿布を使うか迷っている方へ。貼る場所や、温めるか冷やすかも悩みどころですよね。

こんなお悩みはありませんか？
・肘の外側の痛みに、湿布を貼り続けている
・どの場所に貼ればよいのか分からない
・湿布だけで様子を見てよいのか不安

湿布は痛みをやわらげる補助であり、痛みの原因そのものを治療するものではないと考えられます。薬の種類や使い方、肌への影響は、医師や薬剤師に相談するのが安心です。長引く痛みの診断や画像検査も、整形外科など医療機関の役割です。

一宮整骨院〜Seri〜は、診断や投薬を行う場ではなく、KIRIN整体（関節・筋膜の動きや姿勢・巡りを整える施術）で、肘に負担が集まる体の使い方を確認する補完的なサポートをしています。

ご自宅では、貼る場所に頼りきらず、痛む動作を減らす工夫も合わせて意識してみてください。

※かぶれ、強い痛み、腫れや熱感、しびれがある場合は、使用を中止して早めに受診してください。

愛知県一宮市（名鉄尾西線・苅安賀駅）でテニス肘の湿布の使い方に迷っている方は、一宮整骨院〜Seri〜へご相談ください。湿布の考え方は下記の記事でも詳しく解説しています。"
yakyuhiji-stretch-A,29,野球肘,A,野球肘のストレッチの考え方｜一宮市・苅安賀駅の整骨院,https://ichinomiyaseitaiin.com/blog/yakyuhiji-stretch/,,"愛知県一宮市（苅安賀駅）で、野球肘のストレッチについて知りたい方へ。何を伸ばせばよいのか、痛い時もしてよいのか迷いますよね。

こんなお悩みはありませんか？
・前腕や肘まわりが張っている
・肩や背中が硬く、投げ方が窮屈に感じる
・ストレッチをすると痛みが強くなる

投球では、肘だけでなく肩甲骨、体幹、股関節の動きも関わると考えられます。ただし痛みがある時に無理に伸ばすと負担になる場合もあり、まず整形外科で状態を確認することが大切です。診断と治療は医師の役割です。

当院では医療機関での確認を前提に、KIRIN整体として足裏から骨盤・背骨のつながりを見て、関節や筋膜の動きを整える補完的なサポートを行います。

ご自宅では、痛みのない範囲で、呼吸を止めずにゆっくり行ってください。

※強い痛み、肘が伸びない・曲がらない、しびれがある場合は、ストレッチを中止して整形外科を受診してください。

愛知県一宮市（名鉄尾西線・苅安賀駅）で野球肘にお悩みの方は、一宮整骨院〜Seri〜へご相談ください。ストレッチの考え方は下記の記事でも詳しく解説しています。"
yakyukata-shojo-A,65,野球肩,A,野球肩の症状とは 投球時の痛みと可動域制限のサイン｜一宮市,https://ichinomiyaseitaiin.com/blog/yakyukata-shojo/,,"愛知県一宮市（苅安賀駅）で、野球肩の症状が気になる選手・保護者の方へ。ただの疲れなのか、見極めが難しいですよね。

こんなお悩みはありませんか？
・投げるときに肩がズキッと痛む
・腕を上げる、後ろに回す動きが引っかかる
・投球後に肩の奥が重く、だるい

これらは、肩まわりへの負担が積み重なったサインである可能性があると考えられます。ただ、痛みの原因が腱・関節唇・骨のどこにあるのかは、整形外科での診察や画像検査で判断されるものです。自己判断せず、医師にご相談ください。

一宮整骨院〜Seri〜では、医療機関の受診を前提に、KIRIN整体の視点で関節・筋膜の動きや姿勢・巡りを整える補完的なサポートを行います。

ご自宅では、痛みが出る動作を控え、肩を休ませることを優先してください。

※可動域が狭くなってきた、夜間も痛む、強い痛みがある場合は、早めに整形外科を受診してください。

愛知県一宮市（名鉄尾西線・苅安賀駅）で野球肩の症状にお悩みの方は、一宮整骨院〜Seri〜へご相談ください。症状のサインは下記の記事でも詳しく解説しています。"
gojukata-chusha-A,505,五十肩,A,五十肩の注射は医師の領域｜一宮市で不安を感じる方が知りたいこと,https://ichinomiyaseitaiin.com/blog/gojukata-chusha/,2027-02-15,"愛知県一宮市（苅安賀駅）で五十肩の注射についてお悩みの方へ。注射と聞くと、不安や疑問が浮かびますよね。

こんなお悩みはありませんか？
・注射を勧められたが、どんなものか分からない
・注射を受けるか迷っている
・注射以外の選択肢も知りたい

五十肩で行われる注射は、痛みや炎症の管理を目的として、医師が診察のうえで必要性を判断するものと考えられます。内容や回数、効果の感じ方には個人差があります。

注射は医師が行う処置であり、当院では行いません。受けるかどうかは、医師とよく相談して決めてください。一宮整骨院〜Seri〜では、KIRIN整体の視点から関節と筋膜の動き、姿勢や呼吸を整える補完的なサポートを行います。

自宅では、疑問点を書き出してから受診すると、診察で伝えやすくなります。

※安静にしていても強い痛みがある、夜間痛で眠れない日が続く、腕に力が入らない、しびれを伴う、発熱や胸の痛みを伴う場合は、早めに医療機関を受診してください。

愛知県一宮市（名鉄尾西線・苅安賀駅）で五十肩の注射に不安のある方は、一宮整骨院〜Seri〜へご相談ください。注射の位置づけは下記の記事でも詳しく解説しています。"
kubikori-memai-A,325,緊張型頭痛・首こり,A,首こりとめまい・吐き気｜受診の目安と姿勢の見直し方,https://ichinomiyaseitaiin.com/blog/kubikori-memai/,2026-11-18,"愛知県一宮市（苅安賀駅）で首こりとめまい・吐き気にお悩みの方へ。ふらつきや気持ち悪さが続くと、不安になりますよね。

こんなお悩みはありませんか？
・首こりとともにふわふわしためまいがある
・頭を動かすと気持ち悪くなる
・肩や首が固まり、頭が重い

首や肩まわりの筋肉の緊張が、頭の重さや不快感と関わることがあると考えられます。ただし、めまいや吐き気には耳や脳など他の原因もあり、診断は医師の役割です。症状が続く場合は、まず医療機関で確認することをおすすめします。

一宮整骨院〜Seri〜では、柔道整復師がKIRIN整体の視点で、関節と筋膜の動きや足裏から骨盤・背骨へのつながりを確認し、首まわりの動きや姿勢を整える補完的なサポートを行っています。診断や画像検査は医師の役割です。

めまいが強いときは無理に動かず、安全な場所で休んでください。

※突然の激しい頭痛、手足の麻痺やしびれ、ろれつが回らない、物が二重に見える、発熱と首の硬直、意識がおかしいといった場合は、すぐ救急要請や受診をしてください。

愛知県一宮市（名鉄尾西線・苅安賀駅）で首こりとめまい・吐き気の方は、一宮整骨院〜Seri〜へご相談ください。首こりとめまい・吐き気は下記の記事でも詳しく解説しています。"
baneyubi-shojo-A,265,腱鞘炎・ばね指,A,ばね指の症状とやってはいけないこと｜一宮市・苅安賀駅の整骨院,https://ichinomiyaseitaiin.com/blog/baneyubi-shojo/,2026-10-18,"愛知県一宮市（苅安賀駅）でばね指の症状にお悩みの方へ。指のカクッとした引っかかりが気になって、どう対処すればよいか分からず不安な方もいらっしゃると思います。

こんなお悩みはありませんか？
・朝に指がこわばって、動かすとカクッと引っかかる
・指の付け根に痛みや腫れぼったさがある
・無理に指を伸ばそうとして痛めてしまった

ばね指は、腱と腱鞘の間で動きが悪くなる状態と考えられ、症状は朝に強く出やすいといわれます。引っかかる指を強く引っ張って伸ばす、付け根を強くもみ込むといった動作は、負担を増やす可能性があると考えられ、避けたいところです。診断や、注射・手術の判断は医師（整形外科等）の役割です。

一宮整骨院〜Seri〜では、KIRIN整体の視点から、指・手首の動き、肩や姿勢とのつながりを確認し、負担を減らす補完的なサポートと生活面のご相談を行います。

ご自宅では、痛む指を無理に反動で動かさず、ゆっくり動かして休ませてください。

※指が曲がったまま伸びない（ロッキング）、強い腫れや熱感、しびれがある場合は、早めに整形外科を受診してください。

愛知県一宮市（名鉄尾西線・苅安賀駅）でばね指の症状にお悩みの方は、一宮整骨院〜Seri〜へご相談ください。ばね指の症状とやってはいけないことは下記の記事でも詳しく解説しています。"
hiza-supporter-A,139,膝痛,A,膝痛サポーターの効果と限界｜一宮市・苅安賀駅の整骨院,https://ichinomiyaseitaiin.com/blog/hiza-supporter/,,"愛知県一宮市（苅安賀駅）で膝痛とサポーターにお悩みの方へ。着けると少し安心できる一方で、頼りすぎてよいのか気になりますよね。

こんなお悩みはありませんか？
・サポーターを着けても痛みが残る
・どんな種類を選べばよいかわからない
・外すと不安で着けっぱなしになっている

サポーターは、膝を支えて安心感を補う補助的な道具で、痛みの原因を治療するものではありません。着けたままで筋肉の働きが減る可能性もあり、強い圧迫は血流にも影響し得ると考えられます。使用法は医療機関で確認すると安心です。

一宮整骨院〜Seri〜では、診断や治療は医療機関の役割と考えたうえで、KIRIN整体の視点から、関節と筋膜の動きや足裏〜骨盤〜背骨のつながりを確認し、姿勢や動き方を整える補完的なサポートを行っています。

自宅では、歩く時や負担のかかる場面だけ使い、就寝時は外すなど、メリハリをつけてみてください。

※膝に水がたまる、強い腫れや熱感、急な激痛や膝が不安定になる感じがある場合は、早めに整形外科を受診してください。

愛知県一宮市（名鉄尾西線・苅安賀駅）で膝痛でサポーターを使っている方は、一宮整骨院〜Seri〜へご相談ください。サポーターの効果と限界は下記の記事でも詳しく解説しています。"
jiritsu-kisetsu-A,445,自律神経,A,季節の変わり目・気圧の変化と自律神経｜体調ゆらぎを考える,https://ichinomiyaseitaiin.com/blog/jiritsu-kisetsu/,2027-01-16,"愛知県一宮市（苅安賀駅）で、季節の変わり目や気圧の変化による体調のゆらぎにお悩みの方へ。天気が崩れる前後に、体が重くなる感覚をお持ちの方もいらっしゃいます。

こんなお悩みはありませんか？
・気圧が下がると頭が重く、だるくなる
・寒暖差が大きい時期に肩や首がこわばる
・季節の変わり目になると眠りが浅くなる

気温や気圧の変化は体にとって負担になることがあり、自律神経の働きとも関わると考えられています。ただし原因は人それぞれで、症状が続くときは医療機関での相談が大切です。

診断や治療、薬の判断は医師の役割で、当院では行いません。一宮整骨院〜Seri〜では、柔道整復師がKIRIN整体の視点で、関節・筋膜の動きや足裏〜骨盤〜背骨のつながりを確認し、姿勢・呼吸・巡りのコンディショニングと生活のご相談をお受けしています。

自宅では、寒暖差に合わせて羽織りもので首まわりを冷やさないようにし、ゆっくり息を吐く習慣をつくってみてください。

※動悸・息苦しさ・強いめまい・立ちくらみ・胸の痛みがある場合は、早めに医療機関を受診してください。症状が強いときは救急要請も検討しましょう。

愛知県一宮市（名鉄尾西線・苅安賀駅）で季節の変わり目の体調が気になる方は、一宮整骨院〜Seri〜へご相談ください。詳しくは下記の記事でも解説しています。"
gyaku-stress-A,385,逆流性食道炎×姿勢,A,逆流性食道炎とストレス・自律神経｜一宮市で生活の相談,https://ichinomiyaseitaiin.com/blog/gyaku-stress/,2026-12-18,"愛知県一宮市（苅安賀駅）でストレスと逆流性食道炎にお悩みの方へ。忙しい日が続くと胸やけが気になる、と感じることはありませんか。

こんなお悩みはありませんか？
・緊張や疲れがたまると胃のあたりが重くなる
・息が浅く、呼吸がしにくい感じがある
・眠りが浅く、朝から胃の調子が気になる

ストレスや緊張が続くと、呼吸が浅くなったり、体に力が入り続けたりしやすいと考えられます。症状との関わりは人それぞれで、自律神経の状態は医師の診察で確認するものです。

一宮整骨院〜Seri〜は柔道整復師が施術を行う整骨院で、逆流性食道炎の診断・検査・薬・治療は行いません。それらは消化器内科などの医師の役割です。当院ができるのは、KIRIN整体の視点で姿勢・呼吸・腹圧に関わるコンディショニングと、生活のご相談にとどまります。

ご自宅では、寝る前にゆっくり息を吐く時間を数分つくってみてください。

※体重の減少、飲み込みにくさ、吐血や黒い便、持続する胸の痛みがある場合は、自己判断せずすぐに医療機関を受診してください。

愛知県一宮市（名鉄尾西線・苅安賀駅）でストレスと逆流性食道炎の関係についてお悩みの方は、一宮整骨院〜Seri〜へご相談ください。ストレスと逆流性食道炎の関係については下記の記事でも詳しく解説しています。"
kokansetsu-stretch-A,103,股関節痛,A,股関節痛のストレッチ｜時期別ポイントと注意点｜一宮市,https://ichinomiyaseitaiin.com/blog/kokansetsu-stretch/,,"愛知県一宮市（苅安賀駅）で、股関節痛とストレッチにお悩みの方へ。痛い時に伸ばしてよいのか、迷う方は多いものです。

こんなお悩みはありませんか？
・ストレッチをすると股関節が痛む
・痛い時期に動かしてよいかわからない
・伸ばしても硬さが気になる

痛みが強い時期に無理に伸ばすと、かえって負担になることがあります。痛みの状態によって、安静にする時期と、やさしく動かす時期を分けて考えることが大切と考えられます。股関節の状態の診断や運動の可否の判断は、整形外科など医療機関の役割です。

一宮整骨院〜Seri〜では、KIRIN整体の視点で関節・筋膜の動きや足裏〜骨盤〜背骨のつながりを確認し、医療機関での確認を前提に補完的にサポートします。

ストレッチは、痛みが出ない範囲で、呼吸を止めずに行ってください。

※強い痛み、安静時の痛み、しびれ、体重をかけられない場合は、ストレッチを控えて早めに整形外科を受診してください。

愛知県一宮市（名鉄尾西線・苅安賀駅）で股関節痛にお悩みの方は、一宮整骨院〜Seri〜へご相談ください。時期別のストレッチは下記の記事でも詳しく解説しています。"
tennishiji-shojo-A,211,テニス肘・ゴルフ肘,A,テニス肘の症状と痛む場所｜セルフチェックの目安（一宮市）,https://ichinomiyaseitaiin.com/blog/tennishiji-shojo/,,"愛知県一宮市（苅安賀駅）で肘の外側の痛みが気になる方へ。テニス肘の症状なのか、別の原因なのか、不安になりますよね。

こんなお悩みはありませんか？
・肘の外側の骨の出っ張りの周りが痛む
・物をつかんで持ち上げると痛みが走る
・朝、肘や腕がこわばる感じがある

テニス肘では、手首を反らす筋肉の付け根に負担がかかり、肘の外側に痛みが出ると考えられています。ただし、首や肩、神経、関節の状態によって似た症状が出ることもあるため、自己判断だけで決めないことが大切です。診断や画像検査は、整形外科など医療機関の役割です。

一宮整骨院〜Seri〜は、診断ではなく、KIRIN整体（関節・筋膜の動きや姿勢・巡りを整える施術）で、体の使い方を確認する補完的なサポートをしています。

ご自宅では、どの動作で痛むかをメモして、受診時に伝えられるようにしておくと役立ちます。

※しびれ、強い痛み、腫れ、肘が動かしにくい場合は、早めに整形外科を受診してください。

愛知県一宮市（名鉄尾西線・苅安賀駅）でテニス肘の症状が気になる方は、一宮整骨院〜Seri〜へご相談ください。症状とセルフチェックの目安は下記の記事でも詳しく解説しています。"
yakyuhiji-supporter-A,31,野球肘,A,野球肘サポーターの効果と限界｜一宮市・苅安賀駅の整骨院,https://ichinomiyaseitaiin.com/blog/yakyuhiji-supporter/,,"愛知県一宮市（苅安賀駅）で、野球肘のサポーターが役立つのか気になる方へ。つけていれば安心と思いたい気持ちは自然です。

こんなお悩みはありませんか？
・サポーターをつけても投げると痛い
・どれを選べばよいか分からない
・つけたまま練習を続けてよいか不安

サポーターは肘を支えて安心感を得たり、動きを補助したりするもので、痛みの原因を治療するものではないと考えられます。つけることで無理が続いてしまう場合もあります。まず整形外科で状態を確認することが大切です。診断と治療は医師の役割です。

当院では医療機関での確認を前提に、KIRIN整体として肩甲骨や体幹、足裏から骨盤・背骨のつながりを見て、関節や筋膜の動きを整える補完的なサポートを行います。

ご自宅では、サポーターで痛みを隠して投げ続けないようにしてください。

※強い痛み、肘が伸びない・曲がらない、しびれがある場合は、早めに整形外科を受診してください。

愛知県一宮市（名鉄尾西線・苅安賀駅）で野球肘にお悩みの方は、一宮整骨院〜Seri〜へご相談ください。サポーターの効果と限界は下記の記事でも詳しく解説しています。"
od-towa-A,173,起立性調節障害,A,起立性調節障害とは？症状と接し方｜一宮・苅安賀駅の保護者ガイド,https://ichinomiyaseitaiin.com/blog/od-towa/,,"愛知県一宮市（苅安賀駅）で、起立性調節障害（OD）とは何か知りたい保護者の方へ。お子さんの様子に気づいた今、正しい情報を求めていらっしゃるのだと思います。

こんなお悩みはありませんか？
・朝起きられず、午後から元気になることが多い
・立ち上がるとふらつき、顔色が悪くなる
・ODなのか、ただの寝不足なのか判断できない

ODは、自律神経の働きなどが関わり、起立時の血圧調整がうまくいきにくい状態と説明されることがあります。ただし診断できるのは医師のみで、原因や程度には個人差があります。気になる症状が続くときは、小児科などで検査・診察を受けてください。

一宮整骨院〜Seri〜は、医療機関での受診・治療と並行し、KIRIN整体の視点で姿勢・呼吸・巡りのコンディショニングや生活のご相談をお手伝いする補完的な立場です。

ご家庭では、症状を「甘え」と決めつけず、体調の様子を記録しておくと受診時に役立ちます。

※失神・胸痛・強い動悸・激しい頭痛・食事や水分がとれない状態、強い落ち込みや「消えてしまいたい」といった言葉があるときは、早めに医療機関を受診し、緊急性が高い場合は救急要請をしてください。

愛知県一宮市（名鉄尾西線・苅安賀駅）で起立性調節障害についてお悩みの保護者の方は、一宮整骨院〜Seri〜へご相談ください。症状や接し方は下記の記事でも詳しく解説しています。"
gojukata-rehab-A,507,五十肩,A,五十肩とリハビリ｜一宮市で知っておきたい医療機関での流れ,https://ichinomiyaseitaiin.com/blog/gojukata-rehab/,2027-02-16,"愛知県一宮市（苅安賀駅）で五十肩のリハビリについてお悩みの方へ。動かしたほうがよいのか、休んだほうがよいのか、迷いますよね。

こんなお悩みはありませんか？
・リハビリで何をするのか想像がつかない
・痛いのに動かして大丈夫なのか心配
・家でどこまで続けてよいのか分からない

五十肩では、医療機関で医師の診断を受けたうえで、時期に合わせた運動療法が行われることがあると考えられます。急性期・拘縮期・回復期で適した動かし方は異なり、個人差もあります。

リハビリの内容や可否は医療機関で確認してください。一宮整骨院〜Seri〜では、KIRIN整体の視点から関節と筋膜の動き、姿勢や呼吸を整える補完的なサポートを行います。

自宅では、痛みの出ない範囲で、温まった状態でゆっくり動かすことを意識しましょう。

※安静にしていても強い痛みがある、夜間痛で眠れない日が続く、腕に力が入らない、しびれを伴う、発熱や胸の痛みを伴う場合は、早めに医療機関を受診してください。

愛知県一宮市（名鉄尾西線・苅安賀駅）で五十肩のリハビリにお悩みの方は、一宮整骨院〜Seri〜へご相談ください。リハビリの流れは下記の記事でも詳しく解説しています。"
kubikori-isshun-A,327,緊張型頭痛・首こり,A,首こりを早く楽にしたい方へ｜正しいセルフケアの考え方,https://ichinomiyaseitaiin.com/blog/kubikori-isshun/,2026-11-19,"愛知県一宮市（苅安賀駅）で首こりを早く楽にしたいというお悩みの方へ。動画や広告で「すぐ楽に」という言葉を見ると、試したくなりますよね。

こんなお悩みはありませんか？
・短時間で首こりを何とかしたい
・首を強く揉んだり鳴らしたりしている
・セルフケアのやり方が合っているか不安

首こりは筋肉の緊張だけでなく、姿勢や生活習慣の積み重ねが関わると考えられます。そのため、一度の操作で大きく変わると期待するよりも、無理のないケアを続ける視点が大切です。強く押したり首を勢いよくひねったりする方法は避けましょう。

一宮整骨院〜Seri〜では、柔道整復師がKIRIN整体の視点で、関節と筋膜の動きや足裏から骨盤・背骨へのつながりを確認し、首に負担が集まる姿勢のくせを整える補完的なサポートを行っています。診断や画像検査は医師の役割です。

セルフケアは「痛気持ちいい手前」で止めて、数日〜数週間の様子を見てください。

※突然の激しい頭痛、手足の麻痺やしびれ、ろれつが回らない、物が二重に見える、発熱と首の硬直、意識がおかしいといった場合は、すぐ救急要請や受診をしてください。

愛知県一宮市（名鉄尾西線・苅安賀駅）で首こりのセルフケアの方は、一宮整骨院〜Seri〜へご相談ください。首こりを早く楽にしたいというお悩みは下記の記事でも詳しく解説しています。"
baneyubi-naoshikata-A,267,腱鞘炎・ばね指,A,一宮市・苅安賀駅｜ばね指の対処法と自分でできるケアの考え方,https://ichinomiyaseitaiin.com/blog/baneyubi-naoshikata/,2026-10-19,"愛知県一宮市（苅安賀駅）でばね指の対処法にお悩みの方へ。朝になると指がこわばり、曲げ伸ばしのたびに引っかかると、このまま様子を見てよいのか不安になりますよね。

こんなお悩みはありませんか？
・朝、指を曲げ伸ばしするとカクッと引っかかる
・指の付け根を押すと痛む場所がある
・自然におさまるのか、何をすればよいか分からない

ばね指は、指を曲げる腱と、その通り道（腱鞘）の滑りが悪くなることで起こると考えられています。手の使い方やホルモンバランスの変化などが関わることがあり、経過には個人差があります。状態の判断は整形外科で受けてください。

一宮整骨院〜Seri〜では、診断や注射・手術は医療機関（医師）の役割と考えたうえで、KIRIN整体として手や腕の関節・筋膜の動き、肩まわりや姿勢を整える補完的なサポートを行っています。

ご自宅では、指先に力を入れ続けず、こまめに手を休める時間をつくってみてください。

※指が曲がったまま伸びない、強い腫れや強い痛み、しびれがある場合は、早めに整形外科を受診してください。

愛知県一宮市（名鉄尾西線・苅安賀駅）でばね指の対処法をお探しの方は、一宮整骨院〜Seri〜へご相談ください。ばね指のケアの考え方は下記の記事でも詳しく解説しています。"
jiritsu-ketsuatsu-A,447,自律神経,A,自律神経の乱れと血圧・立ちくらみ｜受診の目安と姿勢の視点,https://ichinomiyaseitaiin.com/blog/jiritsu-ketsuatsu/,2027-01-17,"愛知県一宮市（苅安賀駅）で、血圧の変動や立ちくらみが気になる方へ。急に立ち上がったときにふらっとすると、不安になりますよね。

こんなお悩みはありませんか？
・立ち上がるときに目の前が暗くなる
・朝なかなか体が起きず、ぼんやりする
・血圧の数値が日によって大きく変わる

血圧や立ちくらみには、自律神経の働きや水分・睡眠・姿勢などさまざまな要因が関わると考えられます。血圧の診断や治療、薬の判断は医師の役割ですので、数値が気になる方はまず医療機関で相談してください。

一宮整骨院〜Seri〜は医療行為としての血圧の管理は行いません。柔道整復師がKIRIN整体の視点で、関節・筋膜の動きや足裏〜骨盤〜背骨のつながりを確認し、姿勢・呼吸・巡りのコンディショニングと生活のご相談をお受けしています。

自宅では、立ち上がる前に一呼吸おき、ゆっくり動くことを意識してみてください。

※立ちくらみが頻繁に起こる、失神しそうになる、動悸・息苦しさ・胸の痛み・強いめまいがある場合は、早めに医療機関を受診してください。症状が強いときは救急要請も検討しましょう。

愛知県一宮市（名鉄尾西線・苅安賀駅）で血圧や立ちくらみが気になる方は、一宮整骨院〜Seri〜へご相談ください。詳しくは下記の記事でも解説しています。"
gyaku-tsubo-A,387,逆流性食道炎×姿勢,A,逆流性食道炎とツボ｜セルフケアの考え方と注意（一宮市）,https://ichinomiyaseitaiin.com/blog/gyaku-tsubo/,2026-12-19,"愛知県一宮市（苅安賀駅）でツボ押しと逆流性食道炎にお悩みの方へ。手軽にできるセルフケアがあれば試したい、と思いますよね。

こんなお悩みはありませんか？
・胸やけのときに押すツボがあると聞いた
・自分で押してよいのか不安がある
・ツボ押しの強さや時間が分からない

ツボ押しは心地よいと感じる範囲で行うリラックスの一つで、逆流性食道炎そのものを治療するものではないと考えられます。強く押しすぎると、かえって体に負担がかかることがあります。

一宮整骨院〜Seri〜は柔道整復師が施術を行う整骨院で、逆流性食道炎の診断・検査・薬・治療は行いません。それらは消化器内科などの医師の役割です。当院ができるのは、KIRIN整体の視点で姿勢・呼吸・腹圧に関わるコンディショニングと、生活のご相談にとどまります。

ご自宅では、痛みを感じない強さで呼吸に合わせてゆっくり押し、違和感があればやめてください。

※体重の減少、飲み込みにくさ、吐血や黒い便、持続する胸の痛みがある場合は、自己判断せずすぐに医療機関を受診してください。

愛知県一宮市（名鉄尾西線・苅安賀駅）で逆流性食道炎とツボの考え方についてお悩みの方は、一宮整骨院〜Seri〜へご相談ください。逆流性食道炎とツボの考え方については下記の記事でも詳しく解説しています。"
yakyukata-stretch-naoru-A,67,野球肩,A,野球肩はストレッチだけで解決する？できること・できないこと｜一宮市,https://ichinomiyaseitaiin.com/blog/yakyukata-stretch-naoru/,,"愛知県一宮市（苅安賀駅）で、野球肩のストレッチについて知りたい方へ。ストレッチだけで痛みが落ち着くのか、気になりますよね。

こんなお悩みはありませんか？
・毎日ストレッチしているのに痛みが続く
・やり方が合っているのか分からない
・痛みがあるのにストレッチしてよいのか迷う

ストレッチは、肩まわりや体の柔軟性を保つ助けになると考えられます。一方で、痛みの原因によっては、かえって負担になることもあります。腱や関節唇、骨などの状態は、整形外科での診察・画像検査で判断されるもので、ストレッチで解決するとは限りません。

一宮整骨院〜Seri〜では、医療機関の診断・治療を前提に、KIRIN整体の視点で関節・筋膜の動きや姿勢・巡りを整える補完的なサポートを行います。

ご自宅では、痛みを我慢して伸ばさず、心地よく動かせる範囲にとどめてください。

※夜間も続く痛み、腕が上がらない、強い痛みがある場合は、早めに整形外科を受診してください。

愛知県一宮市（名鉄尾西線・苅安賀駅）で野球肩のストレッチにお悩みの方は、一宮整骨院〜Seri〜へご相談ください。できること・できないことは下記の記事でも詳しく解説しています。"
hiza-taping-A,141,膝痛,A,膝痛テーピングの目的と注意点｜一宮市・苅安賀駅の整骨院,https://ichinomiyaseitaiin.com/blog/hiza-taping/,,"愛知県一宮市（苅安賀駅）で膝痛とテーピングにお悩みの方へ。動く時の不安を減らしたくて、テープを試したくなりますよね。

こんなお悩みはありませんか？
・テーピングの巻き方がわからない
・巻いても痛みが変わらない
・かぶれや締めつけが心配

テーピングは、動きを補助して安心感を得る目的で使われるもので、治療ではありません。巻き方が合わないと、かえって血流や皮膚に負担がかかるおそれもあります。膝痛の原因は人によって異なると考えられるため、痛みが続く時は整形外科で診てもらってください。

一宮整骨院〜Seri〜では、診断や治療は医療機関の役割と考えたうえで、KIRIN整体の視点から、関節と筋膜の動きや足裏〜骨盤〜背骨のつながりを確認し、姿勢や動き方を整える補完的なサポートを行っています。

自宅では、皮膚の状態を確認しながら短時間から試し、違和感があればすぐにはがしてください。

※膝に水がたまる、強い腫れや熱感、急な激痛や膝が不安定になる感じがある場合は、早めに整形外科を受診してください。

愛知県一宮市（名鉄尾西線・苅安賀駅）で膝痛でテーピングを考えている方は、一宮整骨院〜Seri〜へご相談ください。テーピングの目的と注意点は下記の記事でも詳しく解説しています。"
kokansetsu-stretch-nenagara-A,105,股関節痛,A,寝ながらできる股関節痛ケア｜仰向け・横向きの注意点｜一宮市,https://ichinomiyaseitaiin.com/blog/kokansetsu-stretch-nenagara/,,"愛知県一宮市（苅安賀駅）で、股関節痛のケアにお悩みの方へ。立つのがつらい日でも、寝たままならできることがあります。

こんなお悩みはありませんか？
・立ってのストレッチが痛くてできない
・夜や朝に股関節がこわばる
・寝返りや寝ている姿勢で痛みが気になる

寝たままの姿勢は、体重がかかりにくく、股関節まわりの筋肉の力みを抜きやすいと考えられます。ただし、痛みが強い時や原因がはっきりしない時は、無理に動かさないことが大切です。診断や運動の可否の判断は整形外科など医療機関の役割です。

一宮整骨院〜Seri〜では、KIRIN整体の視点で関節・筋膜の動きや姿勢・骨盤まわりを確認し、医療機関での確認を前提に補完的にサポートします。

寝ながらのケアは、痛みが出ない小さな動きから、呼吸に合わせて行ってください。

※強い痛み、夜間も続く痛み、しびれ、足に力が入らない場合は、早めに整形外科を受診してください。

愛知県一宮市（名鉄尾西線・苅安賀駅）で股関節痛にお悩みの方は、一宮整骨院〜Seri〜へご相談ください。寝ながらできるケアは下記の記事でも詳しく解説しています。"
gojukata-nanika-A,509,五十肩,A,五十肩は何科に行く？一宮市で迷う方へ受診の目安と使い分け,https://ichinomiyaseitaiin.com/blog/gojukata-nanika/,2027-02-17,"愛知県一宮市（苅安賀駅）で五十肩の受診先についてお悩みの方へ。肩が痛くても、どこへ行けばよいのか迷いますよね。

こんなお悩みはありませんか？
・整形外科と整骨院のどちらに行くべきか分からない
・肩が上がらないが、病院に行くほどか迷う
・検査が必要なのか知りたい

肩の痛みには、五十肩のほか、腱板断裂や石灰沈着など別の原因が隠れていることもあると考えられます。原因をはっきりさせる診断や画像検査は、整形外科などの医師の役割です。

一宮整骨院〜Seri〜では、医療機関での診断を前提に、KIRIN整体の視点から関節と筋膜の動き、姿勢や呼吸を整える補完的なサポートを行います。

痛みが強い、長引く場合は、まず整形外科で診てもらうと安心です。

※安静にしていても強い痛みがある、夜間痛で眠れない日が続く、腕に力が入らない、しびれを伴う、発熱や胸の痛みを伴う場合は、早めに医療機関を受診してください。

愛知県一宮市（名鉄尾西線・苅安賀駅）で五十肩の受診先にお悩みの方は、一宮整骨院〜Seri〜へご相談ください。病院と接骨院の使い分けは下記の記事でも詳しく解説しています。"
zutsu-kotobu-A,329,緊張型頭痛・首こり,A,後頭部の頭痛の原因と対処｜首の付け根の緊張と姿勢の関係,https://ichinomiyaseitaiin.com/blog/zutsu-kotobu/,2026-11-20,"愛知県一宮市（苅安賀駅）で後頭部の頭痛にお悩みの方へ。首の付け根がずっしり重いと、仕事も家事も集中しにくいですよね。

こんなお悩みはありませんか？
・後頭部から首の付け根が締め付けられる
・夕方になると頭が重くなる
・うつむく作業が長い

後頭部の頭痛は、首の付け根の筋肉の緊張や姿勢のくせが関わることがあると考えられます。ただ、頭痛には脳や血管の病気が隠れている場合もあり、診断は医師の役割です。初めての強い痛みや続く場合は受診をおすすめします。

一宮整骨院〜Seri〜では、柔道整復師がKIRIN整体の視点で、関節と筋膜の動きや足裏から骨盤・背骨へのつながりを確認し、首の付け根に負担が集まる姿勢を整える補完的なサポートを行っています。診断や画像検査は医師の役割です。

首の後ろを温め、あごを軽く引いて肩の力を抜くことから始めてみてください。

※突然の激しい頭痛、手足の麻痺やしびれ、ろれつが回らない、物が二重に見える、発熱と首の硬直、意識がおかしいといった場合は、すぐ救急要請や受診をしてください。

愛知県一宮市（名鉄尾西線・苅安賀駅）で後頭部の頭痛の方は、一宮整骨院〜Seri〜へご相談ください。後頭部の頭痛は下記の記事でも詳しく解説しています。"
baneyubi-chiryo-A,269,腱鞘炎・ばね指,A,ばね指の治療・注射・手術は医師の領域｜一宮市で知っておきたいこと,https://ichinomiyaseitaiin.com/blog/baneyubi-chiryo/,2026-10-20,"愛知県一宮市（苅安賀駅）でばね指の治療について調べている方へ。注射や手術という言葉を目にして、どうすればよいのか迷っている方も多いのではないでしょうか。

こんなお悩みはありませんか？
・指の引っかかりが続き、治療の選択肢を知りたい
・注射や手術が必要なのか不安になっている
・病院に行く前に、どんな流れか知っておきたい

ばね指では、整形外科で安静や装具、内服・外用薬、腱鞘への注射、手術などの選択肢が検討されることがあると考えられます。どれを選ぶかは、診察や検査をもとに医師が判断します。

一宮整骨院〜Seri〜は、診断・画像検査・注射・投薬・手術を行う施設ではありません。当院では、医療機関での診断を前提に、KIRIN整体として手や腕の関節・筋膜の動き、姿勢や肩まわりの状態を整える補完的なサポートを行っています。

ご自宅では、症状が出る時間帯や動作をメモしておくと、受診時に医師へ伝えやすくなります。

※指が曲がったまま伸びない、強い腫れや強い痛み、しびれがある場合は、早めに整形外科を受診してください。

愛知県一宮市（名鉄尾西線・苅安賀駅）でばね指と手の使い方にお悩みの方は、一宮整骨院〜Seri〜へご相談ください。医師の領域の治療については下記の記事で詳しく解説しています。"
jiritsu-ongaku-A,449,自律神経,A,自律神経を整える音楽・リラックス法｜呼吸と姿勢から考える,https://ichinomiyaseitaiin.com/blog/jiritsu-ongaku/,2027-01-18,"愛知県一宮市（苅安賀駅）で、気持ちの切り替えやリラックスが苦手な方へ。頑張り続けて、休むタイミングがわからなくなっていませんか。

こんなお悩みはありませんか？
・夜になっても頭が休まらず、寝つきが気になる
・リラックスしようとしても肩に力が入る
・いつも緊張していて、ほっとする時間が少ない

心地よい音楽や静かな環境は、気持ちを落ち着けるきっかけになると考えられます。ただし感じ方には個人差があり、強い不調が続くときは医療機関での相談が大切です。

診断や治療、薬の判断は医師の役割で、当院では行いません。一宮整骨院〜Seri〜では、柔道整復師がKIRIN整体の視点で、関節・筋膜の動きや足裏〜骨盤〜背骨のつながりを確認し、姿勢・呼吸・巡りのコンディショニングと生活のご相談をお受けしています。

自宅では、好きな音楽を小さめの音量で流し、背もたれに体を預けて、ゆっくり長く息を吐いてみてください。

※動悸・息苦しさ・強いめまい・立ちくらみ・胸の痛みがある場合は、早めに医療機関を受診してください。症状が強いときは救急要請も検討しましょう。

愛知県一宮市（名鉄尾西線・苅安賀駅）でリラックス法を探している方は、一宮整骨院〜Seri〜へご相談ください。詳しくは下記の記事でも解説しています。"
gyaku-ninpu-A,389,逆流性食道炎×姿勢,A,妊娠中の逆流性食道炎｜姿勢と生活の工夫を一宮市で相談,https://ichinomiyaseitaiin.com/blog/gyaku-ninpu/,2026-12-20,"愛知県一宮市（苅安賀駅）で妊娠中の胸やけや姿勢にお悩みの方へ。おなかが大きくなるにつれて胸やけが増えると、心配になりますよね。

こんなお悩みはありませんか？
・妊娠中期から食後の胸やけが続いている
・横になると苦しくて眠りにくい
・姿勢や食べ方をどう工夫すればよいか分からない

妊娠中は、大きくなる子宮で腹部が圧迫されたり、ホルモンの変化があったりするため、胸やけが起こりやすいと考えられます。まず産婦人科の主治医に相談してください。

一宮整骨院〜Seri〜は柔道整復師が施術を行う整骨院で、逆流性食道炎の診断・検査・薬・治療は行いません。それらは消化器内科などの医師の役割です。当院ができるのは、KIRIN整体の視点で姿勢・呼吸・腹圧に関わるコンディショニングと、生活のご相談にとどまります。

ご自宅では、食事を少量ずつ回数を分け、食後は上体を起こして過ごしてみてください。薬は医師や薬剤師に確認してください。

※体重の減少、飲み込みにくさ、吐血や黒い便、持続する胸の痛みがある場合は、自己判断せずすぐに医療機関を受診してください。

愛知県一宮市（名鉄尾西線・苅安賀駅）で妊娠中の胸やけや姿勢についてお悩みの方は、一宮整骨院〜Seri〜へご相談ください。妊娠中の胸やけや姿勢については下記の記事でも詳しく解説しています。"
tennishiji-stretch-A,213,テニス肘・ゴルフ肘,A,テニス肘のストレッチ｜痛みが強い時の注意点（一宮市）,https://ichinomiyaseitaiin.com/blog/tennishiji-stretch/,,"愛知県一宮市（苅安賀駅）でテニス肘のストレッチを探している方へ。伸ばした方がよいのか、痛いときは控えた方がよいのか、迷いますよね。

こんなお悩みはありませんか？
・ストレッチをすると肘の外側がピリッと痛む
・どのくらい伸ばせばよいのか分からない
・前腕の張りが強く、腕が疲れやすい

テニス肘では、手首を反らす筋肉や腱に負担が集まっていると考えられます。ただし、痛みが強い時期に無理に伸ばすと、負担が増えることもあります。痛みの原因の確認や、注射・投薬の判断は、整形外科など医療機関の役割です。

一宮整骨院〜Seri〜は、診断や治療ではなく、KIRIN整体（関節・筋膜の動きや姿勢・巡りを整える施術）で、前腕だけでなく肩や肩甲骨も含めた体の使い方を確認する補完的なサポートをしています。

ご自宅では、痛みを感じない範囲で、息を止めずにゆっくり行うことを意識してみてください。

※しびれ、強い痛み、腫れがある場合は、ストレッチを中止して早めに整形外科を受診してください。

愛知県一宮市（名鉄尾西線・苅安賀駅）でテニス肘のストレッチに迷っている方は、一宮整骨院〜Seri〜へご相談ください。ストレッチの考え方は下記の記事でも詳しく解説しています。"
yakyuhiji-taping-A,33,野球肘,A,野球肘のテーピングの目的と注意点｜一宮市・苅安賀駅,https://ichinomiyaseitaiin.com/blog/yakyuhiji-taping/,,"愛知県一宮市（苅安賀駅）で、野球肘のテーピングが気になる方へ。巻けば投げられるのでは、と期待される方も多いです。

こんなお悩みはありませんか？
・テーピングをすると少し楽に感じる
・巻き方が合っているか自信がない
・巻いたまま練習を続けてよいか分からない

テーピングは、動きを補助したり肘への意識を高めたりするもので、痛みの原因を治療するものではないと考えられます。皮膚のかぶれや締めすぎにも注意が必要です。まず整形外科で状態を確認することが大切です。診断と治療は医師の役割です。

当院では医療機関での確認を前提に、KIRIN整体として肩甲骨や体幹、足裏から骨盤・背骨のつながりを見て、関節や筋膜の動きを整える補完的なサポートを行います。

ご自宅では、テーピングで痛みを抑えて投げ続けることは避けてください。

※強い痛み、肘が伸びない・曲がらない、しびれがある場合は、早めに整形外科を受診してください。

愛知県一宮市（名鉄尾西線・苅安賀駅）で野球肘にお悩みの方は、一宮整骨院〜Seri〜へご相談ください。テーピングの目的は下記の記事でも詳しく解説しています。"
od-type-shurui-A,175,起立性調節障害,A,起立性調節障害の4つのタイプとは｜一宮市・苅安賀駅から,https://ichinomiyaseitaiin.com/blog/od-type-shurui/,,"愛知県一宮市（苅安賀駅）で、起立性調節障害（OD）のタイプ分けについて知りたい保護者の方へ。「うちの子はどのタイプ？」と気になるお気持ちは自然なものです。

こんなお悩みはありませんか？
・立ち上がるとふらつくのか、脈が速くなるのか分からない
・検査の説明でタイプの話が出て戸惑った
・タイプによって家庭での接し方が違うのか知りたい

ODには、起立時の血圧や心拍の反応の違いから、いくつかのタイプに分けて説明されることがあると考えられます。タイプの判定は新起立試験などの医療機関での検査にもとづき、医師が行うものです。家庭や当院で見分けることはできません。

一宮整骨院〜Seri〜は、医療機関での診断・治療と並行し、KIRIN整体の視点で姿勢・呼吸・巡りのコンディショニングや生活のご相談をお手伝いする補完的な立場です。

ご家庭では、タイプを決めつけず、その日の体調をそのまま受け止めてあげてください。

※失神・胸痛・強い動悸・激しい頭痛・食事や水分がとれない状態、強い落ち込みや「消えてしまいたい」といった言葉があるときは、早めに医療機関を受診し、緊急性が高い場合は救急要請をしてください。

愛知県一宮市（名鉄尾西線・苅安賀駅）で起立性調節障害のタイプについてお悩みの保護者の方は、一宮整骨院〜Seri〜へご相談ください。タイプの考え方は下記の記事でも詳しく解説しています。"
gojukata-shisei-A,511,五十肩,A,五十肩と姿勢｜猫背・巻き肩との関係を一宮市の整骨院が解説,https://ichinomiyaseitaiin.com/blog/gojukata-shisei/,2027-02-18,"愛知県一宮市（苅安賀駅）で五十肩と姿勢についてお悩みの方へ。姿勢が悪いせいかもと、気にされる方は少なくありません。

こんなお悩みはありませんか？
・猫背や巻き肩を指摘されたことがある
・腕を上げようとすると肩がつまる感じがする
・背中や首まで張ってきた

猫背や巻き肩になると、肩甲骨の動きが小さくなり、腕を上げる時に肩関節へ負担が集まりやすくなると考えられます。ただし五十肩の原因は一つではなく、姿勢だけで決まるわけではありません。

診断や検査は医療機関の役割です。一宮整骨院〜Seri〜では、KIRIN整体の視点で、足裏から骨盤、背骨、肩甲骨へのつながりと、関節・筋膜の動きを確認し、補完的にサポートします。

自宅では、背もたれに軽く背中を預け、時々胸を開く呼吸を意識してみましょう。

※安静にしていても強い痛みがある、夜間痛で眠れない日が続く、腕に力が入らない、しびれを伴う、発熱や胸の痛みを伴う場合は、早めに医療機関を受診してください。

愛知県一宮市（名鉄尾西線・苅安賀駅）で五十肩と姿勢にお悩みの方は、一宮整骨院〜Seri〜へご相談ください。姿勢との関係は下記の記事でも詳しく解説しています。"
zutsu-komekami-A,331,緊張型頭痛・首こり,A,こめかみの頭痛の原因と対処｜噛みしめ・首肩の緊張との関係,https://ichinomiyaseitaiin.com/blog/zutsu-komekami/,2026-11-21,"愛知県一宮市（苅安賀駅）でこめかみの頭痛にお悩みの方へ。こめかみがズキズキ、ギュッと締まる感じが続くとつらいですよね。

こんなお悩みはありませんか？
・こめかみから頭の横が重い
・食いしばりやあごの疲れを感じる
・首や肩のこりも強い

こめかみの頭痛は、噛みしめによるあごまわりの緊張や、首・肩の筋肉の緊張が関わることがあると考えられます。ただし、片頭痛など他のタイプもあり、診断は医師の役割です。繰り返す場合は医療機関での確認をおすすめします。

一宮整骨院〜Seri〜では、柔道整復師がKIRIN整体の視点で、関節と筋膜の動きや足裏から骨盤・背骨へのつながりを確認し、首肩やあごまわりに影響する姿勢を整える補完的なサポートを行っています。診断や画像検査は医師の役割です。

日中に歯を噛みしめていないか気づき、奥歯を離して力を抜く意識を持ってみてください。

※突然の激しい頭痛、手足の麻痺やしびれ、ろれつが回らない、物が二重に見える、発熱と首の硬直、意識がおかしいといった場合は、すぐ救急要請や受診をしてください。

愛知県一宮市（名鉄尾西線・苅安賀駅）でこめかみの頭痛の方は、一宮整骨院〜Seri〜へご相談ください。こめかみの頭痛は下記の記事でも詳しく解説しています。"
baneyubi-stretch-A,271,腱鞘炎・ばね指,A,ばね指のストレッチ・マッサージの考え方｜一宮市・苅安賀駅,https://ichinomiyaseitaiin.com/blog/baneyubi-stretch/,2026-10-21,"愛知県一宮市（苅安賀駅）でばね指のストレッチやマッサージを試したい方へ。やり方を間違えて悪化させないか、心配になりますよね。

こんなお悩みはありませんか？
・指を強く引っ張ったほうがよいのか迷っている
・揉むと痛みが強くなる気がする
・どのくらいの力で動かせばよいか分からない

ばね指では、腱と腱鞘の滑りが悪くなっていると考えられるため、痛みを我慢して強く伸ばしたり、患部を強く揉んだりすることは、かえって負担になる場合があります。ストレッチやマッサージは、痛みの出ない範囲で行うことが基本です。

一宮整骨院〜Seri〜では、診断や治療は医療機関の役割と考えたうえで、KIRIN整体として手首・腕・肩まわりの関節や筋膜の動きを整える補完的なサポートを行っています。指だけでなく、腕や肩の使い方も合わせて確認します。

ご自宅では、手を温めたあと、痛みのない範囲でゆっくり指を開閉する程度にとどめてください。

※指が曲がったまま伸びない、強い腫れや強い痛み、しびれがある場合は、早めに整形外科を受診してください。

愛知県一宮市（名鉄尾西線・苅安賀駅）でばね指のストレッチにお悩みの方は、一宮整骨院〜Seri〜へご相談ください。考え方は下記の記事でも詳しく解説しています。"
jiritsu-goods-A,451,自律神経,A,自律神経を整えるグッズの選び方｜使う前に知りたい考え方,https://ichinomiyaseitaiin.com/blog/jiritsu-goods/,2027-01-19,"愛知県一宮市（苅安賀駅）で、自律神経を整えるグッズ選びに迷っている方へ。さまざまなものがあり、何が自分に合うのかわからないと感じますよね。

こんなお悩みはありませんか？
・枕や温熱グッズなど、何を選べばよいか迷う
・買ってみたものの、合っているのかわからない
・グッズに頼る前に、生活面も見直したい

グッズはあくまで生活を整える補助であり、自律神経の不調を治療するものではないと考えられます。体に合わないものを使うと、かえって首や肩に負担がかかることもあります。症状が続くときは医療機関での相談が大切です。

診断や治療、薬の判断は医師の役割で、当院では行いません。一宮整骨院〜Seri〜では、柔道整復師がKIRIN整体の視点で、関節・筋膜の動きや足裏〜骨盤〜背骨のつながりを確認し、姿勢・呼吸・巡りのコンディショニングと生活のご相談をお受けしています。

自宅では、新しいグッズを試す前に、睡眠時間・姿勢・呼吸といった基本を見直してみてください。

※動悸・息苦しさ・強いめまい・立ちくらみ・胸の痛みがある場合は、早めに医療機関を受診してください。症状が強いときは救急要請も検討しましょう。

愛知県一宮市（名鉄尾西線・苅安賀駅）でグッズ選びに迷っている方は、一宮整骨院〜Seri〜へご相談ください。詳しくは下記の記事でも解説しています。"
gyaku-nodo-A,391,逆流性食道炎×姿勢,A,喉の違和感・つかえと生活の工夫｜一宮市で姿勢を相談,https://ichinomiyaseitaiin.com/blog/gyaku-nodo/,2026-12-21,"愛知県一宮市（苅安賀駅）で喉の違和感やつかえにお悩みの方へ。食事のたびに喉がつかえる感じがあると、不安になりますよね。

こんなお悩みはありませんか？
・喉に何かが張り付いたような違和感がある
・咳払いが増え、声がかすれやすい
・食べ物が胸でつかえる感じがする

喉の違和感にはさまざまな原因があり、胃酸の逆流が関わる場合もあれば、別の病気が隠れている場合もあると考えられます。自己判断せず、まず耳鼻科や消化器内科での確認が大切です。

一宮整骨院〜Seri〜は柔道整復師が施術を行う整骨院で、逆流性食道炎の診断・検査・薬・治療は行いません。それらは消化器内科などの医師の役割です。当院ができるのは、KIRIN整体の視点で姿勢・呼吸・腹圧に関わるコンディショニングと、生活のご相談にとどまります。

ご自宅では、食事はゆっくりよく噛み、食後すぐ横にならないことを意識してみてください。

※体重の減少、飲み込みにくさ、吐血や黒い便、持続する胸の痛みがある場合は、自己判断せずすぐに医療機関を受診してください。

愛知県一宮市（名鉄尾西線・苅安賀駅）で喉の違和感やつかえについてお悩みの方は、一宮整骨院〜Seri〜へご相談ください。喉の違和感やつかえについては下記の記事でも詳しく解説しています。"
yakyukata-supporter-A,69,野球肩,A,野球肩のサポーターは効果ある？選び方と注意点｜一宮市・苅安賀駅,https://ichinomiyaseitaiin.com/blog/yakyukata-supporter/,,"愛知県一宮市（苅安賀駅）で、野球肩のサポーターを検討している選手・保護者の方へ。着けておけば安心なのか、迷いますよね。

こんなお悩みはありませんか？
・投球時の肩が不安で、サポーターを使いたい
・どんなタイプを選べばよいか分からない
・着けて投げ続けても大丈夫か心配

サポーターは、肩を支えたり安心感を得たりするための補助であり、治療そのものではないと考えられます。着けることで痛みを我慢して投げ続けてしまうと、かえって負担が重なる可能性もあります。痛みの原因の診断や、使用の可否は、整形外科の医師にご相談ください。

一宮整骨院〜Seri〜では、医療機関の診断・治療を前提に、KIRIN整体の視点で関節・筋膜の動きや姿勢・巡りを整える補完的なサポートを行います。

ご自宅では、サポーターに頼りきらず、痛む間は肩を休ませてください。

※夜間も続く痛み、腕が上がらない、強い痛みがある場合は、早めに整形外科を受診してください。

愛知県一宮市（名鉄尾西線・苅安賀駅）で野球肩のサポーターについて迷う方は、一宮整骨院〜Seri〜へご相談ください。選び方と使い方の注意は下記の記事でも詳しく解説しています。"
hiza-tozan-walking-A,143,膝痛,A,登山・ウォーキングで膝が痛い時｜一宮市・苅安賀駅の整骨院,https://ichinomiyaseitaiin.com/blog/hiza-tozan-walking/,,"愛知県一宮市（苅安賀駅）で登山やウォーキングでの膝の痛みにお悩みの方へ。楽しみにしている運動なのに、痛みで続けにくくなるのはつらいですよね。

こんなお悩みはありませんか？
・下り坂や階段で膝が痛む
・歩いた翌日に膝が重い
・歩行後に膝のまわりが張る

登山の下りやウォーキングでは、着地のたびに膝へ大きな負荷がかかると考えられます。太ももの筋肉の疲れ、歩幅やフォーム、足裏や股関節の動きなどが関係する場合があります。変形性膝関節症などが背景にあることもあるため、痛みが続く時は整形外科で検査を受けてください。

一宮整骨院〜Seri〜では、診断や治療は医療機関の役割と考えたうえで、KIRIN整体の視点から、関節と筋膜の動きや足裏〜骨盤〜背骨のつながりを確認し、姿勢や動き方を整える補完的なサポートを行っています。

自宅では、歩く前に足首と股関節を軽く動かし、疲れたら無理せず休むよう心がけてください。

※膝に水がたまる、強い腫れや熱感、急な激痛や膝が不安定になる感じがある場合は、早めに整形外科を受診してください。

愛知県一宮市（名鉄尾西線・苅安賀駅）で登山やウォーキングで膝が痛い方は、一宮整骨院〜Seri〜へご相談ください。歩き方と休み方は下記の記事でも詳しく解説しています。"
kokansetsu-suwarikata-A,107,股関節痛,A,股関節痛と座り方の関係｜一宮市・苅安賀駅の整骨院,https://ichinomiyaseitaiin.com/blog/kokansetsu-suwarikata/,,"愛知県一宮市（苅安賀駅）で、座っていると股関節が痛む方へ。デスクワークや運転で、座り姿勢がつらいと感じていませんか。

こんなお悩みはありませんか？
・座っていると股関節の付け根が痛くなる
・立ち上がる時に股関節が痛む
・脚を組む、横座りをする癖がある

座り方は、骨盤の傾きや股関節の角度に影響すると考えられます。浅く腰かけて骨盤が後ろに倒れる、脚を組んで左右差が出るなど、同じ姿勢が続くと負担が偏ることがあります。股関節の状態の診断や画像検査は、整形外科の役割です。

一宮整骨院〜Seri〜では、KIRIN整体の視点で関節・筋膜の動きや足裏〜骨盤〜背骨のつながりを確認し、医療機関での確認を前提に補完的にサポートします。

足裏を床につけ、骨盤を立てて座り、こまめに立ち上がってみてください。

※強い痛み、安静時の痛み、しびれ、歩くのが困難な場合は、早めに整形外科を受診してください。

愛知県一宮市（名鉄尾西線・苅安賀駅）で座り方と股関節痛にお悩みの方は、一宮整骨院〜Seri〜へご相談ください。座り方は下記の記事でも詳しく解説しています。"
tennishiji-supporter-A,215,テニス肘・ゴルフ肘,A,テニス肘のサポーター｜使う目的と限界（一宮市・苅安賀駅）,https://ichinomiyaseitaiin.com/blog/tennishiji-supporter/,,"愛知県一宮市（苅安賀駅）でテニス肘のサポーターを検討している方へ。種類が多くて、どれを選ぶか、いつ着けるか悩みますよね。

こんなお悩みはありませんか？
・サポーターを着けたほうがよいのか迷う
・着けると楽だが、外すと痛みが戻る
・きつく締めすぎていないか心配

サポーターは、肘まわりの負担を補助するものであり、治療そのものではないと考えられます。着け方によっては、締めつけが強すぎて違和感が出ることもあります。痛みの原因の確認や、注射・投薬などの判断は、整形外科など医療機関の役割です。

一宮整骨院〜Seri〜は、診断や治療ではなく、KIRIN整体（関節・筋膜の動きや姿勢・巡りを整える施術）で、サポーターに頼るだけでなく、肘に負担が集まる体の使い方を確認する補完的なサポートをしています。

ご自宅では、痛む動作を減らしつつ、サポーターは補助として考えてみてください。

※しびれ、腫れ、強い痛み、指先の色の変化がある場合は、外して早めに受診してください。

愛知県一宮市（名鉄尾西線・苅安賀駅）でテニス肘のサポーターに迷っている方は、一宮整骨院〜Seri〜へご相談ください。サポーターの使い方と限界は下記の記事でも詳しく解説しています。"
yakyuhiji-tennis-golf-chigai-A,35,野球肘,A,野球肘とテニス肘・ゴルフ肘の違い｜一宮市・苅安賀駅,https://ichinomiyaseitaiin.com/blog/yakyuhiji-tennis-golf-chigai/,,"愛知県一宮市（苅安賀駅）で、肘の痛みが野球肘なのかテニス肘・ゴルフ肘なのか知りたい方へ。似た名前で混同しやすいですよね。

こんなお悩みはありませんか？
・野球をしていないのに肘の内側や外側が痛い
・どの名前の症状に当たるのか分からない
・同じ肘の痛みで対処が違うのか知りたい

野球肘は投球による肘の障害の総称で、成長期には骨や軟骨が関わる場合もあると考えられます。テニス肘は肘の外側、ゴルフ肘は内側の腱の負担として説明されることが多いです。ただし見た目では区別しにくく、正確な判断には整形外科での診察が必要です。診断と治療は医師の役割です。

当院では医療機関での確認を前提に、KIRIN整体として足裏から骨盤・背骨のつながりを見て、関節や筋膜の動きを整える補完的なサポートを行います。

ご自宅では、痛む動作を控えてください。

※強い痛み、肘が伸びない・曲がらない、しびれがある場合は、早めに整形外科を受診してください。

愛知県一宮市（名鉄尾西線・苅安賀駅）で肘の痛みにお悩みの方は、一宮整骨院〜Seri〜へご相談ください。違いは下記の記事でも詳しく解説しています。"
gojukata-karei-A,513,五十肩,A,五十肩と加齢・ホルモンの関係｜一宮市の整骨院がやさしく解説,https://ichinomiyaseitaiin.com/blog/gojukata-karei/,2027-02-19,"愛知県一宮市（苅安賀駅）で五十肩と加齢についてお悩みの方へ。年齢のせいかもと、あきらめかけていませんか。

こんなお悩みはありませんか？
・40〜50代になって急に肩が上がらなくなった
・ホルモンの変化と関係があるのか知りたい
・年齢のせいなら仕方ないのか不安

五十肩は、40〜60代に多いとされ、加齢による関節まわりの組織の変化や血流の低下などが背景にあると考えられます。ホルモンバランスとの関わりを指摘する見方もありますが、はっきりしていない部分もあります。

診断や検査は医療機関の役割です。一宮整骨院〜Seri〜では、KIRIN整体の視点から関節と筋膜の動き、姿勢や呼吸を整える補完的なサポートを行います。

自宅では、肩を冷やさず、痛みの出ない範囲で日常的に動かす習慣を意識しましょう。

※安静にしていても強い痛みがある、夜間痛で眠れない日が続く、腕に力が入らない、しびれを伴う、発熱や胸の痛みを伴う場合は、早めに医療機関を受診してください。

愛知県一宮市（名鉄尾西線・苅安賀駅）で五十肩と加齢にお悩みの方は、一宮整骨院〜Seri〜へご相談ください。背景は下記の記事でも詳しく解説しています。"
kubikori-straightneck-A,333,緊張型頭痛・首こり,A,ストレートネックと首こり・頭痛｜姿勢の見直しポイント,https://ichinomiyaseitaiin.com/blog/kubikori-straightneck/,2026-11-22,"愛知県一宮市（苅安賀駅）でストレートネックと首こり・頭痛にお悩みの方へ。スマホやパソコンで首が前に出ていると、指摘されたことはありませんか。

こんなお悩みはありませんか？
・首の自然なカーブが少ないと言われた
・スマホを見る時間が長い
・首こりと頭の重さが続く

首が前に出る姿勢が続くと、首や肩の筋肉に負担がかかり、こりや頭痛につながることがあると考えられます。ストレートネックの判断は画像検査を含め医師の役割です。しびれや強い痛みがある場合は整形外科を受診してください。

一宮整骨院〜Seri〜では、柔道整復師がKIRIN整体の視点で、関節と筋膜の動きや足裏から骨盤・背骨へのつながりを確認し、首が前に出やすい姿勢を整える補完的なサポートを行っています。診断や画像検査は医師の役割です。

スマホは目線の高さまで持ち上げ、あごを軽く引いた姿勢を意識しましょう。

※突然の激しい頭痛、手足の麻痺やしびれ、ろれつが回らない、物が二重に見える、発熱と首の硬直、意識がおかしいといった場合は、すぐ救急要請や受診をしてください。

愛知県一宮市（名鉄尾西線・苅安賀駅）でストレートネックの首こり・頭痛の方は、一宮整骨院〜Seri〜へご相談ください。ストレートネックと首こり・頭痛は下記の記事でも詳しく解説しています。"
baneyubi-supporter-A,273,腱鞘炎・ばね指,A,ばね指のサポーター・テーピングの使い方｜一宮市・苅安賀駅,https://ichinomiyaseitaiin.com/blog/baneyubi-supporter/,2026-10-23,"愛知県一宮市（苅安賀駅）でばね指のサポーターやテーピングを検討している方へ。仕事や家事で手を休められず、何か支えになるものがほしいと感じますよね。

こんなお悩みはありませんか？
・指の引っかかりをサポーターで抑えられないか知りたい
・テーピングの巻き方や強さが分からない
・使うことで、かえって悪化しないか心配

サポーターやテーピングは、指の動きを軽く制限して負担を減らすための補助であり、治療ではありません。きつく巻きすぎると血行やしびれに影響する可能性があると考えられるため、締め付けすぎないことが大切です。

一宮整骨院〜Seri〜では、診断や治療は医療機関の役割と考えたうえで、KIRIN整体として手や腕の関節・筋膜の動きを整え、手の使い方や姿勢の相談に応じる補完的なサポートを行っています。

ご自宅では、作業中など必要な場面に限って使い、入浴時や就寝時は外して、指先の色や感覚を確認してください。

※指が曲がったまま伸びない、強い腫れや強い痛み、しびれがある場合は、早めに整形外科を受診してください。

愛知県一宮市（名鉄尾西線・苅安賀駅）でばね指の手の使い方にお悩みの方は、一宮整骨院〜Seri〜へご相談ください。サポーターとテーピングの使い方は下記の記事でも詳しく解説しています。"
jiritsu-nanika-A,453,自律神経,A,自律神経の乱れは何科を受診？整骨院との違いを一宮市で解説,https://ichinomiyaseitaiin.com/blog/jiritsu-nanika/,2027-01-20,"愛知県一宮市（苅安賀駅）で、自律神経の乱れが気になるものの、何科に行けばよいか迷っている方へ。症状がさまざまで、相談先に悩む方は多いです。

こんなお悩みはありませんか？
・だるさやめまい、動悸など、症状が複数ある
・どの診療科を受診すればよいかわからない
・整骨院で相談してよいのかも気になる

症状によって、内科、心療内科、耳鼻咽喉科、婦人科など相談先は変わると考えられます。まずはかかりつけ医や内科で相談し、必要に応じて紹介を受ける方法もあります。診断・検査・薬の判断は医師の役割です。

一宮整骨院〜Seri〜は医療機関ではなく、自律神経の診断や治療は行いません。医師の診察を前提に、柔道整復師がKIRIN整体の視点で、姿勢・呼吸・巡りのコンディショニングと生活のご相談をお受けしています。

自宅では、症状が出る時間帯や状況をメモしておくと、受診時に伝えやすくなります。

※動悸・息苦しさ・強いめまい・立ちくらみ・胸の痛みがある場合は、早めに医療機関を受診してください。症状が強いときは救急要請も検討しましょう。

愛知県一宮市（名鉄尾西線・苅安賀駅）で相談先に迷っている方は、一宮整骨院〜Seri〜へご相談ください。詳しくは下記の記事でも解説しています。"
gyaku-naoranai-A,393,逆流性食道炎×姿勢,A,逆流性食道炎が長引くと感じたら｜見直したい生活と姿勢（一宮市）,https://ichinomiyaseitaiin.com/blog/gyaku-naoranai/,2026-12-22,"愛知県一宮市（苅安賀駅）で症状の長引きにお悩みの方へ。薬や食事に気をつけていても、なかなか落ち着かないと不安になりますよね。

こんなお悩みはありませんか？
・胸やけや胃の不快感が何か月も続いている
・一度落ち着いても、またぶり返す
・何を見直せばよいのか分からない

症状が長引く背景には、食事や姿勢、腹圧、睡眠、ストレスなど複数の要因が重なっていると考えられます。長引くときは、自己判断せず再度医師の診察を受けてください。

一宮整骨院〜Seri〜は柔道整復師が施術を行う整骨院で、逆流性食道炎の診断・検査・薬・治療は行いません。それらは消化器内科などの医師の役割です。当院ができるのは、KIRIN整体の視点で姿勢・呼吸・腹圧に関わるコンディショニングと、生活のご相談にとどまります。

ご自宅では、食事の時間・量・寝る前の過ごし方を数日間メモし、傾向をつかんでみてください。

※体重の減少、飲み込みにくさ、吐血や黒い便、持続する胸の痛みがある場合は、自己判断せずすぐに医療機関を受診してください。

愛知県一宮市（名鉄尾西線・苅安賀駅）で症状が長引くときの姿勢や生活の見直しについてお悩みの方は、一宮整骨院〜Seri〜へご相談ください。症状が長引くときの姿勢や生活の見直しについては下記の記事でも詳しく解説しています。"
od-undo-selfcare-A,177,起立性調節障害,A,起立性調節障害と運動｜してよい？悪い？一宮・苅安賀駅,https://ichinomiyaseitaiin.com/blog/od-undo-selfcare/,,"愛知県一宮市（苅安賀駅）で、起立性調節障害（OD）のお子さんの運動について悩んでいる保護者の方へ。動いたほうがよいのか、休ませたほうがよいのか、迷いますよね。

こんなお悩みはありませんか？
・体育や部活をどこまで参加させてよいか分からない
・運動後にぐったりして翌日に響くことがある
・体力が落ちないか心配している

ODでは、運動が負担になる日もあれば、体調に合わせて軽く動くほうがよい場合もあると考えられます。運動の可否や強さは、お子さんの状態によって異なるため、小児科などの医師に確認してください。自己判断での無理は避けたいところです。

一宮整骨院〜Seri〜は、医療機関での受診・治療と並行し、KIRIN整体の視点で姿勢・呼吸・巡りのコンディショニングや生活のご相談をお手伝いする補完的な立場です。

ご家庭では、体調の良い日に短時間の散歩など、本人が心地よく感じる範囲にとどめてください。

※失神・胸痛・強い動悸・激しい頭痛・食事や水分がとれない状態、強い落ち込みや「消えてしまいたい」といった言葉があるときは、早めに医療機関を受診し、緊急性が高い場合は救急要請をしてください。

愛知県一宮市（名鉄尾西線・苅安賀駅）で起立性調節障害と運動にお悩みの保護者の方は、一宮整骨院〜Seri〜へご相談ください。運動の考え方は下記の記事でも詳しく解説しています。"
yakyukata-taping-A,71,野球肩,A,野球肩のテーピングは有効？目的と注意点｜一宮市・苅安賀駅,https://ichinomiyaseitaiin.com/blog/yakyukata-taping/,,"愛知県一宮市（苅安賀駅）で、野球肩のテーピングを試したい選手・保護者の方へ。自分で巻いて大丈夫なのか、不安になりますよね。

こんなお悩みはありませんか？
・投球時の肩の不安定感をカバーしたい
・どこにどう貼ればよいか分からない
・テーピングで痛みを抑えて投げ続けてよいか迷う

テーピングは、動きを補助したり、感覚の手がかりを得たりするための補助であり、治療ではないと考えられます。巻き方によっては、かえって動きを妨げることもあります。痛みの原因の診断やテーピングの可否は、整形外科の医師にご相談ください。

一宮整骨院〜Seri〜では、医療機関の診断・治療を前提に、KIRIN整体の視点で関節・筋膜の動きや姿勢・巡りを整える補完的なサポートを行います。

ご自宅では、テーピングで痛みを隠して投げるのではなく、痛む間は肩を休ませてください。

※夜間も続く痛み、腕が上がらない、強い痛みがある場合は、早めに整形外科を受診してください。

愛知県一宮市（名鉄尾西線・苅安賀駅）で野球肩のテーピングにお悩みの方は、一宮整骨院〜Seri〜へご相談ください。テーピングは下記の記事でも詳しく解説しています。"
gojukata-desk-A,515,五十肩,A,デスクワークと五十肩｜一宮市で肩に負担をためない働き方とは,https://ichinomiyaseitaiin.com/blog/gojukata-desk/,2027-02-20,"愛知県一宮市（苅安賀駅）でデスクワークと五十肩にお悩みの方へ。仕事を休めず、肩をかばいながら働くのはつらいですよね。

こんなお悩みはありませんか？
・パソコン作業中に肩や腕が重だるい
・マウスやキーボード操作で肩がつらくなる
・夜になると肩がうずくことがある

長時間同じ姿勢が続くと、肩まわりの血流や肩甲骨の動きが乏しくなり、肩関節への負担が増えると考えられます。五十肩の原因は一つではなく、作業環境だけで決まるわけではありません。

診断や検査は医療機関の役割です。一宮整骨院〜Seri〜では、KIRIN整体の視点から関節と筋膜の動き、姿勢や呼吸を整える補完的なサポートを行います。

自宅や職場では、ひじを机に乗せて腕を支え、1時間に一度は肩を軽く回してみましょう。

※安静にしていても強い痛みがある、夜間痛で眠れない日が続く、腕に力が入らない、しびれを伴う、発熱や胸の痛みを伴う場合は、早めに医療機関を受診してください。

愛知県一宮市（名鉄尾西線・苅安賀駅）でデスクワークと五十肩にお悩みの方は、一宮整骨院〜Seri〜へご相談ください。働き方の工夫は下記の記事でも詳しく解説しています。"
zutsu-katakori-A,335,緊張型頭痛・首こり,A,肩こりからくる頭痛とは｜首こり・緊張型頭痛との関係,https://ichinomiyaseitaiin.com/blog/zutsu-katakori/,2026-11-23,"愛知県一宮市（苅安賀駅）で肩こりからくる頭痛にお悩みの方へ。肩が張るたびに頭まで重くなると、気分まで沈んでしまいますよね。

こんなお悩みはありませんか？
・肩こりがひどい日に頭が締め付けられる
・首の後ろから頭にかけて重い
・在宅やデスクワークで姿勢が崩れがち

肩や首の筋肉の緊張が続くと、頭が重くなる緊張型頭痛と関わることがあると考えられます。片頭痛など他の頭痛もあり、診断は医師の役割です。市販薬を使うときは薬剤師や医師に相談してください。

一宮整骨院〜Seri〜では、柔道整復師がKIRIN整体の視点で、関節と筋膜の動きや足裏から骨盤・背骨へのつながりを確認し、肩や首に負担が集まる姿勢を整える補完的なサポートを行っています。診断や画像検査は医師の役割です。

肩をすくめてストンと落とす動きを数回行い、力みに気づいてみてください。

※突然の激しい頭痛、手足の麻痺やしびれ、ろれつが回らない、物が二重に見える、発熱と首の硬直、意識がおかしいといった場合は、すぐ救急要請や受診をしてください。

愛知県一宮市（名鉄尾西線・苅安賀駅）で肩こりからくる頭痛の方は、一宮整骨院〜Seri〜へご相談ください。肩こりからくる頭痛は下記の記事でも詳しく解説しています。"
dokeruban-toha-A,275,腱鞘炎・ばね指,A,ドケルバン病とは｜一宮市・苅安賀駅で手首の親指側の痛みにお悩みの方へ,https://ichinomiyaseitaiin.com/blog/dokeruban-toha/,2026-10-23,"愛知県一宮市（苅安賀駅）でドケルバン病が気になる方へ。手首の親指側が痛み、物をつかむ・ひねる動作がつらいと、日常生活にも影響しますよね。

こんなお悩みはありませんか？
・手首の親指側を押すと痛む
・ペットボトルのふたを開ける、雑巾を絞るのがつらい
・抱っこやスマホ操作のあとに手首がうずく

ドケルバン病は、親指を動かす腱とその通り道（腱鞘）に負担がかかって起こる、手首の親指側の腱鞘炎と考えられています。手をよく使う方や、産後・更年期の女性に多いといわれますが、原因や経過には個人差があります。診断は整形外科で受けてください。

一宮整骨院〜Seri〜では、診断・注射・手術は医療機関（医師）の役割と考えたうえで、KIRIN整体として手首・腕・肩まわりの関節と筋膜の動きや、姿勢を整える補完的なサポートを行っています。

ご自宅では、親指と手首をひねる動作を減らす意識を持ってみてください。

※親指の付け根に強い腫れや強い痛みがある、親指を動かせない、しびれが強い、痛みが日ごとに強くなる場合は、早めに整形外科を受診してください。

愛知県一宮市（名鉄尾西線・苅安賀駅）でドケルバン病にお悩みの方は、一宮整骨院〜Seri〜へご相談ください。ドケルバン病の基礎知識は下記の記事でも詳しく解説しています。"
hiza-tsubo-massage-A,145,膝痛,A,膝痛のツボ押し・マッサージのリスクと注意点｜一宮市・苅安賀駅,https://ichinomiyaseitaiin.com/blog/hiza-tsubo-massage/,,"愛知県一宮市（苅安賀駅）で膝痛のツボ押しやマッサージにお悩みの方へ。痛い場所を押したくなりますが、強く揉んでよいのか気になりますよね。

こんなお悩みはありませんか？
・膝まわりを強く揉むと余計に痛む
・どのツボを押せばよいかわからない
・揉んだ後に腫れた気がする

強く揉み込むと、組織への刺激が過剰になり、かえって痛みが強まる場合があると考えられます。腫れや熱感がある膝は特に注意が必要で、膝の内部の問題が隠れている可能性もあります。痛みが続く時は、整形外科で診てもらってください。

一宮整骨院〜Seri〜では、診断や治療は医療機関の役割と考えたうえで、KIRIN整体の視点から、関節と筋膜の動きや足裏〜骨盤〜背骨のつながりを確認し、姿勢や動き方を整える補完的なサポートを行っています。

自宅では、強く押さず、お風呂上がりに太ももやふくらはぎをやさしくさする程度にとどめてください。

※膝に水がたまる、強い腫れや熱感、急な激痛や膝が不安定になる感じがある場合は、早めに整形外科を受診してください。

愛知県一宮市（名鉄尾西線・苅安賀駅）で膝痛のツボ押しやマッサージで迷っている方は、一宮整骨院〜Seri〜へご相談ください。注意点は下記の記事でも詳しく解説しています。"
jiritsu-naoranai-A,455,自律神経,A,自律神経の乱れが続く・整いにくいと感じる時に見直したいこと,https://ichinomiyaseitaiin.com/blog/jiritsu-naoranai/,2027-01-21,"愛知県一宮市（苅安賀駅）で、自律神経の乱れが続き、整いにくいと感じている方へ。いろいろ試しても変化が乏しいと、気持ちまで沈んでしまいますよね。

こんなお悩みはありませんか？
・休んでいるはずなのに、だるさが抜けない
・生活を気をつけても、不調を繰り返す
・睡眠や食事、姿勢のどこを見直すべきかわからない

不調が長引く背景には、睡眠・運動不足・ストレス・姿勢や呼吸の浅さなど複数の要因が重なっていると考えられます。別の病気が隠れていることもあるため、続くときは医療機関での検査や相談が大切です。

診断や治療、薬の判断は医師の役割で、当院では行いません。一宮整骨院〜Seri〜では、柔道整復師がKIRIN整体の視点で、関節・筋膜の動きや足裏〜骨盤〜背骨のつながりを確認し、姿勢・呼吸・巡りのコンディショニングと生活のご相談をお受けしています。

自宅では、睡眠時間・食事・体を動かす量を1週間記録し、偏りがないか見直してみてください。

※動悸・息苦しさ・強いめまい・立ちくらみ・胸の痛みがある場合は、早めに医療機関を受診してください。症状が強いときは救急要請も検討しましょう。

愛知県一宮市（名鉄尾西線・苅安賀駅）で不調が続く方は、一宮整骨院〜Seri〜へご相談ください。詳しくは下記の記事でも解説しています。"
gyaku-seki-A,395,逆流性食道炎×姿勢,A,長引く咳と逆流性食道炎｜生活の見直しと受診の目安（一宮市）,https://ichinomiyaseitaiin.com/blog/gyaku-seki/,2026-12-22,"愛知県一宮市（苅安賀駅）で長引く咳にお悩みの方へ。風邪でもないのに咳が続くと、疲れてしまいますよね。

こんなお悩みはありませんか？
・夜や朝方に咳が出やすい
・咳が数週間以上続いている
・胸やけや喉の違和感も一緒にある

長引く咳は、胃酸の逆流が関わる場合もあれば、呼吸器の病気や別の原因による場合もあると考えられます。原因の判断は、内科や呼吸器科など医師の役割です。

一宮整骨院〜Seri〜は柔道整復師が施術を行う整骨院で、逆流性食道炎の診断・検査・薬・治療は行いません。それらは消化器内科などの医師の役割です。当院ができるのは、KIRIN整体の視点で姿勢・呼吸・腹圧に関わるコンディショニングと、生活のご相談にとどまります。

ご自宅では、就寝前の食事を控え、上半身を少し高くして休むなど、無理のない工夫を試してみてください。

※血の混じった痰、息苦しさ、発熱、体重の減少、飲み込みにくさ、吐血や黒い便、持続する胸の痛みがある場合は、すぐに医療機関を受診してください。

愛知県一宮市（名鉄尾西線・苅安賀駅）で長引く咳と姿勢・生活の関係についてお悩みの方は、一宮整骨院〜Seri〜へご相談ください。長引く咳と姿勢・生活の関係については下記の記事でも詳しく解説しています。"
kokansetsu-tsubo-massage-A,109,股関節痛,A,股関節痛にツボ押し・マッサージは？強く押す前の注意点｜一宮市,https://ichinomiyaseitaiin.com/blog/kokansetsu-tsubo-massage/,,"愛知県一宮市（苅安賀駅）で、股関節痛のツボ押しやマッサージを試している方へ。痛い場所を強く押したくなるお気持ちはよくわかります。

こんなお悩みはありませんか？
・痛いところを強く押したり揉んだりしている
・押した後に痛みが増した気がする
・どのツボを押せばよいかわからない

強い刺激は、筋肉を守ろうとする緊張を高め、かえって負担になる場合もあると考えられます。股関節の痛みには、関節の状態が関わることもあり、ツボ押しだけで判断するのはおすすめできません。原因の診断や画像検査は整形外科の役割です。

一宮整骨院〜Seri〜では、KIRIN整体の視点で関節・筋膜の動きや足裏〜骨盤〜背骨のつながりを確認し、医療機関での確認を前提に補完的にサポートします。

押す場合は、心地よい強さにとどめ、痛みが増すなら中止してください。

※強い痛み、腫れ・熱感、安静時の痛み、しびれがある場合は、早めに整形外科を受診してください。

愛知県一宮市（名鉄尾西線・苅安賀駅）で股関節痛にお悩みの方は、一宮整骨院〜Seri〜へご相談ください。ツボ押しやマッサージは下記の記事でも詳しく解説しています。"
tennishiji-taping-A,217,テニス肘・ゴルフ肘,A,テニス肘のテーピング｜目的と注意点（一宮市・苅安賀駅）,https://ichinomiyaseitaiin.com/blog/tennishiji-taping/,,"愛知県一宮市（苅安賀駅）でテニス肘のテーピングを試したい方へ。自分で巻いてよいのか、巻き方は合っているのか、不安になりますよね。

こんなお悩みはありませんか？
・テーピングで痛みが和らぐのか知りたい
・巻いたあとに、かゆみや違和感が出た
・スポーツや仕事中も肘を使い続けている

テーピングは、動作中の負担を補助する目的で使われるもので、治療そのものではないと考えられます。強く巻きすぎると、しびれや皮膚トラブルにつながることもあります。痛みの原因の確認や、注射・投薬の判断は、整形外科など医療機関の役割です。

一宮整骨院〜Seri〜は、診断や治療ではなく、KIRIN整体（関節・筋膜の動きや姿勢・巡りを整える施術）で、肘に負担が集まる体の使い方を確認する補完的なサポートをしています。

ご自宅では、テーピングは補助と考え、痛む動作を減らす工夫も合わせてみてください。

※しびれ、強い痛み、腫れ、かぶれがある場合は、はがして早めに受診してください。

愛知県一宮市（名鉄尾西線・苅安賀駅）でテニス肘のテーピングに迷っている方は、一宮整骨院〜Seri〜へご相談ください。テーピングの考え方は下記の記事でも詳しく解説しています。"
yakyuhiji-toha-A,37,野球肘,A,野球肘とは？原因と種類をわかりやすく｜一宮市・苅安賀駅,https://ichinomiyaseitaiin.com/blog/yakyuhiji-toha/,,"愛知県一宮市（苅安賀駅）で、野球肘とは何か知りたい方へ。お子さまや自分の肘の痛みが、そうなのか心配ですよね。

こんなお悩みはありませんか？
・投げると肘が痛む
・肘の内側や外側、後ろなど場所が一定しない
・どんな種類があるのか分からない

野球肘は投球動作の繰り返しで肘に負担がかかる障害の総称で、内側・外側・後方など部位によって種類が分かれると考えられます。成長期は骨や軟骨が未成熟で注意が必要です。離断性骨軟骨炎（OCD）は初期に症状が少ないことがあり、検診での早期発見が大切です。診断と治療は医師の役割です。

当院では医療機関での確認を前提に、KIRIN整体として肩甲骨や体幹、足裏から骨盤・背骨のつながりを見て、関節や筋膜の動きを整える補完的なサポートを行います。

ご自宅では、痛みがある間は投球を控えてください。

※強い痛み、肘が伸びない・曲がらない、しびれがある場合は、早めに整形外科を受診してください。

愛知県一宮市（名鉄尾西線・苅安賀駅）で野球肘にお悩みの方は、一宮整骨院〜Seri〜へご相談ください。原因と種類は下記の記事でも詳しく解説しています。"
gojukata-yobou-A,517,五十肩,A,五十肩の予防は肩を動かし続ける習慣から｜一宮市の整骨院が解説,https://ichinomiyaseitaiin.com/blog/gojukata-yobou/,2027-02-21,"愛知県一宮市（苅安賀駅）で五十肩の予防についてお悩みの方へ。まだ痛くなくても、先のことが気になりますよね。

こんなお悩みはありませんか？
・肩まわりが最近硬くなってきた気がする
・家族や知人が五十肩になり不安になった
・肩を動かす機会がめっきり減った

肩を長く動かさない状態が続くと、関節まわりの組織が硬くなりやすいと考えられます。五十肩の発症は個人差が大きく、予防を確実にする方法はありませんが、日頃から肩を動かし、同じ姿勢を避けることが役立つ可能性があります。

診断や検査は医療機関の役割です。一宮整骨院〜Seri〜では、KIRIN整体の視点から関節と筋膜の動き、姿勢や呼吸を整える補完的なサポートを行います。

自宅では、入浴後に肩を大きくゆっくり回す習慣を取り入れてみましょう。

※安静にしていても強い痛みがある、夜間痛で眠れない日が続く、腕に力が入らない、しびれを伴う、発熱や胸の痛みを伴う場合は、早めに医療機関を受診してください。

愛知県一宮市（名鉄尾西線・苅安賀駅）で五十肩の予防に関心のある方は、一宮整骨院〜Seri〜へご相談ください。予防の考え方は下記の記事でも詳しく解説しています。"
zutsu-tenki-A,337,緊張型頭痛・首こり,A,天気・気圧による頭痛と首こり｜一宮市での過ごし方の工夫,https://ichinomiyaseitaiin.com/blog/zutsu-tenki/,2026-11-24,"愛知県一宮市（苅安賀駅）で天気・気圧による頭痛にお悩みの方へ。雨の日や季節の変わり目に頭が重くなると、予定も立てにくいですよね。

こんなお悩みはありませんか？
・天気が崩れる前に頭が重くなる
・気圧が下がる日は首や肩もこる
・季節の変わり目に不調が出やすい

気圧の変化が頭痛に関わる場合があるといわれ、首や肩の緊張が重なると感じ方が強まることもあると考えられます。診断や薬の相談は医師や薬剤師の役割です。片頭痛が疑われる場合は医療機関で確認してください。

一宮整骨院〜Seri〜では、柔道整復師がKIRIN整体の視点で、関節と筋膜の動きや足裏から骨盤・背骨へのつながりを確認し、首肩の緊張や姿勢・呼吸を整える補完的なサポートを行っています。診断や画像検査は医師の役割です。

天気が崩れそうな日は、早めの睡眠と首肩を温めることを意識してみてください。

※突然の激しい頭痛、手足の麻痺やしびれ、ろれつが回らない、物が二重に見える、発熱と首の硬直、意識がおかしいといった場合は、すぐ救急要請や受診をしてください。

愛知県一宮市（名鉄尾西線・苅安賀駅）で天気・気圧による頭痛の方は、一宮整骨院〜Seri〜へご相談ください。天気・気圧による頭痛は下記の記事でも詳しく解説しています。"
dokeruban-shojo-A,277,腱鞘炎・ばね指,A,ドケルバン病の症状・腫れ・放置のリスク｜一宮市・苅安賀駅,https://ichinomiyaseitaiin.com/blog/dokeruban-shojo/,2026-10-24,"愛知県一宮市（苅安賀駅）でドケルバン病の症状や腫れが気になる方へ。痛みが続くと、放置してよいのか不安になりますよね。

こんなお悩みはありませんか？
・手首の親指側が腫れているように感じる
・親指を動かすと手首に痛みが走る
・痛みが続き、放置するとどうなるか心配

ドケルバン病では、手首の親指側の痛みや腫れ、親指を広げる・握る動作での痛みがみられると考えられます。負担をかけ続けると痛みが長引いたり、日常動作に支障が出たりする場合があるため、早めに医療機関で状態を確認することが大切です。診断は整形外科で受けてください。

一宮整骨院〜Seri〜では、診断・注射・手術は医療機関（医師）の役割と考えたうえで、KIRIN整体として手首・腕・肩まわりの関節と筋膜の動き、姿勢を整える補完的なサポートを行っています。

ご自宅では、親指を使う動作を意識的に減らし、手首に負担をかけ続けないようにしてください。

※親指の付け根に強い腫れや強い痛みがある、親指を動かせない、しびれが強い、痛みが日ごとに強くなる場合は、早めに整形外科を受診してください。

愛知県一宮市（名鉄尾西線・苅安賀駅）でドケルバン病の症状にお悩みの方は、一宮整骨院〜Seri〜へご相談ください。症状や経過のポイントは下記の記事でも詳しく解説しています。"
jiritsu-kusuri-A,457,自律神経,A,自律神経の薬・漢方・サプリの基礎知識｜まず医師・薬剤師へ相談,https://ichinomiyaseitaiin.com/blog/jiritsu-kusuri/,2027-01-22,"愛知県一宮市（苅安賀駅）で、自律神経の不調に薬・漢方・サプリを使うか迷っている方へ。種類が多く、何を選べばよいか不安になりますよね。

こんなお悩みはありませんか？
・薬や漢方を使ってよいのか迷っている
・サプリメントを試す前に知っておきたい
・今飲んでいる薬との組み合わせが気になる

薬・漢方・サプリには、体質や持病、飲み合わせによって合わないこともあると考えられます。使用の可否や選び方は、医師・薬剤師に必ず相談してください。当院では薬や漢方、サプリの指導や判断は行いません。

一宮整骨院〜Seri〜では、医療機関での相談を前提に、柔道整復師がKIRIN整体の視点で、関節・筋膜の動きや姿勢・呼吸・巡りのコンディショニングと生活のご相談をお受けしています。

自宅では、いま服用しているものをお薬手帳などにまとめ、受診時や薬局で見せられるようにしておくと安心です。

※動悸・息苦しさ・強いめまい・立ちくらみ・胸の痛みがある場合は、早めに医療機関を受診してください。症状が強いときは救急要請も検討しましょう。

愛知県一宮市（名鉄尾西線・苅安賀駅）で薬やサプリの前に生活面を見直したい方は、一宮整骨院〜Seri〜へご相談ください。詳しくは下記の記事でも解説しています。"
gyaku-saihatsu-A,397,逆流性食道炎×姿勢,A,逆流性食道炎の再発予防と日々の習慣｜一宮市で姿勢を相談,https://ichinomiyaseitaiin.com/blog/gyaku-saihatsu/,2026-12-24,"愛知県一宮市（苅安賀駅）で再発予防や日々の習慣にお悩みの方へ。一度落ち着いても、またぶり返さないか心配になりますよね。

こんなお悩みはありませんか？
・症状が落ち着いたが、再発しないか気になる
・どの生活習慣を続ければよいか知りたい
・姿勢や腹圧との関係も確認したい

再発のしやすさには、食事のとり方、体重、姿勢、腹圧などが関わっていると考えられます。ただし個人差が大きく、再発を防げると言い切ることはできません。通院や服薬は医師の指示に従ってください。

一宮整骨院〜Seri〜は柔道整復師が施術を行う整骨院で、逆流性食道炎の診断・検査・薬・治療は行いません。それらは消化器内科などの医師の役割です。当院ができるのは、KIRIN整体の視点で姿勢・呼吸・腹圧に関わるコンディショニングと、生活のご相談にとどまります。

ご自宅では、食べ過ぎを避け、食後に上体を起こして過ごすなど、続けやすい習慣から取り入れてみてください。

※体重の減少、飲み込みにくさ、吐血や黒い便、持続する胸の痛みがある場合は、自己判断せずすぐに医療機関を受診してください。

愛知県一宮市（名鉄尾西線・苅安賀駅）で再発予防や日々の習慣についてお悩みの方は、一宮整骨院〜Seri〜へご相談ください。再発予防や日々の習慣については下記の記事でも詳しく解説しています。"
od-yattewaikenai-A,179,起立性調節障害,A,起立性調節障害のNG対応7つとは｜一宮・苅安賀駅から,https://ichinomiyaseitaiin.com/blog/od-yattewaikenai/,,"愛知県一宮市（苅安賀駅）で、起立性調節障害（OD）のお子さんへの関わり方に不安を感じている保護者の方へ。良かれと思った対応が、かえって負担になっていないか気になりますよね。

こんなお悩みはありませんか？
・無理に起こしたり、叱ったりしてしまった
・「気の持ちよう」と言われて悩んでいる
・どんな対応を避ければよいか知りたい

ODは本人の意思だけでは調整しにくい体調の状態が関わると考えられます。「甘え」「怠け」と決めつけたり、他の子と比べたりする対応は、お子さんの心の負担になることがあります。診断や治療、薬・検査は小児科などの医師の領域です。

一宮整骨院〜Seri〜は、医療機関での受診・治療と並行し、KIRIN整体の視点で姿勢・呼吸・巡りのコンディショニングや生活のご相談をお手伝いする補完的な立場です。

ご家庭では、まず「つらいね」と受け止める一言から始めてみてください。

※失神・胸痛・強い動悸・激しい頭痛・食事や水分がとれない状態、強い落ち込みや「消えてしまいたい」といった言葉があるときは、早めに医療機関を受診し、緊急性が高い場合は救急要請をしてください。

愛知県一宮市（名鉄尾西線・苅安賀駅）で起立性調節障害の対応にお悩みの保護者の方は、一宮整骨院〜Seri〜へご相談ください。避けたい対応は下記の記事でも詳しく解説しています。"
yakyukata-tsuyoku-A,73,野球肩,A,野球肩を強くする方法 負担に耐える体づくりの考え方｜一宮市,https://ichinomiyaseitaiin.com/blog/yakyukata-tsuyoku/,,"愛知県一宮市（苅安賀駅）で、野球肩を繰り返さない体づくりを考えている選手・保護者の方へ。鍛えればよいのか、迷いますよね。

こんなお悩みはありませんか？
・肩を鍛えたいが、何から始めればよいか分からない
・筋トレで痛みが悪化しないか心配
・投げる体づくりの優先順位が知りたい

肩まわりのインナーマッスルだけでなく、肩甲骨、体幹、股関節を含めた体全体の連動が、投球時の負担に関わっていると考えられます。痛みがあるときの運動の可否や、痛みの原因の診断は、整形外科の医師の判断が必要です。

一宮整骨院〜Seri〜では、医療機関の診断・治療を前提に、KIRIN整体の視点で関節・筋膜の動きや姿勢・巡りを整える補完的なサポートを行います。

ご自宅では、痛みが出ない範囲で、軽い負荷から体の使い方を確認してください。

※夜間も続く痛み、腕が上がらない、強い痛みがある場合は、早めに整形外科を受診してください。

愛知県一宮市（名鉄尾西線・苅安賀駅）で野球肩の予防や体づくりにお悩みの方は、一宮整骨院〜Seri〜へご相談ください。強くする方法の考え方は下記の記事でも詳しく解説しています。"
hiza-yattewaikenai-A,147,膝痛,A,膝痛でやってはいけないこと5つ｜一宮市・苅安賀駅の整骨院,https://ichinomiyaseitaiin.com/blog/hiza-yattewaikenai/,,"愛知県一宮市（苅安賀駅）で膝痛でやってはいけないことにお悩みの方へ。よかれと思った習慣が、負担になっていないか不安になりますよね。

こんなお悩みはありませんか？
・痛くても我慢して運動を続けている
・正座や深いしゃがみ込みを続けている
・強いマッサージや自己流の運動をしている

我慢して動き続ける、強く揉む、腫れや熱感のある膝を温めすぎる、深く曲げ続ける、体重の負担を放置するなどは、膝の負担を増やす可能性があると考えられます。痛みの原因は人によって異なるため、整形外科での検査をおすすめします。

一宮整骨院〜Seri〜では、診断や治療は医療機関の役割と考えたうえで、KIRIN整体の視点から、関節と筋膜の動きや足裏〜骨盤〜背骨のつながりを確認し、姿勢や動き方を整える補完的なサポートを行っています。

自宅では、痛みが出る動作を一度見直し、休む時間をつくることから始めてみてください。

※膝に水がたまる、強い腫れや熱感、急な激痛や膝が不安定になる感じがある場合は、早めに整形外科を受診してください。

愛知県一宮市（名鉄尾西線・苅安賀駅）で膝痛の対処に迷っている方は、一宮整骨院〜Seri〜へご相談ください。やってはいけないことは下記の記事でも詳しく解説しています。"
kokansetsu-walking-A,111,股関節痛,A,股関節痛でも歩いていい？ウォーキングの始め方｜一宮市,https://ichinomiyaseitaiin.com/blog/kokansetsu-walking/,,"愛知県一宮市（苅安賀駅）で、股関節痛があってもウォーキングを続けたい方へ。動かしたほうがよいのか、休むべきか、迷いますよね。

こんなお悩みはありませんか？
・歩くと股関節が痛むが、歩いてよいかわからない
・痛みを理由に歩く量が減ってしまった
・歩き始めに股関節が痛み、しばらくすると和らぐ

歩くことは体を保つうえで大切ですが、痛みの状態によっては負担になることもあります。足裏の使い方や骨盤の動き、股関節まわりの硬さが歩き方に影響すると考えられます。歩いてよいかの判断や診断は、整形外科など医療機関の役割です。

一宮整骨院〜Seri〜では、KIRIN整体の視点で関節・筋膜の動きや足裏〜骨盤〜背骨のつながりを確認し、医療機関での確認を前提に補完的にサポートします。

痛みが出ない範囲で、短い時間から始めてみてください。

※強い痛み、安静時の痛み、しびれ、体重をかけられない場合は、歩くのを控えて整形外科を受診してください。

愛知県一宮市（名鉄尾西線・苅安賀駅）で股関節痛とウォーキングにお悩みの方は、一宮整骨院〜Seri〜へご相談ください。始め方は下記の記事でも詳しく解説しています。"
tennishiji-toha-A,219,テニス肘・ゴルフ肘,A,テニス肘とは？原因と症状の基本｜一宮市・苅安賀駅,https://ichinomiyaseitaiin.com/blog/tennishiji-toha/,,"愛知県一宮市（苅安賀駅）でテニス肘について知りたい方へ。ラケットを持たなくても起こると聞いて、不安になりますよね。

こんなお悩みはありませんか？
・肘の外側が、物を持つたびに痛む
・雑巾を絞る、フライパンを持つ動作がつらい
・テニスをしていないのに、なぜ痛いのか分からない

テニス肘は、手首を反らす筋肉や腱の付け根に、繰り返しの負担がかかることで痛みが出ると考えられています。スポーツだけでなく、家事、パソコン作業、仕事での手の使い過ぎも背景になりえます。診断や画像検査、注射・投薬の判断は、整形外科など医療機関の役割です。

一宮整骨院〜Seri〜は、診断や治療ではなく、KIRIN整体（関節・筋膜の動きや姿勢・巡りを整える施術）で、肘に負担が集まる体の使い方を確認する補完的なサポートをしています。

ご自宅では、痛む動作を少し減らし、腕を休ませる時間を意識してみてください。

※しびれ、強い痛み、腫れ、肘が動かしにくい場合は、早めに整形外科を受診してください。

愛知県一宮市（名鉄尾西線・苅安賀駅）でテニス肘について知りたい方は、一宮整骨院〜Seri〜へご相談ください。原因と症状の基本は下記の記事でも詳しく解説しています。"
yakyuhiji-uchigawa-A,39,野球肘,A,野球肘の内側の痛み 原因と対処の考え方｜一宮市・苅安賀駅,https://ichinomiyaseitaiin.com/blog/yakyuhiji-uchigawa/,,"愛知県一宮市（苅安賀駅）で、野球肘の内側の痛みにお悩みの方へ。投げるたびに痛むと、続けてよいのか迷いますよね。

こんなお悩みはありませんか？
・投げると肘の内側が痛む
・全力で投げた翌日に内側が張る
・押すと内側に痛みを感じる

肘の内側は、投球で引っ張られる負担がかかりやすい部位と考えられます。成長期は骨の端の部分が影響を受け、剥離骨折など整形外科の領域となる場合もあります。自己判断せず、診察・画像検査を受けることが大切です。診断と治療は医師の役割です。

当院では医療機関での確認を前提に、KIRIN整体として肩甲骨や体幹、足裏から骨盤・背骨のつながりを見て、関節や筋膜の動きを整える補完的なサポートを行います。

ご自宅では、痛みがある間は投球を控えてください。

※強い痛み、肘が伸びない・曲がらない、しびれがある場合は、早めに整形外科を受診してください。

愛知県一宮市（名鉄尾西線・苅安賀駅）で野球肘の内側の痛みにお悩みの方は、一宮整骨院〜Seri〜へご相談ください。対処の考え方は下記の記事でも詳しく解説しています。"
gojukata-seitai-A,519,五十肩,A,一宮整骨院〜Seri〜の五十肩へのアプローチ｜苅安賀駅から通える整体,https://ichinomiyaseitaiin.com/blog/gojukata-seitai/,2027-02-22,"愛知県一宮市（苅安賀駅）で五十肩にお悩みの方へ。肩が上がらない毎日は、つらいですよね。

こんなお悩みはありませんか？
・腕を上げたり後ろに回したりすると痛む
・夜、肩がうずいて目が覚める
・服の着替えや髪を結ぶ動作がつらい

五十肩は、肩関節まわりに炎症や硬さが生じ、時期によって状態が変わると考えられます。腱板断裂など別の原因との区別が必要な場合もあり、診断や画像検査は整形外科などの医師の役割です。

一宮整骨院〜Seri〜では、柔道整復師がKIRIN整体の視点から、肩関節と筋膜の動き、足裏から骨盤、背骨、肩甲骨へのつながり、呼吸を丁寧に確認し、補完的にサポートします。

自宅では、痛みの強い時期は無理をせず、楽な姿勢で過ごしましょう。

※安静にしていても強い痛みがある、夜間痛で眠れない日が続く、腕に力が入らない、しびれを伴う、発熱や胸の痛みを伴う場合は、早めに医療機関を受診してください。

愛知県一宮市（名鉄尾西線・苅安賀駅）で五十肩にお悩みの方は、一宮整骨院〜Seri〜へご相談ください。当院のアプローチは下記の記事でも詳しく解説しています。"
zutsu-kiken-A,339,緊張型頭痛・首こり,A,危険な頭痛のサインとは｜すぐ受診すべき症状の目安を解説,https://ichinomiyaseitaiin.com/blog/zutsu-kiken/,2026-11-25,"愛知県一宮市（苅安賀駅）で危険な頭痛のサインにお悩みの方へ。いつもと違う頭痛があると、様子を見てよいのか迷いますよね。

こんなお悩みはありませんか？
・これまでにない激しい頭痛が突然起きた
・手足のしびれや、ろれつの回りにくさがある
・発熱とともに首が硬くなった

頭痛の多くは首や肩の緊張などによるものと考えられますが、まれに脳や血管の病気が隠れていることがあります。診断や画像検査は医師の役割であり、自己判断は避けてください。迷うときは医療機関に相談を。

一宮整骨院〜Seri〜では、こうしたサインのある方へ施術は行わず、医療機関の受診をおすすめしています。緊張型頭痛が疑われる場合に、KIRIN整体の視点で首肩や姿勢を整える補完的なサポートを行います。

「いつもと違う」と感じたら、我慢せず早めに医療機関へ相談しましょう。

※突然の激しい頭痛、手足の麻痺やしびれ、ろれつが回らない、物が二重に見える、発熱と首の硬直、意識がおかしいといった場合は、すぐ救急要請や受診をしてください。

愛知県一宮市（名鉄尾西線・苅安賀駅）で頭痛の受診の目安の方は、一宮整骨院〜Seri〜へご相談ください。危険な頭痛のサインは下記の記事でも詳しく解説しています。"
dokeruban-taisho-A,279,腱鞘炎・ばね指,A,ドケルバン病の対処・サポーター・受診の目安｜一宮市・苅安賀駅,https://ichinomiyaseitaiin.com/blog/dokeruban-taisho/,2026-10-26,"愛知県一宮市（苅安賀駅）でドケルバン病の対処法を探している方へ。育児や仕事で手を使わずにいられず、どう対応すればよいか悩みますよね。

こんなお悩みはありませんか？
・サポーターを使ってよいのか知りたい
・手首の親指側の痛みを自分でどうケアすればよいか分からない
・どのタイミングで病院に行くべきか迷っている

ドケルバン病では、親指と手首の負担を減らすことが基本と考えられます。サポーターは手首や親指の動きを支える補助であり、治療ではありません。痛みが続く場合の診断や、注射・手術などの判断は、整形外科の医師の役割です。

一宮整骨院〜Seri〜では、医療機関での診断を前提に、KIRIN整体として手首・腕・肩まわりの関節と筋膜の動き、姿勢や手の使い方を整える補完的なサポートを行っています。

ご自宅では、サポーターは締め付けすぎず、親指をひねる・つまむ動作を減らす工夫をしてみてください。

※親指の付け根に強い腫れや強い痛みがある、親指を動かせない、しびれが強い、痛みが日ごとに強くなる場合は、早めに整形外科を受診してください。

愛知県一宮市（名鉄尾西線・苅安賀駅）でドケルバン病の対処にお悩みの方は、一宮整骨院〜Seri〜へご相談ください。対処や受診の目安は下記の記事でも詳しく解説しています。"
jiritsu-seitai-A,459,自律神経,A,自律神経の乱れに整骨院でできること｜姿勢・呼吸・巡りのケア,https://ichinomiyaseitaiin.com/blog/jiritsu-seitai/,2027-01-23,"愛知県一宮市（苅安賀駅）で、自律神経の乱れが気になり、整骨院で何ができるのか知りたい方へ。相談してよいのか迷う方も多いと思います。

こんなお悩みはありませんか？
・首肩のこりや疲れ、だるさが続いている
・呼吸が浅い、寝ても疲れが抜けにくい
・体を整える方法を、姿勢の面からも知りたい

自律神経の乱れの背景には、姿勢や呼吸の浅さ、体のこわばりが関わることもあると考えられます。ただし不調の原因はさまざまで、診断・検査・治療・薬の判断は医師の役割です。気になる症状は、まず医療機関でご相談ください。

一宮整骨院〜Seri〜では、自律神経そのものの治療は行いません。柔道整復師がKIRIN整体の視点で、関節・筋膜の動きや足裏〜骨盤〜背骨のつながりを確認し、姿勢・呼吸・巡りのコンディショニングと生活のご相談をお受けしています。

自宅では、背もたれに体を預け、肩の力を抜いてゆっくり息を吐いてみてください。

※動悸・息苦しさ・強いめまい・立ちくらみ・胸の痛みがある場合は、早めに医療機関を受診してください。症状が強いときは救急要請も検討しましょう。

愛知県一宮市（名鉄尾西線・苅安賀駅）で姿勢や呼吸から体を整えたい方は、一宮整骨院〜Seri〜へご相談ください。詳しくは下記の記事でも解説しています。"
gyaku-seitai-A,399,逆流性食道炎×姿勢,A,逆流性食道炎に整骨院でできること｜姿勢・呼吸の相談（一宮市）,https://ichinomiyaseitaiin.com/blog/gyaku-seitai/,2026-12-25,"愛知県一宮市（苅安賀駅）で逆流性食道炎と整骨院の関わり方にお悩みの方へ。整骨院で何をしてもらえるのか、分かりにくいですよね。

こんなお悩みはありませんか？
・胸やけのほかに、背中や肩甲骨まわりが張る
・猫背や反り腰、浅い呼吸が気になる
・病院と整骨院の役割の違いを知りたい

逆流性食道炎は医療機関で診断・治療を受ける疾患です。そのうえで、姿勢の崩れや呼吸の浅さ、腹圧のかかり方が日常の負担に関わる場合があると考えられます。

一宮整骨院〜Seri〜は柔道整復師が施術を行う整骨院で、逆流性食道炎の診断・検査・薬・治療は行いません。それらは消化器内科などの医師の役割です。当院ができるのは、KIRIN整体の視点で姿勢・呼吸・腹圧に関わるコンディショニングと、生活のご相談にとどまります。

ご自宅では、椅子に深く座り、骨盤を立てて、ゆっくり息を吐く習慣を試してみてください。

※体重の減少、飲み込みにくさ、吐血や黒い便、持続する胸の痛みがある場合は、自己判断せずすぐに医療機関を受診してください。

愛知県一宮市（名鉄尾西線・苅安賀駅）で逆流性食道炎と整骨院の関わり方についてお悩みの方は、一宮整骨院〜Seri〜へご相談ください。逆流性食道炎と整骨院の関わり方については下記の記事でも詳しく解説しています。"
gojukata-toha-B,462,五十肩,B,五十肩の時期を意識した過ごし方｜一宮市の整骨院より,https://ichinomiyaseitaiin.com/blog/gojukata-toha/,2027-01-24,"愛知県一宮市（苅安賀駅）で、五十肩について自分でできることを探している方へ。肩が動かしにくい日々でも、できる工夫はあります。

五十肩は時期によって痛みや動きの状態が変わり、過ごし方も変わってくると考えられます。

今日からできるセルフケア
・痛みが強い時期は、腕を無理に上げず肩を休ませる
・痛みの出ない範囲で、普段の動作はできるだけ続ける
・入浴後など体が温まっているときに、楽な範囲で動かす
・荷物は痛い側と反対の手で持ち、肩への負担を減らす
・眠るときはクッションなどで腕を支え、楽な位置を探す

セルフケアをしても変化が乏しいときは、ひとりで抱え込まずご相談ください。当院ではKIRIN整体の視点で、肩関節だけでなく肩甲骨・背骨・骨盤・足裏のつながりや、関節と筋膜の動きを確認します。

※夜間痛が強く眠れない、痛みが急に悪化した、腕のしびれや脱力がある場合は、整形外科を受診してください。胸の痛みや息苦しさを伴うときは救急要請も検討してください。

愛知県一宮市（名鉄尾西線・苅安賀駅）で五十肩にお悩みの方は、一宮整骨院〜Seri〜へご相談ください。詳しくは下記の記事もご覧ください。"
zutsu-kincho-toha-B,282,緊張型頭痛・首こり,B,緊張型頭痛の首肩セルフケア｜姿勢をゆるめる習慣（一宮市）,https://ichinomiyaseitaiin.com/blog/zutsu-kincho-toha/,2026-10-27,"愛知県一宮市（苅安賀駅）で、緊張型頭痛について自分でできることを探している方へ。

頭の重さの背景には、首や肩の筋肉の緊張、猫背などの姿勢のクセが関わっていると考えられています。

今日からできるセルフケア
・画面を見る位置を目の高さに近づける
・1時間に一度は立ち上がり、肩をゆっくり回す
・入浴や蒸しタオルで首肩を温めて緊張をやわらげる
・深い呼吸を数回くり返し、肩の力を抜く
・睡眠時間を確保し、枕の高さが合っているか見直す

セルフケアを続けても変化が乏しい場合は、一度ご相談ください。当院ではKIRIN整体の視点で、首や背骨、足裏から骨盤までの姿勢のつながり、関節と筋膜の動きを確認します。頭痛の診断は医師の役割ですので、必要に応じて医療機関への受診もご案内します。

※突然の激しい頭痛、手足の麻痺やしびれ、ろれつが回らない、物が二重に見える、発熱と首の硬直、意識がおかしいといった症状がある場合は、すぐに救急車を呼ぶか医療機関を受診してください。

愛知県一宮市（名鉄尾西線・苅安賀駅）で緊張型頭痛や首肩の張りの方は、一宮整骨院〜Seri〜へご相談ください。詳しくは下記の記事もご覧ください。"
kenshoen-genin-B,222,腱鞘炎・ばね指,B,腱鞘炎の原因を見直す 一宮市・苅安賀駅で手を休めるセルフケア,https://ichinomiyaseitaiin.com/blog/kenshoen-genin/,,"愛知県一宮市（苅安賀駅）で、腱鞘炎の原因を見直して自分でできることを探している方へ。

腱鞘炎は、手指を使う動作の積み重ねで負担がかかりやすいと考えられています。日々の使い方を少し見直すことが、ケアの出発点になります。

今日からできるセルフケア
・スマホやキーボードを使う時間の合間に、手を休める時間をつくる
・物を持つときは、指先だけでなく手のひら全体で支える
・手首を反らしたままの作業姿勢を避け、机や椅子の高さを見直す
・肩や首に力が入っていないか、ときどき深呼吸して確認する
・入浴後など体が温まったときに、手首や指をやさしく動かす

セルフケアを続けても変化が乏しい場合は、ご相談ください。当院では、KIRIN整体の視点で、手首だけでなく肘・肩・首まわりの関節や筋膜の動き、姿勢や巡りの状態を確認します。診断や注射・手術などの判断は、整形外科など医療機関の役割です。

※痛みが強い、腫れや熱感がある、指が引っかかって動かない、しびれがある場合は、早めに整形外科を受診してください。

愛知県一宮市（名鉄尾西線・苅安賀駅）で腱鞘炎の原因が気になる方は、一宮整骨院〜Seri〜へご相談ください。詳しくは下記の記事もご覧ください。"
jiritsu-toha-B,402,自律神経,B,自律神経の全体像と今日からの整え方｜一宮市で相談,https://ichinomiyaseitaiin.com/blog/jiritsu-toha/,2026-12-26,"愛知県一宮市（苅安賀駅）で、自律神経の整え方について自分でできることを探している方へ。

自律神経は、日中の活動と夜の休息を切り替える働きに関わります。この切り替えは、生活リズムや姿勢、呼吸の深さの影響を受けると考えられます。

生活リズム・呼吸・巡りで意識したいこと
・毎日同じ時間に起きて、朝の光を浴びる
・就寝前のスマホ操作を控えめにする
・一日数回、息を長く吐く時間をつくる
・同じ姿勢が続いたら立ち上がって体を動かす
・軽く体を温めて、巡りを意識する

こうした工夫で変化が乏しいときは、ひとりで抱え込まずご相談ください。当院ではKIRIN整体の視点で、姿勢・呼吸・巡りの状態や生活の様子を確認し、ご相談に応じています（診断や治療は行いません）。

※動悸・息苦しさ・強いめまい・立ちくらみ・胸の痛みがあるときは、早めに医療機関を受診してください。胸痛が強い、意識が遠のくなどの場合はすぐに救急要請を。

愛知県一宮市（名鉄尾西線・苅安賀駅）で自律神経の整え方を知りたい方は、一宮整骨院〜Seri〜へご相談ください。詳しくは下記の記事もご覧ください。"
gyaku-toha-B,342,逆流性食道炎×姿勢,B,逆流性食道炎のセルフケア｜姿勢・呼吸・生活習慣の基本,https://ichinomiyaseitaiin.com/blog/gyaku-toha/,2026-11-26,"愛知県一宮市（苅安賀駅）で、逆流性食道炎と姿勢・生活習慣について自分でできることを探している方へ。

胸やけの背景には、姿勢や呼吸の浅さ、食べ方のクセなどが重なっている場合があると考えられます。まずは日常の過ごし方を見直すところから始めてみましょう。

■今日からできるセルフケア
・座る時は骨盤を立て、背中を丸めすぎない
・食事はゆっくり、腹八分目を意識する
・お腹を締めつける服装やベルトを避ける
・ゆっくり息を吐く呼吸を1日数回行う
・食べてすぐ横にならず、時間をあける

セルフケアを続けても変化が乏しい時は、一度ご相談ください。当院では、姿勢・呼吸・お腹まわりの使い方や生活の様子を確認し、体の動きを整える視点でお話を伺います。診断や治療は医師の役割です。

※体重が減ってきた、飲み込みにくい、吐血や黒い便がある、胸の痛みが続くといった場合は、すぐに医療機関（消化器内科など）を受診してください。

愛知県一宮市（名鉄尾西線・苅安賀駅）で逆流性食道炎と姿勢・生活の関わりが気になる方は、一宮整骨院〜Seri〜へご相談ください。詳しくは下記の記事もご覧ください。"
golfhiji-naoshikata-B,182,テニス肘・ゴルフ肘,B,ゴルフ肘の対処法｜今日からできるセルフケアと相談の目安,https://ichinomiyaseitaiin.com/blog/golfhiji-naoshikata/,,"愛知県一宮市（苅安賀駅）で、ゴルフ肘の対処法について自分でできることを探している方へ。

肘の内側の痛みは、手首や指を使う動作の積み重ねで負担が増えやすいといわれています。

今日からできるセルフケア
・痛みが強く出る動作（強い握り込みや重い物の持ち上げ）を一時的に控える
・手のひらを上に向け、前腕の内側を痛みの出ない範囲でやさしく伸ばす
・入浴時などに前腕を温め、力を抜いて手首をゆっくり動かす
・物は手のひら全体で支え、指先だけに力を集中させない
・スイングや作業の合間に、手首と肘を休ませる時間をつくる

セルフケアで変化が乏しければ、一度ご相談ください。当院ではKIRIN整体の視点で、肘だけでなく、関節や筋膜の動き、足裏から骨盤・背骨へのつながりや姿勢・巡りを確認します。

※強い痛み、しびれ、腫れ・熱感、肘が動かしにくいなどの症状がある場合は、早めに整形外科を受診してください。

愛知県一宮市（名鉄尾西線・苅安賀駅）でゴルフ肘の対処法にお悩みの方は、一宮整骨院〜Seri〜へご相談ください。詳しくは下記の記事もご覧ください。"
yakyuhiji-byoin-sekkotsuin-B,2,野球肘,B,野球肘の受診の順番と家庭での関わり方｜一宮市・苅安賀駅の整骨院,https://ichinomiyaseitaiin.com/blog/yakyuhiji-byoin-sekkotsuin/,,"愛知県一宮市（苅安賀駅）で、野球肘について自分でできることや受診の順番を探している方へ。

成長期の肘は骨が未完成で、繰り返しの投球による負担がかかりやすいと考えられます。

家庭で意識したい受診と予防の目安
・肘の痛みが出たら、まず投球を控えて様子を確認する
・痛みの場所、いつ痛むかを簡単に記録しておく
・痛みが続くときは整形外科で画像検査を受ける
・練習再開の時期は医師の指示を優先する
・投球後の肘や肩の疲れをその日のうちに休ませる

数日休んでも痛みが引かない、違和感を繰り返す場合は、早めに医療機関へご相談ください。当院では、柔道整復師がKIRIN整体の視点で、肘だけでなく肩甲骨・体幹・股関節・足裏の動きや姿勢・巡りを確認し、医療機関での診断や指示と並行して補完的にサポートします。

※強い痛み、肘が伸びない・曲がらない、しびれがある場合は、ただちに整形外科を受診してください。

愛知県一宮市（名鉄尾西線・苅安賀駅）で野球肘のご相談先をお探しの方は、一宮整骨院〜Seri〜へご相談ください。詳しくは下記の記事もご覧ください。"
kokansetsu-50dai-kounenki-B,76,股関節痛,B,50代・更年期の股関節痛に今日からできる生活の工夫,https://ichinomiyaseitaiin.com/blog/kokansetsu-50dai-kounenki/,,"愛知県一宮市（苅安賀駅）で、50代・更年期の股関節痛について自分でできることを探している方へ。

この時期は筋肉量や活動量が変わりやすく、股関節まわりの負担に気づきにくいことがあります。無理のない範囲で、日常の習慣を見直してみましょう。

家庭で意識したいこと
・同じ姿勢を続けず、30分ほどを目安に立ち上がる
・階段や段差では痛む側に体重を乗せすぎない
・靴は足裏全体で支えられる、歩きやすいものを選ぶ
・お風呂で体を温め、力を抜いて過ごす時間をつくる
・痛みが出る動作は無理に繰り返さない

こうしたケアを続けても変化が乏しいときは、ご相談ください。当院ではKIRIN整体の視点で、股関節だけでなく関節や筋膜の動き、足裏から骨盤・背骨への姿勢や巡りのバランスを確認します。

※夜も眠れないほどの強い痛み、しびれの合併、歩行が困難な場合は整形外科を受診してください。

愛知県一宮市（名鉄尾西線・苅安賀駅）で50代・更年期の股関節痛でお悩みの方は、一宮整骨院〜Seri〜へご相談ください。詳しくは下記の記事もご覧ください。"
hiza-atatameru-hiyasu-B,114,膝痛,B,膝痛の温冷ケアと生活の工夫｜一宮市・苅安賀駅のセルフケア,https://ichinomiyaseitaiin.com/blog/hiza-atatameru-hiyasu/,,"愛知県一宮市（苅安賀駅）で、膝の痛みに自分でできることを探している方へ。

膝は体重を支え、立つ・歩く・階段など毎日の動作で負担がかかります。温冷の選び方とあわせて、生活の工夫も大切と考えられます。

今日からできる動作別セルフケア
・熱感や腫れが強い日は、保冷剤をタオルで包み短時間あてる
・こわばりが主な日は、入浴や蒸しタオルで無理なく温める
・階段は手すりを使い、痛む側の足に頼りすぎない
・長く座ったあとは、立つ前に足首と膝を軽く動かす
・痛みが強い日は、正座やしゃがみ込みを避ける

セルフケアで変化が乏しければご相談ください。当院ではKIRIN整体の視点で、膝の関節や筋膜の動き、足裏から骨盤にかけての姿勢や巡りを確認します。

※膝に水がたまる、強い腫れや熱感がある、急な激痛や不安定感がある場合は、早めに整形外科を受診してください。

愛知県一宮市（名鉄尾西線・苅安賀駅）で膝の痛みにお悩みの方は、一宮整骨院〜Seri〜へご相談ください。詳しくは下記の記事もご覧ください。"
yakyukata-check-B,42,野球肩,B,野球肩のセルフチェック後にできること｜一宮市の投球ケア,https://ichinomiyaseitaiin.com/blog/yakyukata-check/,,"愛知県一宮市（苅安賀駅）で、野球肩のセルフチェック後に自分でできることを探している方へ。

チェックで気になる点があっても、焦って投げ続けたり、逆に全く動かさなかったりすると、負担の偏りが残ることがあります。

今日からできるセルフケア
・投げた日の夜に、左右の肩の高さと腕の上がり方を比べる
・入浴後に、胸まわりと背中をゆっくり動かして硬さを確認する
・投球前に肩甲骨をやさしく動かす準備運動を取り入れる
・睡眠と食事を整え、疲れをためない
・違和感があるときは、いつ・どの動作で痛むかを記録する

セルフケアで変化が乏しいときは、早めにご相談ください。当院では、KIRIN整体の視点で、肩だけでなく肩甲骨・背骨・骨盤・足裏までのつながりを見ながら、関節や筋膜の動き、姿勢や巡りを確認します。診断や治療は医療機関の役割ですので、受診と並行して補完的にお手伝いします。

※強い痛みや夜間痛、肩の可動域が急に狭くなったときは、セルフケアを続けず、早めに整形外科を受診してください。

愛知県一宮市（名鉄尾西線・苅安賀駅）で野球肩の方は、一宮整骨院〜Seri〜へご相談ください。詳しくは下記の記事もご覧ください。"
od-amae-chigai-B,150,起立性調節障害,B,「甘え」と決めつけない関わり方｜起立性調節障害・一宮市の保護者へ,https://ichinomiyaseitaiin.com/blog/od-amae-chigai/,,"愛知県一宮市（苅安賀駅）で、朝起きられないお子さんへの関わり方を探している保護者の方へ。

朝の不調は本人にも理由がわからず、つらさを抱えていることがあります。周囲の言葉かけが、お子さんの安心感に影響することも少なくありません。

家庭で意識したいこと
・「怠けている」と評価せず、まず体調を聞く
・起きられない朝を責めず、できたことに目を向ける
・睡眠・食事・水分など、生活リズムを無理なく見直す
・学校や通院の予定は、お子さんと一緒に確認する
・保護者自身も一人で抱え込まず、相談先を持つ

家庭での工夫で変化が乏しいときは、まず小児科などの医療機関にご相談ください。当院では医療機関の受診と並行して、KIRIN整体の視点で関節・筋膜の動きや姿勢・巡りを確認し、生活の相談をお受けします。

※強いめまい、失神、胸の痛み、朝起きられない状態が続く場合は、早めに医療機関を受診してください。

愛知県一宮市（名鉄尾西線・苅安賀駅）で起立性調節障害のお子さんの関わり方にお悩みの方は、一宮整骨院〜Seri〜へご相談ください。詳しくは下記の記事もご覧ください。"
gojukata-genin-B,464,五十肩,B,肩に負担をためない暮らし方｜五十肩のセルフケア（一宮市）,https://ichinomiyaseitaiin.com/blog/gojukata-genin/,2027-01-25,"愛知県一宮市（苅安賀駅）で、肩が上がらない状態について自分でできることを探している方へ。原因が分からなくても、日々の過ごし方で見直せる点があります。

姿勢や肩の使い方の偏りが、肩まわりの負担に関わると考えられます。

家庭で意識したいこと
・スマホやパソコン作業では、画面を目の高さに近づける
・座るときは骨盤を立て、背もたれに軽く預ける
・同じ側の腕ばかりで荷物を持たない
・肩が冷えないよう、季節に合わせて服装を調整する
・痛みが強い間は、ストレッチを頑張りすぎない

セルフケアをしても変化が乏しいときは、ひとりで抱え込まずご相談ください。当院ではKIRIN整体の視点で、肩関節だけでなく肩甲骨・背骨・骨盤・足裏のつながりや、関節と筋膜の動きを確認します。

※転倒やケガのあとから痛む、腕に力が入らない、夜間痛が強い場合は、早めに整形外科を受診してください。胸の痛みなどを伴うときは救急要請も検討してください。

愛知県一宮市（名鉄尾西線・苅安賀駅）で肩が上がらない原因にお悩みの方は、一宮整骨院〜Seri〜へご相談ください。詳しくは下記の記事もご覧ください。"
zutsu-kincho-genin-B,284,緊張型頭痛・首こり,B,首こり・姿勢から見直す緊張型頭痛の原因チェック（一宮市）,https://ichinomiyaseitaiin.com/blog/zutsu-kincho-genin/,2026-10-28,"愛知県一宮市（苅安賀駅）で、緊張型頭痛の原因を見直して自分でできることを探している方へ。

頭痛の背景には、首肩の筋肉の緊張、姿勢のクセ、ストレスや睡眠不足が重なっていると考えられています。

家庭で意識したいこと
・スマホを見るときは顔の高さまで持ち上げる
・デスクの高さと椅子の位置を見直し、足裏を床につける
・肩に力が入っていないか、時々気づいて息を吐く
・寝る前の画面時間を減らし、睡眠を確保する
・水分をこまめにとり、同じ姿勢を続けない

これらを続けても変化が乏しいときは、ご相談ください。当院ではKIRIN整体の視点で、首の動きや肩甲骨まわり、足裏〜骨盤〜背骨の姿勢のつながりを確認します。頭痛そのものの診断や検査は医師の役割です。

※突然の激しい頭痛、手足の麻痺やしびれ、ろれつが回らない、物が二重に見える、発熱と首の硬直、意識がおかしいといった症状がある場合は、すぐに救急車を呼ぶか医療機関を受診してください。

愛知県一宮市（名鉄尾西線・苅安賀駅）で緊張型頭痛の原因や姿勢が気になる方は、一宮整骨院〜Seri〜へご相談ください。詳しくは下記の記事もご覧ください。"
kenshoen-nanika-B,224,腱鞘炎・ばね指,B,腱鞘炎で受診する前に 一宮市・苅安賀駅での準備と家庭の工夫,https://ichinomiyaseitaiin.com/blog/kenshoen-nanika/,,"愛知県一宮市（苅安賀駅）で、腱鞘炎かもしれない手指の痛みについて、受診前に自分でできることを探している方へ。

手首や指の痛みは、診察で状態を確認することが大切です。受診がスムーズになるよう、普段の様子を整理しておくと役立つと考えられます。

受診前に整理しておきたいこと
・痛みが出始めた時期と、痛む場所（親指側か、指の付け根かなど）
・痛みが強まる動作（スマホ、家事、育児、仕事など）
・朝にこわばるか、指が引っかかる感じがあるか
・腫れや熱感、しびれの有無
・痛む動作を減らし、手を休める時間をつくっておく

整形外科での診察を受けたうえで、姿勢や体の使い方も見直したい場合はご相談ください。当院では、KIRIN整体の視点で、関節や筋膜の動き、姿勢や巡りの状態を確認します。診断・注射・投薬・手術の判断は医師の役割です。

※指が引っかかって動かない、強い腫れや熱感、しびれ、急な強い痛みがある場合は、早めに整形外科を受診してください。

愛知県一宮市（名鉄尾西線・苅安賀駅）で腱鞘炎の受診先に迷う方は、一宮整骨院〜Seri〜へご相談ください。詳しくは下記の記事もご覧ください。"
jiritsu-totonoeru-B,404,自律神経,B,自律神経を整える基本のセルフケア｜一宮市・苅安賀駅,https://ichinomiyaseitaiin.com/blog/jiritsu-totonoeru/,2026-12-27,"愛知県一宮市（苅安賀駅）で、自律神経を整える基本のセルフケアについて自分でできることを探している方へ。

整えるといっても特別なことは必要なく、毎日の小さな習慣の見直しが出発点と考えられます。

家庭で意識したいこと
・起床・就寝の時刻をできるだけそろえる
・朝に日光を浴び、軽く体を動かす
・食事は抜かず、ゆっくりよく噛んで食べる
・ぬるめの入浴などで、ほっとする時間を持つ
・呼吸が浅いと感じたら、肩を下げて息を吐く

数週間続けても変化が乏しいときは、ご相談ください。当院ではKIRIN整体の視点で、姿勢・呼吸・巡りの状態や生活の様子を確認し、ご相談に応じています（診断や治療は行いません）。

※動悸・息苦しさ・強いめまい・立ちくらみ・胸の痛みがあるときは、早めに医療機関を受診してください。胸痛が強い、意識が遠のくなどの場合はすぐに救急要請を。

愛知県一宮市（名鉄尾西線・苅安賀駅）で自律神経を整える毎日の習慣を知りたい方は、一宮整骨院〜Seri〜へご相談ください。詳しくは下記の記事もご覧ください。"
gyaku-shojo-B,344,逆流性食道炎×姿勢,B,逆流性食道炎の症状と向き合う｜受診の目安とセルフケア,https://ichinomiyaseitaiin.com/blog/gyaku-shojo/,2026-11-27,"愛知県一宮市（苅安賀駅）で、逆流性食道炎の症状との向き合い方について自分でできることを探している方へ。

症状の出方は人によって異なります。受診の目安を知ったうえで、生活の中でできる工夫を取り入れることが大切と考えられます。

■家庭で意識したいこと
・症状が出る時間帯や食事内容を記録する
・就寝前の食事や飲酒の時間を見直す
・前かがみの作業を長く続けない
・ゆっくり深く息を吐く時間をつくる

セルフケアを続けても変化が乏しい時は、一度ご相談ください。当院では、姿勢・呼吸・お腹まわりの使い方や生活の様子を確認し、体の動きを整える視点でお話を伺います。診断や治療は医師の役割です。

※体重が減ってきた、飲み込みにくい、吐血や黒い便がある、胸の痛みが続くといった場合は、すぐに医療機関（消化器内科など）を受診してください。

愛知県一宮市（名鉄尾西線・苅安賀駅）で逆流性食道炎の症状や受診の目安が気になる方は、一宮整骨院〜Seri〜へご相談ください。詳しくは下記の記事もご覧ください。"
golfhiji-toha-B,184,テニス肘・ゴルフ肘,B,ゴルフ肘とテニス肘の違いを踏まえた自宅での過ごし方,https://ichinomiyaseitaiin.com/blog/golfhiji-toha/,,"愛知県一宮市（苅安賀駅）で、ゴルフ肘とテニス肘の違いを踏まえて、自分でできることを探している方へ。

肘の痛みは、内側か外側かで関わる筋肉が異なるため、まず痛む場所を整理することが役立ちます。

家庭で意識したいこと
・痛む場所（内側か外側か）と、痛みが出る動作をメモしておく
・痛みを強める動作を一時的に減らす
・前腕を温め、力を抜いたままゆっくり動かす
・重い物は手のひら全体で支え、手首だけに負担をかけない
・強く握り込む作業を続けず、こまめに休む

セルフケアで変化が乏しければ、一度ご相談ください。当院ではKIRIN整体の視点で、肘だけでなく、関節や筋膜の動き、足裏から骨盤・背骨へのつながりや姿勢・巡りを確認します。

※強い痛み、しびれ、腫れ・熱感、肘が動かしにくいなどの症状がある場合は、早めに整形外科を受診してください。

愛知県一宮市（名鉄尾西線・苅安賀駅）でゴルフ肘やテニス肘の違いが気になるという方は、一宮整骨院〜Seri〜へご相談ください。詳しくは下記の記事もご覧ください。"
yakyuhiji-check-B,4,野球肘,B,野球肘かも？と思ったら｜チェック後の動き方と受診の目安,https://ichinomiyaseitaiin.com/blog/yakyuhiji-check/,,"愛知県一宮市（苅安賀駅）で、野球肘のチェックをしたあとに自分でできることを探している方へ。

チェックで気になる項目があっても、慌てず、段階を踏んで動くことが大切です。

チェック後に意識したいこと
・痛みが出る投球や動作をいったん控える
・投げた翌日の肘の状態を毎回メモする
・肩・股関節・足首の硬さも一緒に見直す
・痛みが続く場合は整形外科で画像検査を受ける
・練習の再開時期は医師の判断を優先する

セルフチェックは受診の目安をつかむためのもので、診断ではありません。数日様子を見ても変化が乏しい場合は、早めの受診と相談をおすすめします。当院では、KIRIN整体の視点で肘だけでなく肩甲骨や体幹、足裏から骨盤・背骨のつながりを確認し、医療機関での診断や指示と並行して補完的に関わります。

※強い痛み、肘が伸びない・曲がらない、しびれがある場合は、ただちに整形外科を受診してください。

愛知県一宮市（名鉄尾西線・苅安賀駅）で野球肘のチェック後の動き方にお悩みの方は、一宮整骨院〜Seri〜へご相談ください。詳しくは下記の記事もご覧ください。"
kokansetsu-aruku-itai-B,78,股関節痛,B,歩くと痛い股関節｜歩き方・生活動作のセルフケア,https://ichinomiyaseitaiin.com/blog/kokansetsu-aruku-itai/,,"愛知県一宮市（苅安賀駅）で、歩くと痛む股関節について自分でできることを探している方へ。

歩く動作は、足裏から骨盤、背骨まで全身が連動しています。一か所の痛みをかばううちに、ほかの場所へ負担が移ることもあります。

今日からできるセルフケア
・歩幅を広げすぎず、足裏全体で着地する意識を持つ
・かかとのすり減り方が偏った靴は見直す
・痛い日は歩く時間を短く区切って休憩を入れる
・歩く前に、椅子に座って足首や膝をゆっくり動かす
・荷物は左右に分けて持ち、片側に偏らせない

セルフケアで変化が乏しければ、ご相談ください。当院ではKIRIN整体の視点で、関節や筋膜の動き、姿勢や巡りのバランスを確認し、歩き方につながる体の使い方をご一緒に見直します。

※強い痛みが続く、しびれがある、歩行が難しい場合は、整形外科での検査を優先してください。

愛知県一宮市（名鉄尾西線・苅安賀駅）で歩くと痛い股関節でお困りの方は、一宮整骨院〜Seri〜へご相談ください。詳しくは下記の記事もご覧ください。"
gojukata-check-B,466,五十肩,B,五十肩のサインに気づいたら｜動かし方の注意点（一宮市）,https://ichinomiyaseitaiin.com/blog/gojukata-check/,2027-01-26,"愛知県一宮市（苅安賀駅）で、五十肩のサインについて自分でできることを探している方へ。気になる症状があるときに、家庭で意識したい点をまとめます。

痛みの強さや動く範囲は時期によって違うため、その時の状態に合わせた動かし方が大切です。

まず意識したいこと
・どの動作で痛むか、いつ痛むかをメモしておく
・痛みが強いときは、腕を無理に上げたり引っ張ったりしない
・痛みの出ない範囲で、肩を小さく動かす
・肩甲骨まわりを意識して、ゆっくり呼吸する
・痛み止めなどの薬は、医師や薬剤師に相談する

セルフケアをしても変化が乏しいときは、ひとりで抱え込まずご相談ください。当院ではKIRIN整体の視点で、肩関節だけでなく肩甲骨・背骨・骨盤・足裏のつながりや、関節と筋膜の動きを確認します。

※腕のしびれや力が入らない感じ、強い夜間痛、発熱、転倒後の痛みがある場合は整形外科を受診してください。胸の痛みや息苦しさがあるときは救急要請も検討してください。

愛知県一宮市（名鉄尾西線・苅安賀駅）で五十肩のサインにお悩みの方は、一宮整骨院〜Seri〜へご相談ください。詳しくは下記の記事もご覧ください。"
zutsu-kincho-shojo-B,286,緊張型頭痛・首こり,B,頭の重さが続くときの首肩セルフケアと受診の目安（一宮市）,https://ichinomiyaseitaiin.com/blog/zutsu-kincho-shojo/,2026-10-29,"愛知県一宮市（苅安賀駅）で、緊張型頭痛のような頭の重さに自分でできることを探している方へ。

締めつけられる感じの背景には、首肩の筋肉の緊張や姿勢のクセが関わっていると考えられています。

今日からできるセルフケア
・首の後ろから肩を蒸しタオルで温める
・あごを軽く引き、ゆっくり深呼吸をする
・長時間のデスクワークの合間に肩甲骨を動かす
・症状が出た日と出なかった日の過ごし方を記録する
・十分な睡眠と水分補給を心がける

セルフケアで変化が乏しい場合は、ご相談ください。当院ではKIRIN整体の視点で、首や肩甲骨の動き、背骨から骨盤、足裏までの姿勢のつながりを確認します。症状の診断や原因の特定は医師の役割ですので、必要なときは受診をおすすめします。

※突然の激しい頭痛、手足の麻痺やしびれ、ろれつが回らない、物が二重に見える、発熱と首の硬直、意識がおかしいといった症状がある場合は、すぐに救急車を呼ぶか医療機関を受診してください。

愛知県一宮市（名鉄尾西線・苅安賀駅）で頭の重さや首肩の張りの方は、一宮整骨院〜Seri〜へご相談ください。詳しくは下記の記事もご覧ください。"
kenshoen-naoshikata-B,226,腱鞘炎・ばね指,B,腱鞘炎の対処法セルフケア 一宮市・苅安賀駅で受診目安も確認,https://ichinomiyaseitaiin.com/blog/kenshoen-naoshikata/,,"愛知県一宮市（苅安賀駅）で、腱鞘炎の対処法として自分でできることを探している方へ。

痛みがあるときは、まず負担を減らすことが基本になると考えられています。無理のない範囲で、日常の中から見直してみましょう。

今日からできるセルフケア
・痛む動作を減らし、手を休ませる時間を意識してつくる
・作業の合間に、手首や指を動かさずに力を抜く時間を挟む
・物を持つときは、片手に頼らず両手や手のひら全体で支える
・痛みが強い時期は、ストレッチで無理に伸ばさない
・サポーターは補助として使い、長時間の締めつけは避ける

セルフケアで変化が乏しいときは、ご相談ください。当院では、KIRIN整体の視点で、手首や肘・肩まわりの関節や筋膜の動き、姿勢や巡りを確認します。診断や注射・手術などの判断は、整形外科など医療機関の役割です。

※痛みが強い、強い腫れや熱感がある、指が引っかかって動かない、しびれがある場合は、早めに整形外科を受診してください。

愛知県一宮市（名鉄尾西線・苅安賀駅）で腱鞘炎の対処法にお悩みの方は、一宮整骨院〜Seri〜へご相談ください。詳しくは下記の記事もご覧ください。"
hiza-genin-B,116,膝痛,B,膝痛の原因を踏まえた家庭での対策｜一宮市・苅安賀駅の整骨院,https://ichinomiyaseitaiin.com/blog/hiza-genin/,,"愛知県一宮市（苅安賀駅）で、膝痛について自分でできることを探している方へ。

原因が一つとは限らないため、膝だけでなく日常の動作や体の使い方を見直すことが大切と考えられます。

今日からできる生活の工夫
・歩くときは歩幅を広げすぎず、かかとから静かに着地する
・立ち仕事では、左右の足に交互に体重をのせる
・階段では手すりを使い、痛む日は段差を減らす
・座りっぱなしを避け、30分ほどで足を動かす
・体重がかかる動作で痛みが増す日は、無理に運動しない

セルフケアで変化が乏しければご相談ください。当院ではKIRIN整体の視点で、膝の関節や筋膜の動き、足裏から骨盤・背骨にかけての姿勢や巡りを確認します。

※膝に水がたまる、強い腫れや熱感がある、急な激痛や不安定感がある場合は、早めに整形外科を受診してください。

愛知県一宮市（名鉄尾西線・苅安賀駅）で膝痛の原因や対策にお悩みの方は、一宮整骨院〜Seri〜へご相談ください。詳しくは下記の記事もご覧ください。"
jiritsu-check-B,406,自律神経,B,自律神経のセルフチェック後にできること｜一宮市,https://ichinomiyaseitaiin.com/blog/jiritsu-check/,2026-12-28,"愛知県一宮市（苅安賀駅）で、セルフチェックのあとの過ごし方について自分でできることを探している方へ。

セルフチェックは、今の生活を振り返るきっかけです。結果に一喜一憂せず、見直せるところから整えていくことが大切と考えられます。

チェックのあとに意識したいこと
・睡眠の時間と質を、数日メモしてみる
・カフェインや夜更かしの習慣を振り返る
・座りっぱなしを避け、こまめに立つ
・深く息を吐く時間を一日数回つくる
・不調が出やすい場面（時間帯や天気）を記録する

記録しても見通しが立たないときは、ご相談ください。当院ではKIRIN整体の視点で、姿勢・呼吸・巡りの状態や生活の様子を確認し、ご相談に応じています（診断や治療は行いません）。

※動悸・息苦しさ・強いめまい・立ちくらみ・胸の痛みがあるときは、早めに医療機関を受診してください。胸痛が強い、意識が遠のくなどの場合はすぐに救急要請を。

愛知県一宮市（名鉄尾西線・苅安賀駅）で生活を振り返って整えたい方は、一宮整骨院〜Seri〜へご相談ください。詳しくは下記の記事もご覧ください。"
gyaku-genin-B,346,逆流性食道炎×姿勢,B,逆流性食道炎の原因を見直す｜腹圧・姿勢・食習慣のセルフケア,https://ichinomiyaseitaiin.com/blog/gyaku-genin/,2026-11-28,"愛知県一宮市（苅安賀駅）で、逆流性食道炎の原因となりうる生活習慣について自分でできることを探している方へ。

原因は一つとは限りません。姿勢・腹圧・食習慣といった身近な要素を一つずつ見直していくことが、手がかりになると考えられます。

■家庭で意識したいこと
・食事は早食いを避け、よく噛んで食べる
・就寝の2〜3時間前までに食事を終える
・お腹まわりを締めつける服装を控える
・座る時間が長い日は、こまめに立ち上がる
・深呼吸でお腹まわりの力みをゆるめる

セルフケアを続けても変化が乏しい時は、一度ご相談ください。当院では、姿勢・呼吸・お腹まわりの使い方や生活の様子を確認し、体の動きを整える視点でお話を伺います。診断や治療は医師の役割です。

※体重が減ってきた、飲み込みにくい、吐血や黒い便がある、胸の痛みが続くといった場合は、すぐに医療機関（消化器内科など）を受診してください。

愛知県一宮市（名鉄尾西線・苅安賀駅）で逆流性食道炎の原因が気になる方は、一宮整骨院〜Seri〜へご相談ください。詳しくは下記の記事もご覧ください。"
yakyukata-chiryo-B,44,野球肩,B,野球肩の保存療法と並行してできるケア｜一宮市・苅安賀駅,https://ichinomiyaseitaiin.com/blog/yakyukata-chiryo/,,"愛知県一宮市（苅安賀駅）で、野球肩の保存療法と並行して自分でできることを探している方へ。

治療中は投げられない時期があっても、体のほかの部分を整えておくことが、復帰に向けた準備につながると考えられます。

家庭で意識したいこと
・医師の指示を守り、投球や練習量を自己判断で増やさない
・肩に痛みが出ない範囲で、下半身や体幹の動きを保つ
・入浴やストレッチで、首・胸・背中の緊張をやさしくゆるめる
・睡眠時間を確保し、回復しやすい生活リズムを整える
・通院の内容や指示をノートに残す

復帰に向けた体の使い方で迷うときは、ご相談ください。当院では、KIRIN整体の視点で、肩だけでなく肩甲骨・背骨・骨盤・足裏までのつながりを見ながら、関節や筋膜の動き、姿勢や巡りを確認します。診断や治療は医療機関の役割ですので、受診と並行して補完的にお手伝いします。

※強い痛みや夜間痛、肩の可動域が急に狭くなったときは、セルフケアを続けず、早めに整形外科を受診してください。

愛知県一宮市（名鉄尾西線・苅安賀駅）で野球肩の方は、一宮整骨院〜Seri〜へご相談ください。詳しくは下記の記事もご覧ください。"
od-asa-okirenai-B,152,起立性調節障害,B,朝起きられない子への家庭での関わり方｜一宮市・生活リズムの整え方,https://ichinomiyaseitaiin.com/blog/od-asa-okirenai/,,"愛知県一宮市（苅安賀駅）で、朝起きられないお子さんのために家庭でできることを探している保護者の方へ。

朝の状態には、体調・睡眠・生活のリズムなど複数の要素がかかわると考えられています。まずは状況を記録し、落ち着いて見守ることが大切です。

家庭で意識したいこと
・起床と就寝の時刻、朝の体調を簡単に記録しておく
・起き上がるときは、ゆっくり段階を踏んで体を起こす
・水分や食事を、無理のない範囲で生活に取り入れる
・朝の声かけは短く穏やかにし、責める言い方を避ける
・症状が強い日は、休むことも選択肢に入れる

家庭での工夫を続けても様子が変わらないときは、小児科などの医療機関へご相談ください。当院では医療機関の受診と並行して、KIRIN整体の視点で関節・筋膜の動きや姿勢・巡りを確認します。

※失神、強い頭痛、胸の痛み、朝起きられない状態が長く続く場合は、早めに医療機関を受診してください。

愛知県一宮市（名鉄尾西線・苅安賀駅）で朝起きられないお子さんのことでお悩みの方は、一宮整骨院〜Seri〜へご相談ください。詳しくは下記の記事もご覧ください。"
gojukata-chigai-B,468,五十肩,B,四十肩・五十肩どちらでも｜今日からできる対策（一宮市）,https://ichinomiyaseitaiin.com/blog/gojukata-chigai/,2027-01-27,"愛知県一宮市（苅安賀駅）で、四十肩・五十肩について自分でできることを探している方へ。年代による呼び方の違いよりも、今の状態に合わせた対策が大切です。

どちらの呼び方でも、肩の状態に合わせて動かし方を調整する考え方は共通すると考えられます。

今日からできるセルフケア
・痛みが強い時期は、肩を安静にして無理に動かさない
・痛みが落ち着いてきたら、楽な範囲で少しずつ動かす
・痛い側の肩を下にして寝ないよう、姿勢を工夫する
・肩を冷やさないよう、入浴で体を温める
・年齢のせいと決めつけず、気になるときは早めに相談する

セルフケアをしても変化が乏しいときは、ひとりで抱え込まずご相談ください。当院ではKIRIN整体の視点で、肩関節だけでなく肩甲骨・背骨・骨盤・足裏のつながりや、関節と筋膜の動きを確認します。

※強い夜間痛、腕のしびれや脱力、転倒後の痛み、発熱がある場合は整形外科を受診してください。胸の痛みなどが強いときは救急要請も検討してください。

愛知県一宮市（名鉄尾西線・苅安賀駅）で四十肩・五十肩にお悩みの方は、一宮整骨院〜Seri〜へご相談ください。詳しくは下記の記事もご覧ください。"
zutsu-kincho-taisho-B,288,緊張型頭痛・首こり,B,緊張型頭痛の自分でできるセルフケア｜首肩をゆるめる習慣,https://ichinomiyaseitaiin.com/blog/zutsu-kincho-taisho/,2026-10-30,"愛知県一宮市（苅安賀駅）で、緊張型頭痛について自分でできることを探している方へ。

首や肩の筋肉が緊張し続けると頭が重くなりやすいと考えられています。無理のない範囲で、緊張をため込まない習慣を取り入れてみましょう。

今日からできるセルフケア
・入浴でゆっくり温まり、首肩の力を抜く
・30〜60分ごとに席を立って姿勢を変える
・背もたれに深く座り、画面は目の高さに合わせる
・息を長く吐く呼吸を1日数回くり返す
・就寝時間をそろえ、睡眠リズムを整える

強く押したり、痛みを我慢して行うのは避けましょう。セルフケアで変化が乏しい場合はご相談ください。当院ではKIRIN整体の視点で、首や肩甲骨の動き、足裏から骨盤、背骨までの姿勢のつながりを確認します。頭痛の診断は医師の役割です。

※突然の激しい頭痛、手足の麻痺やしびれ、ろれつが回らない、物が二重に見える、発熱と首の硬直、意識がおかしいといった症状がある場合は、すぐに救急車を呼ぶか医療機関を受診してください。

愛知県一宮市（名鉄尾西線・苅安賀駅）で緊張型頭痛のセルフケアにお悩みの方は、一宮整骨院〜Seri〜へご相談ください。詳しくは下記の記事もご覧ください。"
kenshoen-shojo-B,228,腱鞘炎・ばね指,B,腱鞘炎のセルフチェックの目安 一宮市・苅安賀駅で手首を見直す,https://ichinomiyaseitaiin.com/blog/kenshoen-shojo/,,"愛知県一宮市（苅安賀駅）で、腱鞘炎の症状を自分で確認し、できることを探している方へ。

セルフチェックはあくまで目安で、診断の代わりにはなりません。状態を把握して、早めの受診や生活の見直しにつなげることが大切と考えられます。

セルフチェックの目安
・親指を握り込んで手首を小指側へ倒すと、親指側が痛むか
・指の付け根を押したとき、痛みやしこりのような感触があるか
・指を曲げ伸ばしするとき、引っかかる感じがあるか
・朝にこわばりがあり、動かすと軽くなるか
・痛みが出る動作や時間帯をメモしておく

当てはまる項目があり、手を休めても変化が乏しい場合は、ご相談ください。当院では、KIRIN整体の視点で、手首だけでなく肘・肩・首まわりの関節や筋膜の動き、姿勢や巡りを確認します。診断・注射・手術の判断は、整形外科など医療機関の役割です。

※指が引っかかって動かない、強い腫れや熱感、しびれ、強い痛みがある場合は、早めに整形外科を受診してください。

愛知県一宮市（名鉄尾西線・苅安賀駅）で腱鞘炎の症状が気になる方は、一宮整骨院〜Seri〜へご相談ください。詳しくは下記の記事もご覧ください。"
jiritsu-kokyu-B,408,自律神経,B,腹式呼吸のやり方と注意点｜自律神経を整える習慣,https://ichinomiyaseitaiin.com/blog/jiritsu-kokyu/,2026-12-29,"愛知県一宮市（苅安賀駅）で、腹式呼吸のやり方について自分でできることを探している方へ。

腹式呼吸は、横隔膜を意識して行う呼吸です。姿勢が丸まると胸まわりが窮屈になり、呼吸が浅くなりやすいと考えられます。

今日からできる腹式呼吸のコツ
・背すじを軽く伸ばし、肩の力を抜く
・鼻から4秒ほどかけて吸う
・口からその倍くらいの時間をかけて吐く
・お腹や脇腹が動く感覚を確かめる
・苦しくなったらすぐ中止し、無理に続けない

続けても呼吸の浅さや肩の力みが気になるときは、ご相談ください。当院ではKIRIN整体の視点で、姿勢・呼吸・巡りの状態や生活の様子を確認し、ご相談に応じています（診断や治療は行いません）。

※動悸・息苦しさ・強いめまい・立ちくらみ・胸の痛みがあるときは、早めに医療機関を受診してください。胸痛が強い、意識が遠のくなどの場合はすぐに救急要請を。

愛知県一宮市（名鉄尾西線・苅安賀駅）で呼吸を整えたい方は、一宮整骨院〜Seri〜へご相談ください。詳しくは下記の記事もご覧ください。"
gyaku-yattehaikenai-B,348,逆流性食道炎×姿勢,B,逆流性食道炎で避けたい習慣｜今日から見直すポイント,https://ichinomiyaseitaiin.com/blog/gyaku-yattehaikenai/,2026-11-29,"愛知県一宮市（苅安賀駅）で、逆流性食道炎で見直したい習慣について自分でできることを探している方へ。

「やってはいけないこと」を我慢で増やすより、負担になりやすい習慣を少しずつ減らす考え方が続けやすいと考えられます。

■今日からできる見直しポイント
・食後すぐに横にならない
・夜遅い食事や飲酒を控えめにする
・お腹を強く締めつける服装を避ける
・前かがみの姿勢が続く作業はこまめに休憩する
・食べすぎを避け、ゆっくり食べる

セルフケアを続けても変化が乏しい時は、一度ご相談ください。当院では、姿勢・呼吸・お腹まわりの使い方や生活の様子を確認し、体の動きを整える視点でお話を伺います。診断や治療は医師の役割です。

※体重が減ってきた、飲み込みにくい、吐血や黒い便がある、胸の痛みが続くといった場合は、すぐに医療機関（消化器内科など）を受診してください。

愛知県一宮市（名鉄尾西線・苅安賀駅）で逆流性食道炎に関わる生活習慣の見直しが気になる方は、一宮整骨院〜Seri〜へご相談ください。詳しくは下記の記事もご覧ください。"
tennishiji-chiryo-B,186,テニス肘・ゴルフ肘,B,テニス肘の治療と並行して意識したい生活の工夫（一宮市）,https://ichinomiyaseitaiin.com/blog/tennishiji-chiryo/,,"愛知県一宮市（苅安賀駅）で、テニス肘の治療中や受診前に、自分でできることを探している方へ。

治療の中心は医療機関ですが、日常の過ごし方も肘への負担に影響すると考えられます。

受診前後に意識したい過ごし方
・受診時に伝えられるよう、いつから・どの動作で痛むかをメモする
・医師から安静や運動の指示があれば、その内容を優先する
・雑巾しぼりやフライパンなど、痛みが出る動作を一時的に減らす
・サポーターやテーピングは補助であり治療ではないと理解して使う
・前腕の疲れをためないよう、作業の合間に手首を休ませる

セルフケアで変化が乏しければ、一度ご相談ください。当院ではKIRIN整体の視点で、肘だけでなく、関節や筋膜の動き、足裏から骨盤・背骨へのつながりや姿勢・巡りを確認します。

※強い痛み、しびれ、腫れ・熱感、肘が動かしにくいなどの症状がある場合は、早めに整形外科を受診してください。

愛知県一宮市（名鉄尾西線・苅安賀駅）でテニス肘の治療と並行したケアを探しているという方は、一宮整骨院〜Seri〜へご相談ください。詳しくは下記の記事もご覧ください。"
yakyuhiji-hakuri-kossetsu-B,6,野球肘,B,剥離骨折後の野球肘｜復帰までの家庭での過ごし方と体づくり,https://ichinomiyaseitaiin.com/blog/yakyuhiji-hakuri-kossetsu/,,"愛知県一宮市（苅安賀駅）で、野球肘の剥離骨折後に家庭でできることを探している方へ。

剥離骨折は骨の状態に関わるため、復帰の時期は画像検査をもとに医師が判断します。ご家庭では、その指示を支える環境づくりが大切です。

家庭で意識したいこと
・医師から示された安静や固定の指示を守る
・痛みのあるうちは投球やバットの強い振りを控える
・肘以外の下半身や体幹の柔軟性を保つ
・復帰後は短い時間から段階的に動かす
・痛みが再燃したらすぐ練習を止め、受診する

「もう痛くないから大丈夫」と判断せず、通院のタイミングで復帰の可否を確認しましょう。当院では、KIRIN整体の視点で肩甲骨・体幹・股関節・足裏の動きや姿勢・巡りを確認し、再びフォームの負担が肘に集中しにくい体づくりを、医療機関と並行して補完的にサポートします。

※強い痛み、肘が伸びない・曲がらない、腫れ、しびれがある場合は、ただちに整形外科を受診してください。

愛知県一宮市（名鉄尾西線・苅安賀駅）で野球肘の剥離骨折後のケアにお悩みの方は、一宮整骨院〜Seri〜へご相談ください。詳しくは下記の記事もご覧ください。"
kokansetsu-genin-B,80,股関節痛,B,股関節の痛みと向き合う｜原因を探る生活動作のチェック,https://ichinomiyaseitaiin.com/blog/kokansetsu-genin/,,"愛知県一宮市（苅安賀駅）で、股関節の痛みについて自分でできることを探している方へ。

痛みの原因は一つとは限らず、日々の動作の積み重ねが関わっている場合もあります。まずは普段の動きを振り返ってみましょう。

家庭で意識したいこと
・いつ、どの動作で痛むかを記録してみる
・足を組む、横座りなど偏った座り方を減らす
・立つときは左右の足に均等に体重を乗せる
・長時間の同じ姿勢を避け、合間に軽く体を動かす
・痛みを我慢して動き続けない

こうした見直しで変化が乏しいときはご相談ください。当院ではKIRIN整体の視点で、股関節の関節や筋膜の動き、骨盤や背骨の姿勢、巡りのバランスを確認します。なお原因の診断は医療機関の役割です。

※夜間も続く強い痛み、しびれ、体重をかけられない症状がある場合は、整形外科を受診してください。

愛知県一宮市（名鉄尾西線・苅安賀駅）で股関節の痛みにお悩みの方は、一宮整骨院〜Seri〜へご相談ください。詳しくは下記の記事もご覧ください。"
hiza-hare-mizu-B,118,膝痛,B,膝が腫れる時の過ごし方と受診目安｜一宮市・苅安賀駅の整骨院,https://ichinomiyaseitaiin.com/blog/hiza-hare-mizu/,,"愛知県一宮市（苅安賀駅）で、膝の腫れについて自分でできることを探している方へ。

腫れは膝の中で何かが起きているサインの可能性があるため、まずは受診の目安を知り、負担を増やさない過ごし方を心がけたいところです。

家庭で意識したいこと
・腫れが強い日は、長時間の歩行や階段を控える
・座るときは膝を深く曲げたままにしない
・腫れや熱感の変化を、日付とともにメモしておく
・膝を強く揉んだり、無理に曲げ伸ばししたりしない
・体重管理や靴の状態など、膝への負担も見直す

腫れが続く、繰り返す場合は、まず整形外科で診てもらいましょう。そのうえで、当院ではKIRIN整体の視点で、膝の関節や筋膜の動き、足裏から骨盤・背骨の姿勢や巡りを確認します。

※強い腫れ・熱感・発熱、急な激痛、体重をかけられないときは、早めに整形外科を受診してください。

愛知県一宮市（名鉄尾西線・苅安賀駅）で膝の腫れにお悩みの方は、一宮整骨院〜Seri〜へご相談ください。詳しくは下記の記事もご覧ください。"
yakyukata-genin-B,46,野球肩,B,野球肩の原因を踏まえた予防ケア｜一宮市・投球フォームと体の使い方,https://ichinomiyaseitaiin.com/blog/yakyukata-genin/,,"愛知県一宮市（苅安賀駅）で、野球肩の原因を踏まえて自分でできることを探している方へ。

原因は肩だけとは限らず、足から体幹、腕へと力が伝わる流れのどこかに硬さがあると、肩に負担が集まりやすいと考えられます。

今日からできるセルフケア
・投球前に股関節と胸まわりをやさしく動かしておく
・投球後は肩を冷やしすぎず、張りを確認しながら休ませる
・鏡や動画で、腕だけに頼っていないか確認する
・片足立ちでふらつかないか、左右差をみる
・疲れを感じる日は練習量の調整を相談する

体の使い方に左右差が強いときは、早めにご相談ください。当院では、KIRIN整体の視点で、肩だけでなく肩甲骨・背骨・骨盤・足裏までのつながりを見ながら、関節や筋膜の動き、姿勢や巡りを確認します。診断や治療は医療機関の役割ですので、受診と並行して補完的にお手伝いします。

※強い痛みや夜間痛、肩の可動域が急に狭くなったときは、セルフケアを続けず、早めに整形外科を受診してください。

愛知県一宮市（名鉄尾西線・苅安賀駅）で野球肩の方は、一宮整骨院〜Seri〜へご相談ください。詳しくは下記の記事もご覧ください。"
gojukata-nariyasui-B,470,五十肩,B,肩を動かし続ける習慣づくり｜五十肩が気になる方へ（一宮市）,https://ichinomiyaseitaiin.com/blog/gojukata-nariyasui/,2027-01-28,"愛知県一宮市（苅安賀駅）で、五十肩になりやすい特徴について自分でできることを探している方へ。当てはまる項目があっても、日々の習慣で見直せることがあります。

肩まわりを動かす機会が減ることが、負担につながる可能性があると考えられます。

家庭で意識したいこと
・1時間に一度は立ち上がり、肩や首を軽く動かす
・腕を大きく回すなど、痛くない範囲で肩甲骨を動かす
・画面作業は姿勢を整え、肘を机に預けて肩の力を抜く
・糖尿病などの持病がある方は、主治医の指示を守る
・肩に違和感が出たら、我慢せず早めに相談する

セルフケアをしても変化が乏しいときは、ひとりで抱え込まずご相談ください。当院ではKIRIN整体の視点で、肩関節だけでなく肩甲骨・背骨・骨盤・足裏のつながりや、関節と筋膜の動きを確認します。

※強い痛み、腕のしびれや脱力、夜間痛、転倒後の痛みがある場合は整形外科を受診してください。胸の痛みなどを伴うときは救急要請も検討してください。

愛知県一宮市（名鉄尾西線・苅安賀駅）で五十肩のなりやすさにお悩みの方は、一宮整骨院〜Seri〜へご相談ください。詳しくは下記の記事もご覧ください。"
zutsu-kincho-sokkou-B,290,緊張型頭痛・首こり,B,頭の重さをやわらげたい時の首肩セルフケア｜無理のない工夫,https://ichinomiyaseitaiin.com/blog/zutsu-kincho-sokkou/,2026-10-31,"愛知県一宮市（苅安賀駅）で、緊張型頭痛を少しでも楽にするために自分でできることを探している方へ。

首や肩の緊張、目の疲れ、同じ姿勢が重なると頭が重くなりやすいと考えられています。

今日からできるセルフケア
・画面から目を離し、遠くを眺めて目を休める
・蒸しタオルで首の後ろと肩を温める
・肩をすくめてストンと力を抜く動きを数回行う
・ゆっくり息を吐きながら、あごを軽く引く
・水分をとり、静かな場所で少し休む

こうした工夫で感じ方に変化が出るかは人それぞれです。変化が乏しい日が続く場合はご相談ください。当院ではKIRIN整体の視点で、首や肩甲骨の動き、足裏から骨盤、背骨までの姿勢のつながりを確認します。頭痛の診断は医師の役割です。

※突然の激しい頭痛、手足の麻痺やしびれ、ろれつが回らない、物が二重に見える、発熱と首の硬直、意識がおかしいといった症状がある場合は、すぐに救急車を呼ぶか医療機関を受診してください。

愛知県一宮市（名鉄尾西線・苅安賀駅）で頭痛や首肩の張りの方は、一宮整骨院〜Seri〜へご相談ください。詳しくは下記の記事もご覧ください。"
kenshoen-toha-B,230,腱鞘炎・ばね指,B,腱鞘炎かな？と思ったら 一宮市・苅安賀駅で今日からできるケア,https://ichinomiyaseitaiin.com/blog/kenshoen-toha/,,"愛知県一宮市（苅安賀駅）で、腱鞘炎かもしれない手指の痛みについて、自分でできることを探している方へ。

腱鞘炎は、腱と腱鞘の間で摩擦が起こりやすい状態と考えられており、手指を使う機会が多い方に見られます。日々の過ごし方を少し整えることが、ケアの第一歩です。

今日からできるセルフケア
・手を使う作業の合間に、意識して手を休ませる
・スマホは両手で持つなど、片方の親指に頼りすぎない
・手首を強くひねる動作や、長時間の握り続けを減らす
・冷えを感じるときは、手元を冷やさないよう工夫する
・肩や首の力みに気づいたら、ゆっくり息を吐いて力を抜く

セルフケアで変化が乏しいときは、ご相談ください。当院では、KIRIN整体の視点で、関節や筋膜の動き、姿勢や巡りの状態を確認します。診断・注射・手術などの判断は、整形外科など医療機関の役割です。

※強い痛み、腫れや熱感、指が引っかかって動かない、しびれがある場合は、早めに整形外科を受診してください。

愛知県一宮市（名鉄尾西線・苅安賀駅）で腱鞘炎とは何か知りたい方は、一宮整骨院〜Seri〜へご相談ください。詳しくは下記の記事もご覧ください。"
jiritsu-stretch-B,410,自律神経,B,首・肩・背中のストレッチで巡りを意識｜苅安賀駅,https://ichinomiyaseitaiin.com/blog/jiritsu-stretch/,2026-12-30,"愛知県一宮市（苅安賀駅）で、首・肩・背中のストレッチについて自分でできることを探している方へ。

体がこわばったままだと呼吸も浅くなりがちです。気持ちよく伸びる範囲で動かし、巡りを意識することが大切と考えられます。

今日からできるセルフケア
・肩を大きくゆっくり回し、力を抜く
・首を横に倒し、息を吐きながら10秒ほど保つ
・両手を組んで前に伸ばし、背中を丸めて伸ばす
・胸を開き、肩甲骨を軽く寄せる
・反動をつけず、痛みが出たら中止する

ストレッチで変化が乏しいときは、ご相談ください。当院ではKIRIN整体の視点で、姿勢・呼吸・巡りの状態や生活の様子を確認し、ご相談に応じています（診断や治療は行いません）。

※動悸・息苦しさ・強いめまい・立ちくらみ・胸の痛みがあるときは、早めに医療機関を受診してください。胸痛が強い、意識が遠のくなどの場合はすぐに救急要請を。

愛知県一宮市（名鉄尾西線・苅安賀駅）で首・肩・背中をゆるめたい方は、一宮整骨院〜Seri〜へご相談ください。詳しくは下記の記事もご覧ください。"
gyaku-nanika-B,350,逆流性食道炎×姿勢,B,逆流性食道炎の受診と整骨院の使い分け｜相談の考え方,https://ichinomiyaseitaiin.com/blog/gyaku-nanika/,2026-11-30,"愛知県一宮市（苅安賀駅）で、逆流性食道炎と受診・整骨院の使い分けについて自分でできることを探している方へ。

医療機関と整骨院では役割が異なります。受診で状態を確認したうえで、姿勢や生活面の相談を併用する考え方が安心と考えられます。

■受診前後に意識したいこと
・症状の出方と時間帯をメモしておく
・気になる症状は自己判断せず医師に相談する
・医師の指示や服薬を自己判断で変えない
・姿勢・呼吸・生活面は整骨院でも相談できる

セルフケアを続けても変化が乏しい時は、一度ご相談ください。当院では、姿勢・呼吸・お腹まわりの使い方や生活の様子を確認し、体の動きを整える視点でお話を伺います。診断や治療は医師の役割です。

※体重が減ってきた、飲み込みにくい、吐血や黒い便がある、胸の痛みが続くといった場合は、すぐに医療機関（消化器内科など）を受診してください。

愛知県一宮市（名鉄尾西線・苅安賀駅）で逆流性食道炎の受診先や整骨院との違いが気になる方は、一宮整骨院〜Seri〜へご相談ください。詳しくは下記の記事もご覧ください。"
od-asa-okoshikata-B,154,起立性調節障害,B,朝の起こし方のコツ｜起立性調節障害の子へ・一宮市の家庭でできること,https://ichinomiyaseitaiin.com/blog/od-asa-okoshikata/,,"愛知県一宮市（苅安賀駅）で、朝の起こし方について自分でできることを探している保護者の方へ。

起きられない朝に強く促すと、お子さんの緊張が高まり、親子ともにつらくなることがあります。無理をさせない工夫が役立つ場合があります。

朝の関わりで意識したいこと
・起こす時刻に合わせ、部屋を少しずつ明るくする
・声かけは短く穏やかにし、責める言い方を避ける
・いきなり立たせず、横になったまま体を動かしてから座る
・水分をとる時間を、朝の流れに組み込む
・起きられなかった日も、その後の過ごし方を一緒に考える

家庭での工夫で様子が変わらないときは、小児科などの医療機関へご相談ください。当院では医療機関の受診と並行して、KIRIN整体の視点で関節・筋膜の動きや姿勢・巡りを確認し、生活の相談をお受けします。

※失神、強い頭痛、胸の痛みがある場合や、朝起きられない状態が長く続く場合は、早めに医療機関を受診してください。

愛知県一宮市（名鉄尾西線・苅安賀駅）で朝の起こし方にお悩みの方は、一宮整骨院〜Seri〜へご相談ください。詳しくは下記の記事もご覧ください。"
tennishiji-chusha-B,188,テニス肘・ゴルフ肘,B,テニス肘の注射を検討中・受けた後に意識したい過ごし方,https://ichinomiyaseitaiin.com/blog/tennishiji-chusha/,,"愛知県一宮市（苅安賀駅）で、テニス肘の注射を検討中の方、または受けた後の過ごし方を探している方へ。

注射は医師が判断する処置ですが、肘に負担をかける動作の見直しも大切と考えられます。

受診前後に意識したいこと
・医師から説明された注意点はメモして守る
・注射後の安静期間や運動の再開は、医師の指示に従う
・痛みが軽くなっても、急に強い握り込みや重い物を持つ動作を再開しない
・雑巾しぼりやパソコン作業など、手首への負担を見直す
・疑問や不安は自己判断せず、担当医に確認する

生活の見直しだけでは変化が乏しいときは、ご相談ください。当院ではKIRIN整体の視点で、関節や筋膜の動き、姿勢や巡りを確認し、医療機関の治療と並行する補完的なサポートを行います。

※強い痛み、しびれ、腫れ・熱感、注射後の強い痛みや赤み・熱っぽさが出た場合は、すぐに医療機関へ連絡・受診してください。

愛知県一宮市（名鉄尾西線・苅安賀駅）でテニス肘の注射後の過ごし方が気になるという方は、一宮整骨院〜Seri〜へご相談ください。詳しくは下記の記事もご覧ください。"
yakyuhiji-hayaku-naosu-B,8,野球肘,B,野球肘の回復を支える毎日の過ごし方｜一宮市・苅安賀駅の整骨院,https://ichinomiyaseitaiin.com/blog/yakyuhiji-hayaku-naosu/,,"愛知県一宮市（苅安賀駅）で、野球肘の回復を支えるために自分でできることを探している方へ。

野球肘は、休養と体の使い方の見直しを段階的に進めることが大切と考えられます。焦って動くより、毎日の積み重ねが土台になります。

今日からできる家庭での工夫
・痛みが出る間は投球を控え、医師の指示を優先する
・睡眠時間をしっかり確保する
・食事は主食・たんぱく質・野菜をバランスよくとる
・肩や股関節、足首のストレッチを痛みのない範囲で行う
・投球後に肘や肩の状態を確認する習慣をつける

痛みが残る、投げると再び出るなど変化が乏しい場合は、早めの受診や相談をおすすめします。当院では、KIRIN整体の視点で肘だけでなく肩甲骨や体幹、足裏から骨盤・背骨の動きや姿勢・巡りを確認し、医療機関での診断や指示と並行して補完的に関わります。

※強い痛み、肘が伸びない・曲がらない、しびれがある場合は、ただちに整形外科を受診してください。

愛知県一宮市（名鉄尾西線・苅安賀駅）で野球肘のセルフケアにお悩みの方は、一宮整骨院〜Seri〜へご相談ください。詳しくは下記の記事もご覧ください。"
gojukata-jiki-B,472,五十肩,B,五十肩の時期別セルフケア｜動かし方の考え方（一宮市）,https://ichinomiyaseitaiin.com/blog/gojukata-jiki/,2027-01-29,"愛知県一宮市（苅安賀駅）で、五十肩の時期別の対策について自分でできることを探している方へ。時期に合わない動かし方は、かえって負担になることがあります。

時期によって適したケアが異なると考えられるため、今の状態を見極めることが大切です。

時期別のセルフケア
・急性期は、痛みが強いので無理に動かさず肩を休ませる
・拘縮期は、入浴後など温まったときに痛みの出ない範囲で動かす
・回復期は、楽な範囲で動く幅を少しずつ広げる
・どの時期も、痛みを我慢して大きく動かすのは避ける
・時期が分からないときは、自己判断せず相談する

セルフケアをしても変化が乏しいときは、ひとりで抱え込まずご相談ください。当院ではKIRIN整体の視点で、肩関節だけでなく肩甲骨・背骨・骨盤・足裏のつながりや、関節と筋膜の動きを確認します。

※強い夜間痛が続く、腕のしびれや脱力がある、転倒後から痛む場合は整形外科を受診してください。胸の痛みなどを伴うときは救急要請も検討してください。

愛知県一宮市（名鉄尾西線・苅安賀駅）で五十肩の時期ごとの過ごし方にお悩みの方は、一宮整骨院〜Seri〜へご相談ください。詳しくは下記の記事もご覧ください。"
zutsu-kincho-henzutsu-B,292,緊張型頭痛・首こり,B,頭痛のタイプが気になる方へ｜記録のコツと首肩セルフケア,https://ichinomiyaseitaiin.com/blog/zutsu-kincho-henzutsu/,2026-11-01,"愛知県一宮市（苅安賀駅）で、頭痛のタイプが気になり、自分でできることを探している方へ。

緊張型頭痛か片頭痛かは、症状だけで判断できないため、診断は医師にゆだねましょう。そのうえで、日常で整えられる部分に目を向けてみてください。

受診前後に役立つ家庭での工夫
・頭痛が出た日時、場所、痛み方、続いた時間を記録する
・睡眠時間、食事、天気、月経周期との関係をメモする
・首肩が張る日は蒸しタオルなどで温める
・長時間の同じ姿勢を避け、こまめに体を動かす
・ゆっくり息を吐く呼吸で緊張をゆるめる

記録があると医師に伝えやすくなります。首肩のこりが気になり、変化が乏しい場合はご相談ください。当院ではKIRIN整体の視点で、関節や筋膜の動き、足裏から骨盤、背骨までの姿勢のつながりを確認します。診断は医療機関の役割です。

※突然の激しい頭痛、手足の麻痺やしびれ、ろれつが回らない、物が二重に見える、発熱と首の硬直、意識がおかしいといった症状がある場合は、すぐに救急車を呼ぶか医療機関を受診してください。

愛知県一宮市（名鉄尾西線・苅安賀駅）で頭痛に伴う首肩の張りの方は、一宮整骨院〜Seri〜へご相談ください。詳しくは下記の記事もご覧ください。"
kenshoen-chiryo-B,232,腱鞘炎・ばね指,B,腱鞘炎の治療前後にできること｜受診の目安とセルフケア,https://ichinomiyaseitaiin.com/blog/kenshoen-chiryo/,2026-10-01,"愛知県一宮市（苅安賀駅）で、腱鞘炎の治療を受ける前後に自分でできることを探している方へ。

腱鞘炎は手の使い方の積み重ねで起こると考えられ、安静と使い方の見直しが基本になります。

今日からできるセルフケア
・痛みが出る動作の回数や時間を少し減らす
・スマホやパソコン作業の合間に手を休める
・重い物は両手で持ち、手首に集中させない
・入浴後など手が温まった時に、痛みのない範囲で軽く動かす
・痛みが強い日は無理にストレッチをしない

こうしたケアで2週間ほど経っても変化が乏しい場合は、整形外科での診察をおすすめします。当院では、医療機関での治療と並行して、KIRIN整体の視点で手首や指の関節・筋膜の動き、肩や背骨を含めた姿勢のつながりを確認します。

※指が引っかかって動かない、強い腫れや熱感、夜間の強い痛みがある場合は、早めに整形外科を受診してください。

愛知県一宮市（名鉄尾西線・苅安賀駅）で腱鞘炎の治療やケアでお悩みの方は、一宮整骨院〜Seri〜へご相談ください。詳しくは下記の記事もご覧ください。"
jiritsu-tsubo-B,412,自律神経,B,首まわりのツボ押しの注意点｜自律神経セルフケア,https://ichinomiyaseitaiin.com/blog/jiritsu-tsubo/,2026-12-31,"愛知県一宮市（苅安賀駅）で、首まわりのツボ押しについて自分でできることを探している方へ。

首には大切な血管や神経が通っています。強い刺激や長時間の圧迫は避け、やさしく行うことが大切です。

ツボ押しで意識したいこと
・入浴後など、体が温まったときに行う
・指の腹で、心地よい強さで押す
・一か所につき数秒、息を吐きながら行う
・首を強くもんだり、ひねったりしない
・しびれや痛みが出たらすぐ中止する

セルフケアで変化が乏しいときは、ご相談ください。当院ではKIRIN整体の視点で、姿勢・呼吸・巡りの状態や生活の様子を確認し、ご相談に応じています（診断や治療は行いません）。

※動悸・息苦しさ・強いめまい・立ちくらみ・胸の痛みがあるときは、早めに医療機関を受診してください。胸痛が強い、意識が遠のくなどの場合はすぐに救急要請を。

愛知県一宮市（名鉄尾西線・苅安賀駅）で首まわりのセルフケアを相談したい方は、一宮整骨院〜Seri〜へご相談ください。詳しくは下記の記事もご覧ください。"
gyaku-shisei-B,352,逆流性食道炎×姿勢,B,前かがみ姿勢と胸やけ｜腹圧をためない姿勢のセルフケア,https://ichinomiyaseitaiin.com/blog/gyaku-shisei/,2026-12-01,"愛知県一宮市（苅安賀駅）で、前かがみ姿勢と逆流性食道炎について自分でできることを探している方へ。

前かがみの姿勢は、お腹まわりを圧迫しやすい姿勢のひとつと考えられます。作業姿勢を少し工夫するだけでも、体の使い方は変わります。

■今日からできるセルフケア
・椅子に深く座り、骨盤を立てて座る
・作業台やモニターの高さを見直す
・30〜40分ごとに立ち上がって体を起こす
・お腹を締めつけない服装を選ぶ
・ゆっくり息を吐いて、お腹の力みをゆるめる

セルフケアを続けても変化が乏しい時は、一度ご相談ください。当院では、姿勢・呼吸・お腹まわりの使い方や生活の様子を確認し、体の動きを整える視点でお話を伺います。診断や治療は医師の役割です。

※体重が減ってきた、飲み込みにくい、吐血や黒い便がある、胸の痛みが続くといった場合は、すぐに医療機関（消化器内科など）を受診してください。

愛知県一宮市（名鉄尾西線・苅安賀駅）で逆流性食道炎と姿勢の関係が気になる方は、一宮整骨院〜Seri〜へご相談ください。詳しくは下記の記事もご覧ください。"
kokansetsu-genin-josei-B,82,股関節痛,B,女性の股関節痛｜家庭でできる姿勢と動作の見直し,https://ichinomiyaseitaiin.com/blog/kokansetsu-genin-josei/,,"愛知県一宮市（苅安賀駅）で、女性の股関節痛について自分でできることを探している方へ。

女性は、ライフステージによって体の負担のかかり方が変わりやすいと考えられます。毎日の動作を少し見直すだけでも、股関節への負担感が変わることがあります。

家庭で意識したいこと
・片足に体重をかけて立つ癖を減らす
・足を組む、横座りを続けない
・高さのある靴を長時間はき続けない
・床から立ち上がるときは、手を添えてゆっくり動く
・体を冷やさず、入浴などで力を抜く時間をつくる

セルフケアで変化が乏しければ、ご相談ください。当院ではKIRIN整体の視点で、関節や筋膜の動き、足裏・骨盤・背骨の姿勢と巡りのバランスを確認します。

※強い痛み、脚のしびれ、歩くのが難しいときは、整形外科での検査を優先してください。

愛知県一宮市（名鉄尾西線・苅安賀駅）で女性の股関節痛でお困りの方は、一宮整骨院〜Seri〜へご相談ください。詳しくは下記の記事もご覧ください。"
hiza-kinniku-kintore-B,120,膝痛,B,膝痛の筋トレと動作の工夫｜一宮市・苅安賀駅の整骨院,https://ichinomiyaseitaiin.com/blog/hiza-kinniku-kintore/,,"愛知県一宮市（苅安賀駅）で、膝痛と筋力について自分でできることを探している方へ。

膝まわりの筋肉を無理なく使うことは大切ですが、痛みが強い時期の負荷には注意が必要と考えられます。

痛みの出ない範囲でできる工夫
・椅子に座ったまま、ゆっくり膝を伸ばして数秒保つ
・立ち座りは、手を添えて反動をつけずに行う
・階段は一段ずつ、痛みの出ない速さで上り下りする
・運動の前後は、太ももやふくらはぎを優しく動かす
・翌日に痛みが増える場合は、回数や負荷を減らす

セルフケアで変化が乏しければご相談ください。当院ではKIRIN整体の視点で、膝の関節や筋膜の動き、足裏から骨盤・背骨の姿勢や巡りを確認し、筋肉を使いやすい状態を探ります。

※膝に水がたまる、強い腫れや熱感がある、急な激痛や不安定感がある場合は、早めに整形外科を受診してください。

愛知県一宮市（名鉄尾西線・苅安賀駅）で膝痛の運動にお悩みの方は、一宮整骨院〜Seri〜へご相談ください。詳しくは下記の記事もご覧ください。"
yakyukata-icing-B,48,野球肩,B,野球肩のアイシングの注意点｜一宮市で正しいケアを知りたい方へ,https://ichinomiyaseitaiin.com/blog/yakyukata-icing/,,"愛知県一宮市（苅安賀駅）で、野球肩のアイシングについて自分でできることを探している方へ。

アイシングは治療ではなく、痛みや熱感をやわらげるための補助的なケアです。やり方を誤ると肌や体に負担がかかることもあります。

アイシングで意識したいこと
・氷や保冷剤はタオルで包み、直接肌に当てない
・肩全体ではなく、熱感や痛みのある範囲を中心に当てる
・長時間続けず、冷たさや痛みが強ければすぐ外す
・痛みが強い日は、投球を控えて安静を優先する
・冷やしても楽にならないときは自己判断を続けない

アイシングで変化が乏しいときは、ご相談ください。当院では、KIRIN整体の視点で、肩だけでなく肩甲骨・背骨・骨盤・足裏までのつながりを見ながら、関節や筋膜の動き、姿勢や巡りを確認します。診断や治療は医療機関の役割ですので、受診と並行して補完的にお手伝いします。

※強い痛みや夜間痛、肩の可動域が急に狭くなったときは、セルフケアを続けず、早めに整形外科を受診してください。

愛知県一宮市（名鉄尾西線・苅安賀駅）で野球肩の方は、一宮整骨院〜Seri〜へご相談ください。詳しくは下記の記事もご覧ください。"
gojukata-yakan-B,474,五十肩,B,夜の肩の痛みをやわらげる工夫｜寝方のセルフケア（一宮市）,https://ichinomiyaseitaiin.com/blog/gojukata-yakan/,2027-01-30,"愛知県一宮市（苅安賀駅）で、五十肩の夜間痛について自分でできることを探している方へ。夜の痛みは睡眠にも影響するため、楽な姿勢を探すことが大切です。

姿勢や体の温まり方で、夜の肩のつらさの感じ方が変わることがあると考えられます。

今夜からできる工夫
・仰向けで、痛い側の腕の下にクッションを入れて支える
・横向きなら、痛くない側を下にして抱き枕を抱える
・寝る前の入浴で体を温め、肩まわりの緊張をほぐす
・就寝前に肩をすくめて力を抜く動作を数回行う
・冷えやすい季節は、肩が出ない寝具や服装にする

セルフケアをしても変化が乏しいときは、ひとりで抱え込まずご相談ください。当院ではKIRIN整体の視点で、肩関節だけでなく肩甲骨・背骨・骨盤・足裏のつながりや、関節と筋膜の動きを確認します。

※夜間痛で眠れない日が続く、痛みが強まる、腕のしびれや脱力がある場合は、早めに整形外科を受診してください。胸の痛みや息苦しさを伴うときは救急要請も検討してください。

愛知県一宮市（名鉄尾西線・苅安賀駅）で五十肩の夜間痛にお悩みの方は、一宮整骨院〜Seri〜へご相談ください。詳しくは下記の記事もご覧ください。"
zutsu-kincho-tsubo-B,294,緊張型頭痛・首こり,B,首肩のツボ押しセルフケアの注意点｜姿勢と合わせて見直す,https://ichinomiyaseitaiin.com/blog/zutsu-kincho-tsubo/,2026-11-02,"愛知県一宮市（苅安賀駅）で、緊張型頭痛に対してツボ押しなど自分でできることを探している方へ。

首や肩の緊張をゆるめてリラックスする目的で、ツボ押しを取り入れる方もいます。ただし、力任せに行うと逆効果になることがあります。

セルフケアの注意点と工夫
・心地よいと感じる強さで、長くても数秒ずつ押す
・息を吐きながらゆっくり行い、息を止めない
・痛みが強まる、しびれが出るときはすぐに中止する
・押す前に蒸しタオルで首肩を温めておく
・ツボ押しだけでなく、姿勢や睡眠も見直す

セルフケアで変化が乏しい場合はご相談ください。当院ではKIRIN整体の視点で、首や肩甲骨の動き、足裏から骨盤、背骨までの姿勢のつながりを確認します。頭痛の診断は医師の役割です。

※突然の激しい頭痛、手足の麻痺やしびれ、ろれつが回らない、物が二重に見える、発熱と首の硬直、意識がおかしいといった症状がある場合は、すぐに救急車を呼ぶか医療機関を受診してください。

愛知県一宮市（名鉄尾西線・苅安賀駅）で首肩の張りや頭の重さの方は、一宮整骨院〜Seri〜へご相談ください。詳しくは下記の記事もご覧ください。"
kenshoen-chusha-B,234,腱鞘炎・ばね指,B,腱鞘炎の注射を検討する前に確認したいポイントと受診の目安,https://ichinomiyaseitaiin.com/blog/kenshoen-chusha/,2026-10-02,"愛知県一宮市（苅安賀駅）で、腱鞘炎の注射を受ける前に自分でできることを探している方へ。

注射は医師が診察のうえで行う処置で、受けるかどうかは医師と相談して決めるものです。それまでの間や受けた後も、手の使い方の見直しは欠かせません。

受診前に整理したいこと
・いつから、どの動作で痛むかをメモしておく
・痛む場所が手首の親指側か、指の付け根かを確認する
・仕事や家事で手を多く使う場面を書き出す
・これまで行ったケアと、その時の変化を伝えられるようにする
・注射についての疑問点を事前にまとめておく

痛みが長引く場合は、まず整形外科で診察を受けてください。当院では、医療機関での治療と並行して、KIRIN整体の視点で手指の関節・筋膜の動きや姿勢のつながりを確認します。

※強い腫れや熱感、指が引っかかって動かない、しびれがある場合は、早めに整形外科を受診してください。

愛知県一宮市（名鉄尾西線・苅安賀駅）で腱鞘炎のケアでお悩みの方は、一宮整骨院〜Seri〜へご相談ください。詳しくは下記の記事もご覧ください。"
jiritsu-asa-B,414,自律神経,B,朝のリセットと一日の過ごし方｜自律神経の習慣,https://ichinomiyaseitaiin.com/blog/jiritsu-asa/,2027-01-01,"愛知県一宮市（苅安賀駅）で、朝のリセットと一日の過ごし方について自分でできることを探している方へ。

朝の習慣を少し整えるだけでも、一日のリズムをつくる助けになると考えられます。

生活リズムで意識したいこと
・起きる時刻を毎日そろえる
・朝に光を浴び、軽く体を動かす
・朝食をとる習慣を意識する
・日中はこまめに立って、呼吸を整える
・夜は照明を落とし、早めに休む準備をする

生活を整えても朝の不調が続くときは、ご相談ください。当院ではKIRIN整体の視点で、姿勢・呼吸・巡りの状態や生活の様子を確認し、ご相談に応じています（診断や治療は行いません）。

※動悸・息苦しさ・強いめまい・立ちくらみ・胸の痛みがあるときは、早めに医療機関を受診してください。胸痛が強い、意識が遠のくなどの場合はすぐに救急要請を。

愛知県一宮市（名鉄尾西線・苅安賀駅）で朝のリズムを整えたい方は、一宮整骨院〜Seri〜へご相談ください。詳しくは下記の記事もご覧ください。"
gyaku-nekoze-B,354,逆流性食道炎×姿勢,B,猫背・巻き肩を見直す｜逆流性食道炎が気になる方のセルフケア,https://ichinomiyaseitaiin.com/blog/gyaku-nekoze/,2026-12-02,"愛知県一宮市（苅安賀駅）で、猫背・巻き肩と逆流性食道炎について自分でできることを探している方へ。

猫背や巻き肩は、日常の姿勢のクセで起こりやすいと考えられます。無理に胸を張るのではなく、楽に伸びる姿勢を探すことが大切です。

■今日からできるセルフケア
・椅子に座って骨盤を立て、頭を背骨の上に乗せる
・肩の力を抜き、肩甲骨をゆるく寄せてみる
・スマホやPCは目線の高さに近づける
・壁に背中をつけ、胸をやさしく開く時間をつくる
・長時間同じ姿勢を避け、こまめに動く

セルフケアを続けても変化が乏しい時は、一度ご相談ください。当院では、姿勢・呼吸・お腹まわりの使い方や生活の様子を確認し、体の動きを整える視点でお話を伺います。診断や治療は医師の役割です。

※体重が減ってきた、飲み込みにくい、吐血や黒い便がある、胸の痛みが続くといった場合は、すぐに医療機関（消化器内科など）を受診してください。

愛知県一宮市（名鉄尾西線・苅安賀駅）で猫背・巻き肩と逆流性食道炎の関係が気になる方は、一宮整骨院〜Seri〜へご相談ください。詳しくは下記の記事もご覧ください。"
od-futoko-B,156,起立性調節障害,B,「行けない」を支える家庭の関わり方｜起立性調節障害・一宮市,https://ichinomiyaseitaiin.com/blog/od-futoko/,,"愛知県一宮市（苅安賀駅）で、学校に行けないお子さんへの家庭での関わり方を探している保護者の方へ。

登校できない背景には、体調、気持ち、環境などさまざまな要因が重なっていると考えられます。一つの原因に決めつけず、見守る姿勢が支えになることがあります。

家庭で意識したいこと
・登校できたかどうかだけで、お子さんを評価しない
・体調がよい時間帯に、短い会話やお手伝いの機会をつくる
・睡眠・食事・水分など、生活リズムを無理なく保つ
・学校との連絡は、担任や養護教諭などと連携して進める
・保護者自身の休息や相談先も確保する

家庭での工夫を続けても体調の不安が強いときは、小児科などの医療機関へご相談ください。当院では医療機関の受診と並行して、KIRIN整体の視点で関節・筋膜の動きや姿勢・巡りを確認し、生活の相談をお受けします。

※失神、強い頭痛、胸の痛み、食事や睡眠がとれない状態が続く場合は、早めに医療機関を受診してください。

愛知県一宮市（名鉄尾西線・苅安賀駅）でお子さんの不登校や朝の不調にお悩みの方は、一宮整骨院〜Seri〜へご相談ください。詳しくは下記の記事もご覧ください。"
tennishiji-genin-B,190,テニス肘・ゴルフ肘,B,テニス肘の原因を踏まえた負担を減らすセルフケア（一宮市）,https://ichinomiyaseitaiin.com/blog/tennishiji-genin/,,"愛知県一宮市（苅安賀駅）で、テニス肘の原因を踏まえて、自分でできることを探している方へ。

肘の外側の痛みは、手首を使う動作の積み重ねや姿勢の影響も関わると考えられます。

今日からできるセルフケア
・手首を反らせたまま物を持つ動作を減らす
・パソコン作業では、手首を机に預けて負担を分散する
・前腕の外側をやさしく温め、痛みの出ない範囲で動かす
・長時間の同じ作業を避け、こまめに休憩をとる
・肩や背中の力みに気づいたら、深く息を吐いて力を抜く

セルフケアで変化が乏しければ、一度ご相談ください。当院ではKIRIN整体の視点で、肘だけでなく、関節や筋膜の動き、足裏から骨盤・背骨へのつながりや姿勢・巡りを確認します。

※強い痛み、しびれ、腫れ・熱感、肘が動かしにくいなどの症状がある場合は、早めに整形外科を受診してください。

愛知県一宮市（名鉄尾西線・苅安賀駅）でテニス肘の原因が気になるという方は、一宮整骨院〜Seri〜へご相談ください。詳しくは下記の記事もご覧ください。"
yakyuhiji-icing-B,10,野球肘,B,野球肘のアイシングの目安と投球後のケアのコツ｜一宮市の整骨院,https://ichinomiyaseitaiin.com/blog/yakyuhiji-icing/,,"愛知県一宮市（苅安賀駅）で、野球肘のアイシングや投球後のケアを自分で行いたい方へ。

投球後の肘は、熱感や張りが出ることがあります。状態を確認しながら、無理のない範囲でケアを行いましょう。

投球後に意識したいセルフケア
・熱っぽさや腫れがあるときは、タオル越しに短時間冷やす
・冷やしすぎないよう、皮膚の感覚や色の変化を確認する
・痛みがない範囲で肩や手首、体幹を軽く動かして疲れをためない
・入浴や睡眠で体を休め、翌日の肘の状態をメモする
・痛みが続く日は、投球を無理に続けない

ケアを続けても変化が乏しい場合や、痛みを繰り返す場合は、整形外科での確認をおすすめします。当院では、KIRIN整体の視点で肘だけでなく肩甲骨・体幹・足裏から骨盤・背骨のつながりや姿勢・巡りを確認し、医療機関での診断や指示と並行して補完的に関わります。

※強い痛み、腫れ、肘が伸びない・曲がらない、しびれがある場合は、ただちに整形外科を受診してください。

愛知県一宮市（名鉄尾西線・苅安賀駅）で野球肘のケアにお悩みの方は、一宮整骨院〜Seri〜へご相談ください。詳しくは下記の記事もご覧ください。"
kokansetsu-itai-taisho-B,84,股関節痛,B,股関節が痛い時の対処｜今日からできるセルフケア,https://ichinomiyaseitaiin.com/blog/kokansetsu-itai-taisho/,,"愛知県一宮市（苅安賀駅）で、股関節が痛い時に自分でできることを探している方へ。

痛みが出ているときは、まず負担を減らして様子を見ることが大切と考えられます。無理のない範囲でできる工夫をご紹介します。

今日からできるセルフケア
・痛みが強い動作（深くしゃがむ、大きく開脚など）を控える
・座るときは深く腰かけ、膝が股関節より低くなりすぎない椅子を選ぶ
・仰向けで膝の下にクッションを入れ、力を抜いて休む
・入浴で体を温め、筋肉の緊張をゆるめる
・階段は手すりを使い、痛む側に頼りすぎない

セルフケアで変化が乏しければ、ご相談ください。当院ではKIRIN整体の視点で、関節や筋膜の動き、足裏から骨盤・背骨の姿勢と巡りを確認します。

※強い痛み、しびれ、歩行困難、急な腫れや熱感がある場合は、整形外科を受診してください。

愛知県一宮市（名鉄尾西線・苅安賀駅）で股関節の痛みにお困りの方は、一宮整骨院〜Seri〜へご相談ください。詳しくは下記の記事もご覧ください。"
gojukata-kikan-B,476,五十肩,B,経過が気になる時の過ごし方｜五十肩の日常ケア（一宮市）,https://ichinomiyaseitaiin.com/blog/gojukata-kikan/,2027-01-31,"愛知県一宮市（苅安賀駅）で、五十肩の経過について自分でできることを探している方へ。経過が長いと感じても、日々できる工夫を積み重ねることが大切です。

個人差が大きいため、他の人と比べず自分の状態を見ていくことが大切と考えられます。

家庭で意識したいこと
・痛みの強さや動く範囲を、週ごとに簡単に記録する
・痛みが強い日は、肩を休ませることを優先する
・楽な日は、痛みの出ない範囲で日常動作を続ける
・睡眠や食事など、生活リズムを整える
・経過が心配なときは、早めに相談する

セルフケアをしても変化が乏しいときは、ひとりで抱え込まずご相談ください。当院ではKIRIN整体の視点で、肩関節だけでなく肩甲骨・背骨・骨盤・足裏のつながりや、関節と筋膜の動きを確認します。

※強い夜間痛が続く、腕のしびれや脱力がある、急に動かなくなった場合は整形外科を受診してください。胸の痛みなどを伴うときは救急要請も検討してください。

愛知県一宮市（名鉄尾西線・苅安賀駅）で五十肩の経過にお悩みの方は、一宮整骨院〜Seri〜へご相談ください。詳しくは下記の記事もご覧ください。"
zutsu-kincho-stretch-B,296,緊張型頭痛・首こり,B,首・肩をゆるめる簡単ストレッチと注意点｜頭の重さのセルフケア,https://ichinomiyaseitaiin.com/blog/zutsu-kincho-stretch/,2026-11-03,"愛知県一宮市（苅安賀駅）で、緊張型頭痛に対して首肩のストレッチなど自分でできることを探している方へ。

固まった首肩の筋肉を無理なく動かすことが、緊張をためない習慣につながると考えられています。

今日からできるセルフケア
・背筋を伸ばして座り、片手を頭に添えて首を横へ軽く倒す
・両肩をゆっくり上げて、ストンと落とす動きを数回行う
・胸の前で手を組み、背中を丸めて肩甲骨まわりを広げる
・両手を後ろで組み、胸をやさしく開く
・どの動きも呼吸を止めず、痛みの出ない範囲にとどめる

頭痛が強い日やしびれがある日は行わず、反動もつけないでください。変化が乏しい場合はご相談ください。当院ではKIRIN整体の視点で、首や肩甲骨の動き、足裏から骨盤、背骨までの姿勢のつながりを確認します。頭痛の診断は医師の役割です。

※突然の激しい頭痛、手足の麻痺やしびれ、ろれつが回らない、物が二重に見える、発熱と首の硬直、意識がおかしいといった症状がある場合は、すぐに救急車を呼ぶか医療機関を受診してください。

愛知県一宮市（名鉄尾西線・苅安賀駅）で首肩のこわばりや頭痛の方は、一宮整骨院〜Seri〜へご相談ください。詳しくは下記の記事もご覧ください。"
kenshoen-supporter-B,236,腱鞘炎・ばね指,B,腱鞘炎サポーターの使い方｜つけ方と外す目安、家庭での注意点,https://ichinomiyaseitaiin.com/blog/kenshoen-supporter/,2026-10-03,"愛知県一宮市（苅安賀駅）で、腱鞘炎のサポーターを上手に使うために自分でできることを探している方へ。

サポーターは手首の負担を減らす補助であり、治療の代わりではありません。使い方を整えることが大切と考えられます。

サポーターを使うときの家庭での注意
・きつく巻きすぎず、指先の色やしびれを確認する
・痛む作業の時間帯を中心に使い、休む時は外す
・入浴や就寝時は外して、手首を動かせる時間を作る
・サイズや素材は肌に合うものを選び、かぶれに注意する
・使っても変化が乏しい時は、自己判断で続けない

2週間ほど続けても変化が乏しい場合は、一度ご相談ください。当院では、KIRIN整体の視点で手首や指の関節・筋膜の動き、肩や背骨を含めた姿勢のつながりを確認します。なお、特定の商品の推奨は行っておりません。

※指先のしびれ、強い腫れや熱感、指が引っかかって動かない場合は、整形外科を受診してください。

愛知県一宮市（名鉄尾西線・苅安賀駅）で腱鞘炎のサポーター使用でお悩みの方は、一宮整骨院〜Seri〜へご相談ください。詳しくは下記の記事もご覧ください。"
hiza-koureisha-50-60dai-B,122,膝痛,B,50代・60代の膝痛 今日からの生活の工夫｜一宮市・苅安賀駅,https://ichinomiyaseitaiin.com/blog/hiza-koureisha-50-60dai/,,"愛知県一宮市（苅安賀駅）で、50代・60代の膝痛について自分でできることを探している方へ。

無理をせず、毎日の暮らしの中で膝の負担を減らす工夫を積み重ねることが大切と考えられます。

家庭で意識したいこと
・動き出す前に、足首と膝をゆっくり動かす
・立ち座りは、手すりや椅子の肘掛けを使って行う
・歩くときは、足に合った靴を選び、すり減りも確認する
・長く立ちっぱなし、座りっぱなしを避ける
・散歩は、痛みのない距離から少しずつ始める

セルフケアで変化が乏しければご相談ください。当院ではKIRIN整体の視点で、膝の関節や筋膜の動き、足裏から骨盤・背骨の姿勢や巡りを確認します。

※膝に水がたまる、強い腫れや熱感がある、急な激痛や不安定感がある場合は、早めに整形外科を受診してください。

愛知県一宮市（名鉄尾西線・苅安賀駅）で50代・60代の膝痛にお悩みの方は、一宮整骨院〜Seri〜へご相談ください。詳しくは下記の記事もご覧ください。"
jiritsu-nyuyoku-B,416,自律神経,B,自律神経のための入浴・温めの工夫と注意点,https://ichinomiyaseitaiin.com/blog/jiritsu-nyuyoku/,2027-01-02,"愛知県一宮市（苅安賀駅）で、入浴・温めの工夫について自分でできることを探している方へ。

入浴は、体を温めて気持ちを切り替える手軽な方法です。ただし、体調によっては注意も必要と考えられます。

家庭で意識したいこと
・お湯はぬるめ（熱すぎない）を目安にする
・入浴前後に水分をとる
・長湯を避け、無理のない時間でつかる
・立ち上がるときはゆっくり動く
・体調が悪い日は、無理せず短めにする

温めても体の冷えや緊張が続くときは、ご相談ください。当院ではKIRIN整体の視点で、姿勢・呼吸・巡りの状態や生活の様子を確認し、ご相談に応じています（診断や治療は行いません）。

※動悸・息苦しさ・強いめまい・立ちくらみ・胸の痛みがあるときは、早めに医療機関を受診してください。胸痛が強い、意識が遠のくなどの場合はすぐに救急要請を。

愛知県一宮市（名鉄尾西線・苅安賀駅）で入浴や温めを相談したい方は、一宮整骨院〜Seri〜へご相談ください。詳しくは下記の記事もご覧ください。"
gyaku-senaka-B,356,逆流性食道炎×姿勢,B,背中・肩甲骨まわりの張りをやわらげるセルフケアの考え方,https://ichinomiyaseitaiin.com/blog/gyaku-senaka/,2026-12-03,"愛知県一宮市（苅安賀駅）で、背中・肩甲骨まわりの張りと逆流性食道炎について自分でできることを探している方へ。

背中の張りは、姿勢や呼吸の浅さで筋肉がこわばることで感じやすくなると考えられます。まずは体をゆるめる工夫から始めてみましょう。

■今日からできるセルフケア
・肩をゆっくり大きく回す
・胸を開く動きと背中を丸める動きを交互に行う
・座り姿勢を見直し、背もたれを上手に使う
・ゆっくり息を吐いて背中の力みをゆるめる
・入浴で体を温め、緊張をやわらげる

セルフケアを続けても変化が乏しい時は、一度ご相談ください。当院では、姿勢・呼吸・お腹まわりの使い方や生活の様子を確認し、体の動きを整える視点でお話を伺います。診断や治療は医師の役割です。

※体重が減ってきた、飲み込みにくい、吐血や黒い便がある、胸の痛みが続くといった場合は、すぐに医療機関（消化器内科など）を受診してください。

愛知県一宮市（名鉄尾西線・苅安賀駅）で背中の痛みや肩甲骨まわりの張りが気になる方は、一宮整骨院〜Seri〜へご相談ください。詳しくは下記の記事もご覧ください。"
yakyukata-inner-B,50,野球肩,B,野球肩のインナーマッスルケア｜一宮市・肩甲骨と体幹のつながり,https://ichinomiyaseitaiin.com/blog/yakyukata-inner/,,"愛知県一宮市（苅安賀駅）で、野球肩のインナーマッスルについて自分でできることを探している方へ。

インナーマッスルは、肩甲骨や体幹の動きと連動して働きます。肩の奥だけでなく、全身のつながりから見ることが大切です。

今日からできるセルフケア
・軽いゴムやタオルを使い、痛みのない範囲でゆっくり動かす
・肩甲骨を寄せる・広げる動きを丁寧に行う
・胸を開く姿勢を意識し、猫背を避ける
・回数を欲張らず、フォームを崩さない
・痛みや違和感が出たら、その日は中止する

続けても肩の奥の違和感が残るときは、ご相談ください。当院では、KIRIN整体の視点で、肩だけでなく肩甲骨・背骨・骨盤・足裏までのつながりを見ながら、関節や筋膜の動き、姿勢や巡りを確認します。診断や治療は医療機関の役割ですので、受診と並行して補完的にお手伝いします。

※強い痛みや夜間痛、肩の可動域が急に狭くなったときは、セルフケアを続けず、早めに整形外科を受診してください。

愛知県一宮市（名鉄尾西線・苅安賀駅）で野球肩の方は、一宮整骨院〜Seri〜へご相談ください。詳しくは下記の記事もご覧ください。"
tennishiji-hiyasu-B,192,テニス肘・ゴルフ肘,B,テニス肘の冷やす・温めるを状態別に考えるセルフケア,https://ichinomiyaseitaiin.com/blog/tennishiji-hiyasu/,,"愛知県一宮市（苅安賀駅）で、テニス肘の冷やす・温めるについて、自分でできることを探している方へ。

肘の状態によって、楽に感じる方法は変わると考えられます。

状態別に意識したいこと
・熱感や腫れがあるときは、冷やし過ぎない範囲で短時間にとどめる
・こわばりが強いときは、入浴などで前腕を温めて様子を見る
・どちらの場合も、痛みが強まる方法はすぐにやめる
・冷温にかかわらず、痛みを強める動作を一時的に減らす
・皮膚が赤くなるほど長く当て続けない

セルフケアで変化が乏しければ、一度ご相談ください。当院ではKIRIN整体の視点で、肘だけでなく、関節や筋膜の動き、足裏から骨盤・背骨へのつながりや姿勢・巡りを確認します。

※強い痛み、しびれ、強い腫れ・熱感が続く場合は、早めに整形外科を受診してください。

愛知県一宮市（名鉄尾西線・苅安賀駅）でテニス肘の冷やす・温めるで迷っているという方は、一宮整骨院〜Seri〜へご相談ください。詳しくは下記の記事もご覧ください。"
yakyuhiji-itami-basho-B,12,野球肘,B,野球肘の痛む場所別の受診目安と家庭での工夫｜一宮市・苅安賀駅,https://ichinomiyaseitaiin.com/blog/yakyuhiji-itami-basho/,,"愛知県一宮市（苅安賀駅）で、野球肘の痛む場所に合わせて自分でできることを探している方へ。

痛む場所ごとに負担の種類が異なると考えられるため、場所を把握しておくと対応しやすくなります。

痛みの場所を踏まえた家庭での工夫
・痛む場所と痛む動作を、日付とともにメモする
・痛みが出る投球や強い握りを一時的に控える
・投球数や練習量は、痛みの様子を見ながら調整する
・肩甲骨や股関節、足首の硬さもあわせて見直す
・外側の痛みは自覚が乏しいことがあるため、早めに受診する

痛みが続く、場所が広がる、休んでも変化が乏しいときは、整形外科での画像検査をおすすめします。当院では、KIRIN整体の視点で肘だけでなく全身の関節・筋膜の動きや姿勢・巡りを確認し、医療機関での診断や指示と並行して補完的に関わります。

※強い痛み、肘が伸びない・曲がらない、しびれがある場合は、ただちに整形外科を受診してください。

愛知県一宮市（名鉄尾西線・苅安賀駅）で野球肘の痛む場所にお悩みの方は、一宮整骨院〜Seri〜へご相談ください。詳しくは下記の記事もご覧ください。"
od-gakko-hairyo-B,158,起立性調節障害,B,学校へ伝える準備と家庭での工夫｜起立性調節障害・一宮市,https://ichinomiyaseitaiin.com/blog/od-gakko-hairyo/,,"愛知県一宮市（苅安賀駅）で、学校への伝え方や家庭での準備を探している保護者の方へ。

体調の波は外から見えにくく、理解してもらうには具体的な情報を整理して伝えることが助けになると考えられます。

学校に伝える前に整理したいこと
・朝の体調、起きられた時刻、欠席や遅刻の日を記録する
・主治医の診断や助言の内容を、学校と共有してよい範囲で確認する
・困る場面（朝礼・体育・午前中の授業など）を具体的にまとめる
・お子さん本人の希望や不安を先に聞いておく
・担任や養護教諭など、窓口になる先生を決めておく

体調面の不安が続くときは、小児科などの医療機関にご相談ください。当院では医療機関の受診と並行して、KIRIN整体の視点で関節・筋膜の動きや姿勢・巡りを確認し、生活の相談をお受けします。

※失神、強い頭痛、胸の痛み、登校が難しい状態が長く続く場合は、早めに医療機関を受診してください。

愛知県一宮市（名鉄尾西線・苅安賀駅）で学校への配慮や日常の関わり方にお悩みの方は、一宮整骨院〜Seri〜へご相談ください。詳しくは下記の記事もご覧ください。"
gojukata-nagabiku-B,478,五十肩,B,長引く肩の不調で見直したい生活のポイント（一宮市）,https://ichinomiyaseitaiin.com/blog/gojukata-nagabiku/,2027-02-01,"愛知県一宮市（苅安賀駅）で、五十肩が長引く状態について自分でできることを探している方へ。長引くときこそ、生活の中の小さな負担を見直してみましょう。

かばう動きや姿勢の偏りが、肩の負担になっている可能性も考えられます。

見直したいポイント
・痛い側をかばって、首や反対側の肩を疲れさせていないか確認する
・座り方や立ち方で、猫背や巻き肩になっていないか見直す
・冷えや睡眠不足がないか、生活を振り返る
・痛みの出ない範囲で、呼吸を深くして肩の力を抜く
・セルフケアの内容を、医師や専門家に相談しながら調整する

セルフケアをしても変化が乏しいときは、ひとりで抱え込まずご相談ください。当院ではKIRIN整体の視点で、肩関節だけでなく肩甲骨・背骨・骨盤・足裏のつながりや、関節と筋膜の動きを確認します。

※強い夜間痛、腕のしびれや脱力、急な悪化がある場合は、整形外科を受診してください。胸の痛みや息苦しさを伴うときは救急要請も検討してください。

愛知県一宮市（名鉄尾西線・苅安賀駅）で長引く五十肩にお悩みの方は、一宮整骨院〜Seri〜へご相談ください。詳しくは下記の記事もご覧ください。"
zutsu-kincho-mainichi-B,298,緊張型頭痛・首こり,B,毎日続く頭の重さ｜生活と姿勢を見直すセルフケアと受診の目安,https://ichinomiyaseitaiin.com/blog/zutsu-kincho-mainichi/,2026-11-04,"愛知県一宮市（苅安賀駅）で、頭痛が毎日続き、自分でできることを探している方へ。

頭痛が続く背景には、首肩の緊張、姿勢、睡眠、ストレスなどが重なっていると考えられています。生活を少しずつ見直してみましょう。

見直したい生活のポイント
・就寝と起床の時間をできるだけそろえる
・画面を見る時間を区切り、目と首肩を休める
・入浴で体を温め、リラックスする時間をつくる
・水分と食事のリズムを整える
・頭痛のある日の状況を記録して傾向をつかむ

こうした見直しをしても変化が乏しいときは、まず医療機関で診てもらってください。そのうえで、首肩の状態が気になる場合は当院へご相談ください。KIRIN整体の視点で、関節や筋膜の動き、足裏から骨盤、背骨までの姿勢のつながりを確認します。頭痛の診断や薬の判断は医師・薬剤師の役割です。

※突然の激しい頭痛、手足の麻痺やしびれ、ろれつが回らない、物が二重に見える、発熱と首の硬直、意識がおかしいといった症状がある場合は、すぐに救急車を呼ぶか医療機関を受診してください。

愛知県一宮市（名鉄尾西線・苅安賀駅）で頭痛や首肩の張りが続く方は、一宮整骨院〜Seri〜へご相談ください。詳しくは下記の記事もご覧ください。"
kenshoen-taping-B,238,腱鞘炎・ばね指,B,腱鞘炎のテーピングを使うときの家庭での注意点と外す目安,https://ichinomiyaseitaiin.com/blog/kenshoen-taping/,2026-10-04,"愛知県一宮市（苅安賀駅）で、腱鞘炎のテーピングを安全に使うために自分でできることを探している方へ。

テーピングは手首や親指の動きを補助するもので、治療の代わりではありません。貼る前の準備と貼った後の確認が大切と考えられます。

家庭で意識したいこと
・貼る前に皮膚を清潔にして乾かす
・引っ張りすぎず、軽く添える程度にする
・貼った後に指先の色やしびれを必ず確認する
・かゆみや赤みが出たら、すぐにはがす
・長時間の貼りっぱなしは避け、毎日貼り替える

数日試しても変化が乏しい場合は、ご相談ください。当院では、KIRIN整体の視点で手首や親指の関節・筋膜の動き、肩や背骨を含めた姿勢のつながりを確認します。特定の商品の推奨は行っておりません。

※指先のしびれや変色、強い腫れ、指が引っかかって動かない場合は、整形外科を受診してください。

愛知県一宮市（名鉄尾西線・苅安賀駅）で腱鞘炎のテーピングでお悩みの方は、一宮整骨院〜Seri〜へご相談ください。詳しくは下記の記事もご覧ください。"
jiritsu-undou-B,418,自律神経,B,ウォーキングの始め方と続け方｜自律神経の習慣,https://ichinomiyaseitaiin.com/blog/jiritsu-undou/,2027-01-03,"愛知県一宮市（苅安賀駅）で、ウォーキングの始め方について自分でできることを探している方へ。

ウォーキングは、特別な道具がなくても始めやすい運動です。頑張りすぎず、心地よく続けることが大切と考えられます。

今日からできる歩き方のポイント
・会話できる程度のペースで歩く
・背すじを伸ばし、目線を遠くにおく
・歩幅はやや大きめにして、腕を自然に振る
・歩きながら、息を吐くことを意識する
・体調が悪い日や暑さ寒さが厳しい日は休む

続けても疲れやすさが気になるときは、ご相談ください。当院ではKIRIN整体の視点で、姿勢・呼吸・巡りの状態や生活の様子を確認し、ご相談に応じています（診断や治療は行いません）。

※動悸・息苦しさ・強いめまい・立ちくらみ・胸の痛みがあるときは、早めに医療機関を受診してください。胸痛が強い、意識が遠のくなどの場合はすぐに救急要請を。

愛知県一宮市（名鉄尾西線・苅安賀駅）で運動の始め方を相談したい方は、一宮整骨院〜Seri〜へご相談ください。詳しくは下記の記事もご覧ください。"
gyaku-kokyu-B,358,逆流性食道炎×姿勢,B,腹式呼吸の基本｜逆流性食道炎が気になる方の横隔膜セルフケア,https://ichinomiyaseitaiin.com/blog/gyaku-kokyu/,2026-12-04,"愛知県一宮市（苅安賀駅）で、腹式呼吸と逆流性食道炎について自分でできることを探している方へ。

呼吸の深さは姿勢とも関わると考えられます。息を吐くことを意識すると、力みがゆるみやすくなります。

■今日からできる呼吸のセルフケア
・楽な姿勢で座るか、仰向けで膝を立てる
・鼻から軽く吸い、お腹がふくらむのを感じる
・口からゆっくり吐き、お腹が戻るのを感じる
・食後すぐは避け、空腹の時間帯に行う
・苦しくなる時は無理をせず中止する

セルフケアを続けても変化が乏しい時は、一度ご相談ください。当院では、姿勢・呼吸・お腹まわりの使い方や生活の様子を確認し、体の動きを整える視点でお話を伺います。診断や治療は医師の役割です。

※体重が減ってきた、飲み込みにくい、吐血や黒い便がある、胸の痛みが続くといった場合は、すぐに医療機関（消化器内科など）を受診してください。

愛知県一宮市（名鉄尾西線・苅安賀駅）で腹式呼吸や横隔膜のはたらきが気になる方は、一宮整骨院〜Seri〜へご相談ください。詳しくは下記の記事もご覧ください。"
kokansetsu-kinniku-B,86,股関節痛,B,股関節まわりの筋肉ケア｜お尻・内もも・腸腰筋の見直し,https://ichinomiyaseitaiin.com/blog/kokansetsu-kinniku/,,"愛知県一宮市（苅安賀駅）で、股関節まわりの筋肉のケアについて自分でできることを探している方へ。

お尻、内もも、腸腰筋は、座る・立つ・歩くといった動作で休まず働いています。使い方の偏りに気づくことが第一歩です。

今日からできるセルフケア
・長く座ったら、立ち上がって軽く脚を動かす
・椅子に浅く座り、ゆっくり深呼吸して下半身の力を抜く
・痛みのない範囲で、お尻や内ももをやさしくさする
・歩くときは足裏全体で着地する意識を持つ
・強く揉んだり、反動をつけて伸ばしたりしない

セルフケアで変化が乏しければ、ご相談ください。当院ではKIRIN整体の視点で、関節や筋膜の動き、姿勢や巡りのバランスを確認します。

※強い痛み、しびれ、歩行が難しい場合は、整形外科での検査を優先してください。

愛知県一宮市（名鉄尾西線・苅安賀駅）で股関節まわりの筋肉の張りでお困りの方は、一宮整骨院〜Seri〜へご相談ください。詳しくは下記の記事もご覧ください。"
hiza-mageru-nobasu-B,124,膝痛,B,膝の曲げ伸ばしが痛い時の動作別ケア｜一宮市・苅安賀駅の整骨院,https://ichinomiyaseitaiin.com/blog/hiza-mageru-nobasu/,,"愛知県一宮市（苅安賀駅）で、膝の曲げ伸ばしの痛みについて自分でできることを探している方へ。

痛む角度や動作を知り、その動きを減らすだけでも、膝の負担は変わってくると考えられます。

今日からできる動作別セルフケア
・深く曲げる動作が痛い日は、低い椅子やしゃがみ込みを避ける
・伸ばすと痛い日は、膝を反らせて立つ姿勢に気をつける
・椅子に座り、痛みのない範囲でゆっくり曲げ伸ばしする
・入浴後など体が温まったときに、足首や股関節も動かす
・痛みが残る日は、運動量を減らして様子を見る

セルフケアで変化が乏しければご相談ください。当院ではKIRIN整体の視点で、膝の関節や筋膜の動き、足裏から骨盤・背骨の姿勢や巡りを確認します。

※膝に水がたまる、強い腫れや熱感がある、急な激痛や不安定感がある場合は、早めに整形外科を受診してください。

愛知県一宮市（名鉄尾西線・苅安賀駅）で膝の曲げ伸ばしの痛みにお悩みの方は、一宮整骨院〜Seri〜へご相談ください。詳しくは下記の記事もご覧ください。"
gojukata-kaifuku-B,480,五十肩,B,五十肩の回復期のセルフケア｜動かす幅を少しずつ広げる,https://ichinomiyaseitaiin.com/blog/gojukata-kaifuku/,2027-02-02,"愛知県一宮市（苅安賀駅）で、五十肩の回復期について自分でできることを探している方へ。回復期は焦らず、動く幅を少しずつ広げていくことが大切です。

痛みが落ち着いてきた時期は、肩まわりを動かす練習に向いていると考えられます。

回復期にできること
・入浴後など温まったときに、楽な範囲で肩を動かす
・振り子のように腕をゆらす動きを、痛みのない範囲で行う
・肩甲骨を寄せたり回したりして、肩まわりの動きを保つ
・痛みが出たら、そこで止めて無理に続けない
・日常動作のなかで、少しずつ腕を使う場面を増やす

セルフケアをしても変化が乏しいときは、ひとりで抱え込まずご相談ください。当院ではKIRIN整体の視点で、肩関節だけでなく肩甲骨・背骨・骨盤・足裏のつながりや、関節と筋膜の動きを確認します。

※再び強い痛みが出る、腕のしびれや脱力がある、夜間痛が戻る場合は整形外科を受診してください。胸の痛みなどを伴うときは救急要請も検討してください。

愛知県一宮市（名鉄尾西線・苅安賀駅）で五十肩の回復期の動かし方にお悩みの方は、一宮整骨院〜Seri〜へご相談ください。詳しくは下記の記事もご覧ください。"
zutsu-kincho-kusuri-B,300,緊張型頭痛・首こり,B,薬に頼りすぎたくない方へ｜頭痛時の首肩セルフケアと相談先,https://ichinomiyaseitaiin.com/blog/zutsu-kincho-kusuri/,2026-11-05,"愛知県一宮市（苅安賀駅）で、緊張型頭痛について薬以外に自分でできることを探している方へ。

薬や漢方の使い方は、薬剤師や医師に相談して決めることが大切です。そのうえで、日常の中で首肩の緊張をためにくくする工夫も取り入れてみましょう。

家庭で意識したいこと
・薬を飲んだ日時と頭痛の状況を記録しておく
・薬の回数や量で迷うときは、薬剤師・医師に相談する
・首肩を温めて、ゆっくり深く呼吸する
・長時間の同じ姿勢を避けて、こまめに体を動かす
・睡眠と食事のリズムを整える

薬の回数が増えている、変化が乏しいと感じる場合は、まず医療機関へご相談ください。首肩や姿勢の状態が気になる場合は当院へ。KIRIN整体の視点で、関節や筋膜の動き、足裏から骨盤、背骨までの姿勢のつながりを確認します。薬のご案内はできません。

※突然の激しい頭痛、手足の麻痺やしびれ、ろれつが回らない、物が二重に見える、発熱と首の硬直、意識がおかしいといった症状がある場合は、すぐに救急車を呼ぶか医療機関を受診してください。

愛知県一宮市（名鉄尾西線・苅安賀駅）で頭痛や首肩の張りの方は、一宮整骨院〜Seri〜へご相談ください。詳しくは下記の記事もご覧ください。"
kenshoen-shippu-B,240,腱鞘炎・ばね指,B,腱鞘炎の湿布を使うときのセルフケアと受診の目安,https://ichinomiyaseitaiin.com/blog/kenshoen-shippu/,2026-10-05,"愛知県一宮市（苅安賀駅）で、腱鞘炎の湿布を使いながら自分でできることを探している方へ。

湿布は痛みをやわらげる補助であり、手の使い方を見直すことと合わせて考えるのが基本と考えられます。

湿布を使うときに意識したいこと
・貼る前に皮膚を清潔にして、水分を拭き取る
・痛む場所を中心に、手首の動きを妨げない位置に貼る
・かゆみや赤みが出たら、すぐにはがして使用をやめる
・同じ場所に長時間貼り続けない
・痛む作業そのものの量を少し減らす

湿布の種類や使用期間は、薬剤師や医師に相談してください。なお、商品名の推奨は行っておりません。数日続けても変化が乏しい場合は、ご相談ください。当院では、KIRIN整体の視点で手首や指の関節・筋膜の動き、姿勢のつながりを確認します。

※かぶれが強い、腫れや熱感がある、指が引っかかって動かない場合は、整形外科を受診してください。

愛知県一宮市（名鉄尾西線・苅安賀駅）で腱鞘炎の湿布やケアでお悩みの方は、一宮整骨院〜Seri〜へご相談ください。詳しくは下記の記事もご覧ください。"
jiritsu-nomimono-B,420,自律神経,B,飲み物とカフェインの上手な付き合い方｜一宮市,https://ichinomiyaseitaiin.com/blog/jiritsu-nomimono/,2027-01-04,"愛知県一宮市（苅安賀駅）で、飲み物とカフェインの付き合い方について自分でできることを探している方へ。

飲み物は、生活リズムや睡眠に関わる身近な習慣です。自分に合った量と時間帯を見つけることが大切と考えられます。

家庭で意識したいこと
・カフェインをとる時間帯を、昼までを目安にする
・飲む量を数日メモして、眠りとの関係を見る
・水や白湯をこまめにとる
・就寝前は、温かいカフェインなしの飲み物を選ぶ
・動悸やそわそわを感じたら、量を減らす

見直しても寝つきや体調が気になるときは、ご相談ください。当院ではKIRIN整体の視点で、姿勢・呼吸・巡りの状態や生活の様子を確認し、ご相談に応じています（診断や治療は行いません）。

※動悸・息苦しさ・強いめまい・立ちくらみ・胸の痛みがあるときは、早めに医療機関を受診してください。胸痛が強い、意識が遠のくなどの場合はすぐに救急要請を。

愛知県一宮市（名鉄尾西線・苅安賀駅）で飲み物の習慣を見直したい方は、一宮整骨院〜Seri〜へご相談ください。詳しくは下記の記事もご覧ください。"
gyaku-stretch-B,360,逆流性食道炎×姿勢,B,逆流性食道炎に配慮したストレッチ・姿勢体操の選び方,https://ichinomiyaseitaiin.com/blog/gyaku-stretch/,2026-12-05,"愛知県一宮市（苅安賀駅）で、逆流性食道炎とストレッチ・姿勢体操について自分でできることを探している方へ。

ストレッチは無理なく、呼吸を止めずに行うことが大切です。お腹を強く圧迫する動きは避けましょう。

■無理なくできる姿勢体操
・食後すぐは避け、時間をあけて行う
・椅子に座って背筋を軽く伸ばし、胸を開く
・肩を回して肩甲骨まわりをほぐす
・息を止めず、ゆっくり吐きながら動く
・痛みや胸やけが出たらすぐ中止する

セルフケアを続けても変化が乏しい時は、一度ご相談ください。当院では、姿勢・呼吸・お腹まわりの使い方や生活の様子を確認し、体の動きを整える視点でお話を伺います。診断や治療は医師の役割です。

※体重が減ってきた、飲み込みにくい、吐血や黒い便がある、胸の痛みが続くといった場合は、すぐに医療機関（消化器内科など）を受診してください。

愛知県一宮市（名鉄尾西線・苅安賀駅）で逆流性食道炎とストレッチ・姿勢体操が気になる方は、一宮整骨院〜Seri〜へご相談ください。詳しくは下記の記事もご覧ください。"
yakyukata-itami-B,52,野球肩,B,野球肩で痛いとき、まず何をする？｜一宮市・苅安賀駅の投球ケア,https://ichinomiyaseitaiin.com/blog/yakyukata-itami/,,"愛知県一宮市（苅安賀駅）で、野球肩の痛みについて自分でできることを探している方へ。

痛みがあるのに我慢して投げ続けると、状態が長引くことがあります。まずは落ち着いて、できることから整えましょう。

痛いときに意識したいこと
・痛みが出る投球や動作は、いったん控える
・痛い場所、痛む動作、時間帯を記録しておく
・強く揉んだり、無理に引っ張ったりしない
・肩以外の体（下半身・体幹）をやさしく動かして保つ
・睡眠と食事を整え、回復を妨げない

休んでも痛みが引かないときは、ご相談ください。当院では、KIRIN整体の視点で、肩だけでなく肩甲骨・背骨・骨盤・足裏までのつながりを見ながら、関節や筋膜の動き、姿勢や巡りを確認します。診断や治療は医療機関の役割ですので、受診と並行して補完的にお手伝いします。

※強い痛みや夜間痛、肩の可動域が急に狭くなったときは、セルフケアを続けず、早めに整形外科を受診してください。

愛知県一宮市（名鉄尾西線・苅安賀駅）で野球肩の方は、一宮整骨院〜Seri〜へご相談ください。詳しくは下記の記事もご覧ください。"
tennishiji-hochi-B,194,テニス肘・ゴルフ肘,B,テニス肘を放置しないために｜受診の目安とセルフケア,https://ichinomiyaseitaiin.com/blog/tennishiji-hochi/,,"愛知県一宮市（苅安賀駅）で、テニス肘を放置せずに、自分でできることを探している方へ。

痛みを我慢して使い続けると、負担が積み重なりやすいと考えられます。

様子を見るときの目安と過ごし方
・痛みの強さと、いつどの動作で出るかを記録する
・痛みが出る動作を一時的に減らす
・前腕を温めたり、やさしく動かしたりして疲れをためない
・数週間たっても痛みが続くときは、整形外科を受診する
・安静にしても痛む、夜も痛む場合は早めに受診する

セルフケアで変化が乏しければ、一度ご相談ください。当院ではKIRIN整体の視点で、肘だけでなく、関節や筋膜の動き、足裏から骨盤・背骨へのつながりや姿勢・巡りを確認します。

※強い痛み、しびれ、腫れ・熱感、肘が動かしにくいなどの症状がある場合は、早めに整形外科を受診してください。

愛知県一宮市（名鉄尾西線・苅安賀駅）でテニス肘を放置してよいか迷っているという方は、一宮整骨院〜Seri〜へご相談ください。詳しくは下記の記事もご覧ください。"
yakyuhiji-kenshin-B,14,野球肘,B,野球肘の予防と検診の活かし方｜家庭でできる肘チェック｜一宮市,https://ichinomiyaseitaiin.com/blog/yakyuhiji-kenshin/,,"愛知県一宮市（苅安賀駅）で、野球肘の予防や検診の活かし方を探している方へ。

成長期の肘は負担に弱く、痛みが出る前から体の使い方を整えておくことが大切と考えられます。

今日からできる予防の工夫
・肘の曲げ伸ばしを、左右そろえて確認する
・投げた翌日に肘の違和感がないかを声かけして確かめる
・肩甲骨・股関節・足首の柔軟性を保つストレッチを行う
・投球数や練習量は指導者と相談し、休養日を設ける
・検診で指摘があった場合は、医師の指示に従う

検診で異常が見つからなくても、痛みが出たら無理をせず、整形外科で相談してください。当院では、KIRIN整体の視点で肘だけでなく肩甲骨や体幹、足裏から骨盤・背骨のつながり、姿勢・巡りを確認し、医療機関での検診や診断と並行して補完的に関わります。

※強い痛み、肘が伸びない・曲がらない、しびれがある場合は、ただちに整形外科を受診してください。

愛知県一宮市（名鉄尾西線・苅安賀駅）で野球肘の予防にお悩みの方は、一宮整骨院〜Seri〜へご相談ください。詳しくは下記の記事もご覧ください。"
kokansetsu-kusuri-kikanai-B,88,股関節痛,B,股関節痛で薬に頼る前に｜日常の体の使い方チェック,https://ichinomiyaseitaiin.com/blog/kokansetsu-kusuri-kikanai/,,"愛知県一宮市（苅安賀駅）で、薬のほかに股関節痛へ自分でできることを探している方へ。

薬の使い方は医師や薬剤師に相談することが前提ですが、日常の体の使い方を見直すことで、負担のかかり方が変わることもあると考えられます。

家庭で意識したいこと
・座るときに骨盤を倒し込まず、背すじを自然に保つ
・立つときは両足に均等に体重を乗せる
・痛みが出る動作を洗い出し、回数を減らす
・睡眠時は、痛くない向きでクッションを脚の間に挟む
・体を冷やさず、こまめに体を動かす

セルフケアで変化が乏しければ、ご相談ください。当院ではKIRIN整体の視点で、関節や筋膜の動き、姿勢や巡りのバランスを確認します。医療機関での治療と並行してご利用いただけます。

※強い痛み、しびれ、歩行困難、夜間の強い痛みがある場合は、整形外科を受診してください。

愛知県一宮市（名鉄尾西線・苅安賀駅）で薬を使っても気になる股関節痛の方は、一宮整骨院〜Seri〜へご相談ください。詳しくは下記の記事もご覧ください。"
od-juken-B,160,起立性調節障害,B,受験期の体調管理と家庭の関わり方｜起立性調節障害・一宮市,https://ichinomiyaseitaiin.com/blog/od-juken/,,"愛知県一宮市（苅安賀駅）で、受験期の体調管理や家庭でできることを探している保護者の方へ。

体調の波がある中での受験準備は、お子さんにも保護者の方にも負担がかかりがちです。無理のない計画を立てることが大切と考えられます。

受験期に家庭で意識したいこと
・体調のよい時間帯を把握し、学習をそこに合わせる
・睡眠・食事・水分など、生活リズムをなるべく一定に保つ
・試験会場までの移動や当日の流れを、事前に家族で確認する
・受験上の配慮は、主治医や学校、志望校へ早めに相談する
・結果だけでなく、取り組む姿勢もねぎらう

体調の不安が続くときは、小児科などの医療機関へご相談ください。当院では医療機関の受診と並行して、KIRIN整体の視点で関節・筋膜の動きや姿勢・巡りを確認し、生活の相談をお受けします。

※失神、強い頭痛、胸の痛み、朝起きられない状態が長く続く場合は、早めに医療機関を受診してください。

愛知県一宮市（名鉄尾西線・苅安賀駅）で受験期の体調にお悩みの方は、一宮整骨院〜Seri〜へご相談ください。詳しくは下記の記事もご覧ください。"
gojukata-yattehaikenai-B,482,五十肩,B,五十肩で避けたい動きと、家庭で意識したいこと｜一宮市,https://ichinomiyaseitaiin.com/blog/gojukata-yattehaikenai/,2027-02-03,"愛知県一宮市（苅安賀駅）で、五十肩について自分でできることを探している方へ。

五十肩は時期によって肩の状態が変わるため、「何をするか」と同じくらい「何を避けるか」が大切と考えられています。

家庭で意識したいこと
・痛みが強く出る方向へ、無理に腕を上げ続けない
・痛む部分を強く押したり、もみ込んだりしない
・重い荷物を痛む側で持つ、急に腕を引っ張られる場面を避ける
・かといって完全に固定せず、痛みの出ない範囲で日常動作は続ける
・冷えや長時間の同じ姿勢を避け、こまめに体を動かす

セルフケアを続けても変化が乏しい場合は、早めにご相談ください。当院ではKIRIN整体の視点で、肩関節だけでなく、肩甲骨まわりの筋膜の動き、背骨・骨盤の姿勢、呼吸の状態などを確認し、日常での動かし方をお伝えします。なお、診断や画像検査、注射・投薬・手術の判断は医師の役割です。

※夜間痛が強くて眠れない、痛みが長引く、発熱や胸の痛みを伴う場合は医療機関を受診してください。胸の痛みや息苦しさが強い時は救急要請を。

愛知県一宮市（名鉄尾西線・苅安賀駅）で五十肩の過ごし方に迷う方は、一宮整骨院〜Seri〜へご相談ください。詳しくは下記の記事もご覧ください。"
zutsu-kincho-hakike-B,302,緊張型頭痛・首こり,B,頭痛＋吐き気・めまいの時に家庭で意識したいこと｜一宮市,https://ichinomiyaseitaiin.com/blog/zutsu-kincho-hakike/,2026-11-06,"愛知県一宮市（苅安賀駅）で、頭痛に伴う吐き気やめまいについて自分でできることを探している方へ。

首や肩の緊張が強いと、頭の重さだけでなく、ふらつきや気分の悪さを感じやすくなると考えられています。ただし原因はさまざまなので、まずは体への負担を減らす工夫から始めましょう。

家庭で意識したいこと
・長時間のスマホやパソコンは、30〜60分ごとに休憩を入れる
・ゆっくり息を吐き、肩の力を抜く時間をつくる
・水分と睡眠をしっかり確保する
・急に立ち上がらず、ゆっくり動く
・症状が出る時間帯や状況をメモしておく

こうした工夫で変化が乏しければ、一度ご相談ください。当院ではKIRIN整体の視点で、首・背骨・骨盤の動きや姿勢、呼吸のパターンを確認します。薬や診断については医師・薬剤師にご相談ください。

※突然の激しい頭痛、手足のまひやしびれ、ろれつが回らない、物が二重に見える、発熱と首の硬直、意識の異常がある場合は、すぐ救急要請または医療機関を受診してください。

愛知県一宮市（名鉄尾西線・苅安賀駅）で頭痛・吐き気・めまいが気になる方は、一宮整骨院〜Seri〜へご相談ください。詳しくは下記の記事もご覧ください。"
kenshoen-hiyasu-B,242,腱鞘炎・ばね指,B,腱鞘炎の冷やす・温めるセルフケアと受診の目安を解説,https://ichinomiyaseitaiin.com/blog/kenshoen-hiyasu/,2026-10-06,"愛知県一宮市（苅安賀駅）で、腱鞘炎を冷やす・温める方法を自分で探している方へ。

痛みの状態で合うケアが異なると考えられ、迷った時は刺激の少ない方法から試すのが安心です。

状態別に意識したいこと
・熱感や腫れが強い時は、タオル越しに数分ずつ冷やす
・冷やしすぎると感覚が鈍るため、長時間は避ける
・朝のこわばりが中心の時は、ぬるめのお湯で手を温める
・温めて痛みが増す場合は、すぐにやめる
・どちらの場合も、痛む動作を減らす

数日試しても変化が乏しい場合は、ご相談ください。当院では、KIRIN整体の視点で手首や指の関節・筋膜の動き、肩や背骨を含めた姿勢のつながりを確認します。

※強い腫れや熱感、夜も眠れないほどの痛み、指が引っかかって動かない場合は、整形外科を受診してください。

愛知県一宮市（名鉄尾西線・苅安賀駅）で腱鞘炎のケアでお悩みの方は、一宮整骨院〜Seri〜へご相談ください。詳しくは下記の記事もご覧ください。"
jiritsu-shokuji-B,422,自律神経,B,自律神経と食事の基本｜一宮で始める生活リズムと腸のセルフケア,https://ichinomiyaseitaiin.com/blog/jiritsu-shokuji/,2027-01-05,"愛知県一宮市（苅安賀駅）で、食事のとり方を見直して体調を整えたいと、自分でできることを探している方へ。

食事は生活リズムの土台のひとつで、腸の調子や睡眠とも関わっていると考えられます。特別なことより、毎日続けられる工夫が大切です。

今日からできるセルフケア
・食事の時間をできるだけ毎日そろえる
・朝は水分と軽い食事で一日のスイッチを入れる
・寝る2〜3時間前までに夕食を終えるよう意識する
・食べ物や飲み物を急いで流し込まず、ゆっくりよく噛む
・食事のときに深くゆっくり息を吐き、体をゆるめる

数週間続けても変化が乏しいときは、ご相談ください。当院では、KIRIN整体の視点で姿勢・呼吸・お腹まわりの動きなどを確認し、生活面のご相談にのります。自律神経の診断や治療は行いません。

※体重の急な減少、繰り返す嘔吐、血の混じった便、強い腹痛、動悸や胸の痛みがある場合は、早めに医療機関を受診してください。

愛知県一宮市（名鉄尾西線・苅安賀駅）で食事や生活リズムの整え方をお探しの方は、一宮整骨院〜Seri〜へご相談ください。詳しくは下記の記事もご覧ください。"
gyaku-desk-B,362,逆流性食道炎×姿勢,B,デスクワークの姿勢と胸やけ｜一宮・苅安賀駅で考えるセルフケア,https://ichinomiyaseitaiin.com/blog/gyaku-desk/,2026-12-06,"愛知県一宮市（苅安賀駅）で、デスクワーク中の胸やけや不快感について自分でできることを探している方へ。

画面をのぞき込む姿勢や、猫背のまま座る時間が長いと、お腹まわりが圧迫されやすいと考えられます。

今日からできるセルフケア
・椅子に深く座り、足裏を床につけて骨盤を立てる
・画面の高さを目線に近づけ、あごを引きすぎない
・食後すぐは前かがみの作業を避け、少し歩く
・1時間に一度は立ち上がり、ゆっくり深呼吸をする
・ベルトや服の締め付けをゆるめに整える

これらを続けても変化が乏しい場合は、ご相談ください。当院では診断や治療は行わず、KIRIN整体の視点で姿勢、呼吸の動き、腹圧に関わる体の使い方、生活の流れをうかがい、コンディショニングの面から確認します。逆流性食道炎は業務範囲外のため、診断・薬・治療は医師にご相談ください。

※体重減少、飲み込みにくさ、吐血や黒い便、続く胸の痛みがあるときは、すぐに医療機関（消化器内科等）を受診してください。強い胸痛や息苦しさは救急要請も検討を。

愛知県一宮市（名鉄尾西線・苅安賀駅）でデスクワーク中の姿勢が気になる方は、一宮整骨院〜Seri〜へご相談ください。詳しくは下記の記事もご覧ください。"
hiza-naoshikata-B,126,膝痛,B,膝痛への向き合い方と毎日のセルフケア｜一宮市・苅安賀駅の整骨院,https://ichinomiyaseitaiin.com/blog/hiza-naoshikata/,,"愛知県一宮市（苅安賀駅）で、膝痛について自分でできることを探している方へ。

膝の痛みは、日々の動き方や姿勢の積み重ねが影響している場合があると考えられます。焦らず、負担を減らす工夫から始めましょう。

今日からできる生活の工夫
・痛みが強い日は、歩く距離や立ち仕事を減らす
・立つときは、足裏全体で床をとらえる意識を持つ
・階段や段差は、手すりを使って慎重に
・椅子は深く腰かけ、足裏を床につける
・膝を冷やしすぎず、心地よい温かさを保つ

セルフケアで変化が乏しければご相談ください。当院ではKIRIN整体の視点で、膝の関節や筋膜の動き、足裏から骨盤・背骨の姿勢や巡りを確認します。

※膝に水がたまる、強い腫れや熱感がある、急な激痛や不安定感がある場合は、早めに整形外科を受診してください。

愛知県一宮市（名鉄尾西線・苅安賀駅）で膝痛にお悩みの方は、一宮整骨院〜Seri〜へご相談ください。詳しくは下記の記事もご覧ください。"
tennishiji-kikan-B,196,テニス肘・ゴルフ肘,B,テニス肘の安静期間中に意識したい過ごし方（一宮市・苅安賀駅）,https://ichinomiyaseitaiin.com/blog/tennishiji-kikan/,,"愛知県一宮市（苅安賀駅）で、テニス肘の安静期間中に、自分でできることを探している方へ。

安静といっても、全く動かさないのではなく、負担の大きい動作を避けることがポイントと考えられます。

安静期間中の過ごし方
・痛みが出る動作（強い握り込みや重い物の持ち上げ）を避ける
・痛みのない範囲で、手首や指をやさしく動かす
・前腕を温めて、疲れや血行の滞りをためない
・再開する時は、短時間・軽い負荷から様子を見る
・痛みが戻るときは、無理をせず一度お休みする

セルフケアで変化が乏しければ、一度ご相談ください。当院ではKIRIN整体の視点で、肘だけでなく、関節や筋膜の動き、足裏から骨盤・背骨へのつながりや姿勢・巡りを確認します。

※強い痛み、しびれ、腫れ・熱感、肘が動かしにくいなどの症状がある場合は、早めに整形外科を受診してください。

愛知県一宮市（名鉄尾西線・苅安賀駅）でテニス肘の安静期間が気になるという方は、一宮整骨院〜Seri〜へご相談ください。詳しくは下記の記事もご覧ください。"
yakyuhiji-massage-B,16,野球肘,B,野球肘のときの家庭ケアと触れ方の注意点｜保護者向け｜一宮市,https://ichinomiyaseitaiin.com/blog/yakyuhiji-massage/,,"愛知県一宮市（苅安賀駅）で、野球肘のお子さまにご家庭でできることを探している保護者の方へ。

痛みの原因が確認できていない段階では、強い刺激より、休ませて様子を見ることが基本と考えられます。

家庭で意識したいこと
・痛む部分を強く揉んだり、ひねったりしない
・入浴でからだを温めて、リラックスできる時間をつくる
・痛みのある間は、投球や強く握る動作を控えさせる
・肩や背中、太ももなど、痛みのない部位を優しくほぐす
・痛みの場所や動作を記録して、受診時に伝える

ケアを行っても痛みが続く場合は、整形外科での確認をおすすめします。当院では、KIRIN整体の視点で肘だけでなく肩甲骨・体幹・足裏から骨盤・背骨の動きや姿勢・巡りを確認し、医療機関での診断や指示と並行して補完的に関わります。

※強い痛み、腫れ、肘が伸びない・曲がらない、しびれがある場合は、ただちに整形外科を受診してください。

愛知県一宮市（名鉄尾西線・苅安賀駅）で野球肘のご家庭でのケアにお悩みの方は、一宮整骨院〜Seri〜へご相談ください。詳しくは下記の記事もご覧ください。"
yakyukata-itami-basho-B,54,野球肩,B,野球肩の痛む場所別ケアの考え方｜一宮市・苅安賀駅の投球ケア,https://ichinomiyaseitaiin.com/blog/yakyukata-itami-basho/,,"愛知県一宮市（苅安賀駅）で、野球肩の痛む場所に合わせて自分でできることを探している方へ。

痛む場所が前・後ろ・奥のどこでも、共通して大切なのは、肩に負担をかけすぎないことと、周囲の動きを保つことです。

家庭で意識したいこと
・痛む動作を避け、無理に投げ続けない
・肩甲骨まわり・胸・背中の緊張を、やさしくゆるめる
・首や肩を強く揉まず、軽い力で動かす
・投げた後の肩の張りや熱感を確認する
・場所が変わる、広がるなど、変化を記録する

痛む場所が移る、または広がるときは、ご相談ください。当院では、KIRIN整体の視点で、肩だけでなく肩甲骨・背骨・骨盤・足裏までのつながりを見ながら、関節や筋膜の動き、姿勢や巡りを確認します。診断や治療は医療機関の役割ですので、受診と並行して補完的にお手伝いします。

※強い痛みや夜間痛、肩の可動域が急に狭くなったときは、セルフケアを続けず、早めに整形外科を受診してください。

愛知県一宮市（名鉄尾西線・苅安賀駅）で野球肩の方は、一宮整骨院〜Seri〜へご相談ください。詳しくは下記の記事もご覧ください。"
gojukata-stretch-B,484,五十肩,B,五十肩の時期別ストレッチ｜無理なくできる動かし方のコツ,https://ichinomiyaseitaiin.com/blog/gojukata-stretch/,2027-02-04,"愛知県一宮市（苅安賀駅）で、五十肩のストレッチについて自分でできることを探している方へ。

五十肩は時期で状態が変わるため、急性期は無理に動かさず、痛みが落ち着いてから少しずつ動きを取り戻す、という考え方が一般的です。

時期を意識した動かし方のポイント
・痛みが強い急性期は、強く伸ばさず、楽な姿勢で休ませる
・落ち着いてきたら、痛みの出る手前で止める小さな動きから始める
・入浴後など体が温まったタイミングに、呼吸を止めずゆっくり行う
・1回で頑張りすぎず、短い時間を数回に分ける
・翌日に痛みが増えるなら、強さや回数を減らす

続けても変化が乏しい場合は、ご相談ください。当院ではKIRIN整体の視点で、肩関節・肩甲骨まわりの筋膜の動き、背骨や骨盤の姿勢、呼吸の状態を確認し、今の時期に合った動かし方をお伝えします。診断や画像検査、注射・投薬・手術の判断は医師の役割です。

※夜間痛が強い、痛みが長引く、発熱や胸の痛みを伴う場合は医療機関を受診してください。胸の痛みや息苦しさが強い時は救急要請を。

愛知県一宮市（名鉄尾西線・苅安賀駅）で五十肩のストレッチに迷う方は、一宮整骨院〜Seri〜へご相談ください。詳しくは下記の記事もご覧ください。"
zutsu-nanika-B,304,緊張型頭痛・首こり,B,頭痛で受診する前に家庭でできる準備と受診の目安｜一宮市,https://ichinomiyaseitaiin.com/blog/zutsu-nanika/,2026-11-07,"愛知県一宮市（苅安賀駅）で、頭痛について自分でできることを探している方へ。

頭痛は原因がさまざまで、我慢を重ねるほど日常に影響しやすくなります。受診の前に、状況を整理しておくと医師に伝わりやすくなります。

今日からできる備え
・頭痛が起きた日時・場所・強さをメモする
・痛む場所（こめかみ、後頭部など）を記録する
・使った薬の種類と回数を控えておく
・睡眠・食事・水分・姿勢など生活の変化を書き出す
・首や肩のこりがある時期も合わせて記録する

頭痛が繰り返す、いつもと違うと感じる場合は、まず医療機関の受診をおすすめします。そのうえで首や肩の動き、姿勢の負担が気になる方は、当院へご相談ください。KIRIN整体の視点で、首・背骨・骨盤の動きや呼吸の状態を確認します。薬については薬剤師・医師にご相談ください。

※突然の激しい頭痛、手足のまひやしびれ、ろれつが回らない、物が二重に見える、発熱と首の硬直、意識の異常がある場合は、すぐ救急要請または医療機関を受診してください。

愛知県一宮市（名鉄尾西線・苅安賀駅）で頭痛・首こりのご相談は、一宮整骨院〜Seri〜へどうぞ。詳しくは下記の記事もご覧ください。"
kenshoen-stretch-B,244,腱鞘炎・ばね指,B,腱鞘炎のストレッチの進め方｜手首・親指のセルフケアと注意,https://ichinomiyaseitaiin.com/blog/kenshoen-stretch/,2026-10-07,"愛知県一宮市（苅安賀駅）で、腱鞘炎のストレッチを安全に行うために自分でできることを探している方へ。

ストレッチは炎症が落ち着いてから、痛みのない範囲で行うのが基本と考えられます。

今日からできるセルフケア
・入浴後など手が温まった時に行う
・手のひらを上に向け、反対の手で指先をやさしく引き、痛みのない所で止める
・親指を動かす時は、強く反らさず、楽な範囲にとどめる
・1回10秒程度を数回にして、やり過ぎない
・痛みが出たらその日は中止して休む

続けても変化が乏しい場合は、ご相談ください。当院では、KIRIN整体の視点で手首や指の関節・筋膜の動き、肩や背骨を含めた姿勢のつながりを確認します。

※痛みが強まる、強い腫れや熱感がある、指が引っかかって動かない場合は、中止して整形外科を受診してください。

愛知県一宮市（名鉄尾西線・苅安賀駅）で腱鞘炎のストレッチでお悩みの方は、一宮整骨院〜Seri〜へご相談ください。詳しくは下記の記事もご覧ください。"
jiritsu-katakori-B,424,自律神経,B,肩こり・首こりと自律神経｜一宮で今日からできる呼吸と巡りのセルフケア,https://ichinomiyaseitaiin.com/blog/jiritsu-katakori/,2027-01-06,"愛知県一宮市（苅安賀駅）で、肩こり・首こりを自分でやわらげる方法を探している方へ。

こりが続くと、緊張や疲れがたまって体が休まりにくくなることがあると考えられます。姿勢・呼吸・巡りの3つを意識するのがひとつの考え方です。

呼吸と巡りを整える習慣
・デスクワークでは30〜60分に一度、立って肩を回す
・画面は目線の高さに近づけ、あごを引きすぎない
・入浴では首から肩をじんわり温める
・息を吐く時間を長めにして、肩の力を抜く
・就寝前はスマホを見る時間を短くする

こうした工夫で変化が乏しいときは、ご相談ください。当院では、KIRIN整体の視点で首・肩甲骨・背骨・骨盤まわりの動きや呼吸の状態を確認し、生活面のご相談にのります。自律神経の診断や治療は行いません。

※手足のしびれ、力が入らない、ろれつが回らない、強い頭痛、動悸や胸の痛みがある場合は、早めに医療機関を受診してください。症状が強いときは救急要請を。

愛知県一宮市（名鉄尾西線・苅安賀駅）で肩こり・首こりのセルフケアをお探しの方は、一宮整骨院〜Seri〜へご相談ください。詳しくは下記の記事もご覧ください。"
gyaku-enpai-B,364,逆流性食道炎×姿勢,B,円背と胸やけのセルフケア｜一宮・苅安賀駅で姿勢と呼吸を整える習慣,https://ichinomiyaseitaiin.com/blog/gyaku-enpai/,2026-12-07,"愛知県一宮市（苅安賀駅）で、背中の丸まりと胸やけについて自分でできることを探している方へ。

背中が丸くなると胸郭の動きが小さくなり、呼吸が浅くなりやすいと考えられます。姿勢と呼吸の両面から生活を見直してみましょう。

家庭で意識したいこと
・座るときは骨盤を立て、背もたれに軽く背中を預ける
・入浴後など体が温まったときに、胸を開く動きを小さく行う
・息を吐くことを意識し、ゆっくり深呼吸する
・食後すぐに横にならず、上体を起こして過ごす
・腹部を締め付ける服やベルトは避ける

続けても変化が乏しいときは、ご相談ください。当院では、KIRIN整体の視点で背骨や肋骨の動き、姿勢のつながり、呼吸のしやすさを確認し、生活のご相談に応じます。逆流性食道炎は業務範囲外の疾患のため、診断・検査・薬・治療は医師の役割です。

※体重減少、飲み込みにくさ、吐血や黒い便、続く胸の痛みがあるときは、すぐに医療機関（消化器内科等）を受診してください。強い胸痛や息苦しさは救急要請も検討を。

愛知県一宮市（名鉄尾西線・苅安賀駅）で円背や姿勢が気になる方は、一宮整骨院〜Seri〜へご相談ください。詳しくは下記の記事もご覧ください。"
kokansetsu-nanika-B,90,股関節痛,B,股関節痛の受診先に迷ったら｜受診前に整理したいこと,https://ichinomiyaseitaiin.com/blog/kokansetsu-nanika/,,"愛知県一宮市（苅安賀駅）で、股関節痛の受診先について自分でできる準備を探している方へ。

どこに相談するか迷うときは、症状を整理しておくと診察がスムーズになると考えられます。受診前にできることをまとめました。

受診前に整理しておきたいこと
・痛みが出た時期と、きっかけになった出来事
・痛む場所（脚の付け根、お尻、太ももなど）
・痛みが強くなる動作、楽になる姿勢
・過去のけがや股関節に関する指摘の有無
・使っている薬や通院中の病気

まずは画像検査や診断ができる整形外科が基本です。そのうえで、日常の体の使い方を見直したい場合は、ご相談ください。当院ではKIRIN整体の視点で、関節や筋膜の動き、姿勢や巡りを確認します。

※強い痛み、しびれの合併、歩行が困難なときは、早めに整形外科を受診してください。

愛知県一宮市（名鉄尾西線・苅安賀駅）で股関節痛の受診先に迷う方は、一宮整骨院〜Seri〜へご相談ください。詳しくは下記の記事もご覧ください。"
od-kusuri-tayoranai-B,162,起立性調節障害,B,生活面でできること｜起立性調節障害と薬の考え方・一宮市,https://ichinomiyaseitaiin.com/blog/od-kusuri-tayoranai/,,"愛知県一宮市（苅安賀駅）で、薬のことと並行して、家庭で生活面から取り組めることを探している保護者の方へ。

生活の工夫は薬の代わりではなく、医師の治療と合わせて無理なく続けるものと考えられます。服薬の判断は、必ず主治医とご相談ください。

家庭で意識したいこと
・起床と就寝の時刻を、できるだけそろえる
・水分や食事を、医師の指導の範囲で生活に取り入れる
・体調のよい日に、軽く体を動かす時間をつくる
・立ち上がるときは、ゆっくり段階を踏んで動く
・薬の効果や気になる点は、記録して受診時に伝える

生活の工夫だけで変化が乏しいときは、小児科などの医療機関へご相談ください。当院では医療機関の受診と並行して、KIRIN整体の視点で関節・筋膜の動きや姿勢・巡りを確認し、生活の相談をお受けします。

※薬を自己判断でやめたり変えたりしないでください。失神、強い頭痛、胸の痛みがある場合は、早めに医療機関を受診してください。

愛知県一宮市（名鉄尾西線・苅安賀駅）で起立性調節障害の生活面にお悩みの方は、一宮整骨院〜Seri〜へご相談ください。詳しくは下記の記事もご覧ください。"
gojukata-taisou-B,486,五十肩,B,五十肩の振り子運動のやり方と注意点｜家庭でできる体操,https://ichinomiyaseitaiin.com/blog/gojukata-taisou/,2027-02-05,"愛知県一宮市（苅安賀駅）で、五十肩の体操について自分でできることを探している方へ。

振り子運動は、腕の重みを使って肩まわりを小さく動かす方法です。急性期は無理をしない前提で、痛みの落ち着きに合わせて行います。

今日からできるセルフケア
・テーブルや椅子に反対の手を置き、体を前かがみに支える
・痛む側の腕の力を抜き、ぶら下げた状態で体ごと小さく揺らす
・前後、左右、円を描くように、痛みの出ない範囲で各10回ほど
・肩の力で振らず、呼吸を止めずに行う
・痛みが強くなる日は、回数を減らすか休む

続けても変化が乏しい場合は、ご相談ください。当院ではKIRIN整体の視点で、肩関節・肩甲骨まわりの筋膜の動き、背骨や骨盤の姿勢、呼吸の状態を確認し、体操を行いやすい体の使い方をお伝えします。診断や画像検査、注射・投薬・手術の判断は医師の役割です。

※夜間痛が強い、痛みが長引く、発熱や胸の痛みを伴う場合は医療機関を受診してください。胸の痛みや息苦しさが強い時は救急要請を。

愛知県一宮市（名鉄尾西線・苅安賀駅）で五十肩の体操に迷う方は、一宮整骨院〜Seri〜へご相談ください。詳しくは下記の記事もご覧ください。"
zutsu-kincho-seitai-B,306,緊張型頭痛・首こり,B,首肩をゆるめる姿勢セルフケアと、整骨院に相談する目安｜一宮市,https://ichinomiyaseitaiin.com/blog/zutsu-kincho-seitai/,2026-11-08,"愛知県一宮市（苅安賀駅）で、緊張型頭痛や首こりについて自分でできることを探している方へ。

首や肩の負担は、姿勢や同じ動作の積み重ねで少しずつたまると考えられています。

今日からできるセルフケア
・画面の高さを目線に近づけ、あごを引きすぎない
・30〜60分ごとに席を立ち、肩をゆっくり回す
・入浴などで首まわりを冷やさないようにする
・深く息を吐いて、肩の力が抜ける感覚を確かめる
・枕やクッションの高さが合っているか見直す

こうしたセルフケアで変化が乏しければ、ご相談ください。当院ではKIRIN整体の視点で、関節と筋膜の動き、足裏〜骨盤〜背骨の姿勢のつながり、呼吸の状態を確認します。頭痛の診断や薬については、医師・薬剤師にご相談ください。

※突然の激しい頭痛、手足のまひやしびれ、ろれつが回らない、物が二重に見える、発熱と首の硬直、意識の異常がある場合は、すぐ救急要請または医療機関を受診してください。

愛知県一宮市（名鉄尾西線・苅安賀駅）で緊張型頭痛・首こりの方は、一宮整骨院〜Seri〜へご相談ください。詳しくは下記の記事もご覧ください。"
kenshoen-massage-B,246,腱鞘炎・ばね指,B,腱鞘炎のセルフマッサージ｜やさしく行う範囲と注意点,https://ichinomiyaseitaiin.com/blog/kenshoen-massage/,2026-10-08,"愛知県一宮市（苅安賀駅）で、腱鞘炎のセルフマッサージを安全に行うために自分でできることを探している方へ。

痛む場所を避け、周りの筋肉をゆるめる程度にとどめるのが基本と考えられます。

今日からできるセルフケア
・痛む腱の上は押さず、前腕の筋肉をやさしくさする
・入浴後など温まった時に、力を入れず行う
・ツボは軽く触れる程度で、痛みを感じたらやめる
・1回数分程度にして、やり過ぎない
・終わった後に痛みが増えていないか確認する

続けても変化が乏しい場合は、ご相談ください。当院では、KIRIN整体の視点で手首や指の関節・筋膜の動き、肩や背骨を含めた姿勢のつながりを確認します。

※強い腫れや熱感、しびれ、指が引っかかって動かない場合は、マッサージを中止して整形外科を受診してください。

愛知県一宮市（名鉄尾西線・苅安賀駅）で腱鞘炎のセルフケアでお悩みの方は、一宮整骨院〜Seri〜へご相談ください。詳しくは下記の記事もご覧ください。"
hiza-running-tennis-B,128,膝痛,B,スポーツで膝が痛い時のセルフケアと休み方｜一宮市・苅安賀駅,https://ichinomiyaseitaiin.com/blog/hiza-running-tennis/,,"愛知県一宮市（苅安賀駅）で、ランニングやテニスでの膝の痛みについて自分でできることを探している方へ。

痛みを我慢して続けると、負担が積み重なることがあると考えられます。練習量や動き方、用具を見直しましょう。

今日からできる動作別セルフケア
・痛みが出る日は、走る距離やプレー時間を減らす
・運動の前後に、足首や股関節をゆっくり動かす
・靴のすり減りやサイズが合っているか確認する
・硬い路面が続く場合は、走る場所を変えてみる
・切り返しでは、膝とつま先の向きをそろえる意識を持つ

セルフケアで変化が乏しければご相談ください。当院ではKIRIN整体の視点で、膝の関節や筋膜の動き、足裏から骨盤・背骨の姿勢や巡りを確認します。

※膝に水がたまる、強い腫れや熱感がある、急な激痛や不安定感がある場合は、早めに整形外科を受診してください。

愛知県一宮市（名鉄尾西線・苅安賀駅）でスポーツ時の膝の痛みにお悩みの方は、一宮整骨院〜Seri〜へご相談ください。詳しくは下記の記事もご覧ください。"
jiritsu-zutsu-B,426,自律神経,B,頭痛と自律神経｜一宮で意識したい生活リズム・呼吸・巡りのセルフケア,https://ichinomiyaseitaiin.com/blog/jiritsu-zutsu/,2027-01-07,"愛知県一宮市（苅安賀駅）で、頭痛とうまく付き合うために自分でできることを探している方へ。

頭痛には首肩の緊張や生活リズム、睡眠、ストレスなどが関わることがあると考えられます。ただし種類の診断は医師の役割ですので、気になる頭痛は一度医療機関で相談するのが安心です。

生活リズムと呼吸で意識したいこと
・起きる時間と寝る時間を大きくずらさない
・水分をこまめにとり、食事を抜かないようにする
・長時間の画面作業では、こまめに休憩を入れる
・首から肩を温め、ゆっくり長く息を吐く
・頭痛が出た日の状況をメモして、傾向を把握する

セルフケアで変化が乏しいときは、ご相談ください。当院では、KIRIN整体の視点で首・肩・背骨の動きや姿勢、呼吸の状態を確認し、生活面のご相談にのります。自律神経の診断や治療、薬の相談は行いません。

※突然の激しい頭痛、手足の麻痺やしびれ、ろれつが回らない、物が二重に見える、発熱と首の硬直、意識がおかしいなどの場合は、すぐに救急要請か受診を。

愛知県一宮市（名鉄尾西線・苅安賀駅）で頭痛のセルフケアや生活のご相談は、一宮整骨院〜Seri〜へご相談ください。詳しくは下記の記事もご覧ください。"
gyaku-fukuatsu-B,366,逆流性食道炎×姿勢,B,腹圧を減らす工夫｜一宮・苅安賀駅で逆流性食道炎と向き合う生活のヒント,https://ichinomiyaseitaiin.com/blog/gyaku-fukuatsu/,2026-12-08,"愛知県一宮市（苅安賀駅）で、お腹まわりの圧を減らす工夫を探している方へ。

前かがみの姿勢、締め付けの強い服、食べ過ぎ、浅い呼吸は、腹圧を高める要因になると考えられます。普段の習慣から見直してみましょう。

今日からできるセルフケア
・食事は腹八分目にして、ゆっくり噛んで食べる
・ベルトやウエストまわりをゆるめに整える
・重い物を持つときは、息を止めず体を起こして持つ
・座るときは背中を丸めすぎず、骨盤を立てる
・1日数回、鼻から吸って口から長く吐く呼吸を行う

セルフケアで変化が乏しいときは、ご相談ください。当院では、KIRIN整体の視点で姿勢や骨盤の動き、呼吸の様子を確認し、生活面のご相談に応じます。逆流性食道炎は業務範囲外のため、診断・薬・治療は医師（消化器内科等）の役割になります。

※体重減少、飲み込みにくさ、吐血や黒い便、続く胸の痛みがあるときは、すぐに医療機関（消化器内科等）を受診してください。強い胸痛や息苦しさは救急要請も検討を。

愛知県一宮市（名鉄尾西線・苅安賀駅）で腹圧や姿勢が気になる方は、一宮整骨院〜Seri〜へご相談ください。詳しくは下記の記事もご覧ください。"
tennishiji-kintore-B,198,テニス肘・ゴルフ肘,B,テニス肘の再発予防のためのセルフケアと注意点（一宮市）,https://ichinomiyaseitaiin.com/blog/tennishiji-kintore/,,"愛知県一宮市（苅安賀駅）で、テニス肘の再発予防について、自分でできることを探している方へ。

痛みが落ち着いたあとも、同じ負担が続くと再び痛みが出やすいと考えられます。

今日からできる再発予防の工夫
・運動の前に、前腕や肩を軽く動かして体を温める
・痛みが出ない軽い負荷から始め、急に強くしない
・物を持つときは、手首だけでなく体全体で支える
・同じ動作が続く作業は、こまめに休憩を入れる
・運動後は、前腕をやさしく伸ばして疲れをためない

セルフケアで変化が乏しければ、一度ご相談ください。当院ではKIRIN整体の視点で、肘だけでなく、関節や筋膜の動き、足裏から骨盤・背骨へのつながりや姿勢・巡りを確認します。

※強い痛み、しびれ、腫れ・熱感、肘が動かしにくいなどの症状がある場合は、早めに整形外科を受診してください。

愛知県一宮市（名鉄尾西線・苅安賀駅）でテニス肘の再発予防を考えているという方は、一宮整骨院〜Seri〜へご相談ください。詳しくは下記の記事もご覧ください。"
yakyuhiji-naoshikata-B,18,野球肘,B,野球肘の予防・ストレッチ・受診目安｜自分でできること｜一宮市,https://ichinomiyaseitaiin.com/blog/yakyuhiji-naoshikata/,,"愛知県一宮市（苅安賀駅）で、野球肘の予防やストレッチ、受診の目安を探している方へ。

肘に負担が集中しないよう、全身の動きを整える意識が大切と考えられます。

今日からできる予防とセルフケア
・痛みが出ている間は、投球を控えて医師の指示を優先する
・肩まわりや胸、股関節のストレッチを、痛みのない範囲で行う
・足首や股関節の柔らかさを保ち、下半身を使った投球を意識する
・練習後は肘や肩の状態を確認し、違和感を記録する
・休養日を設け、睡眠をしっかりとる

痛みが続く、繰り返す、変化が乏しいときは、早めに整形外科へご相談ください。当院では、KIRIN整体の視点で肘だけでなく肩甲骨や体幹、足裏から骨盤・背骨の動きや姿勢・巡りを確認し、医療機関での診断や指示と並行して補完的に関わります。

※強い痛み、肘が伸びない・曲がらない、しびれがある場合は、ただちに整形外科を受診してください。

愛知県一宮市（名鉄尾西線・苅安賀駅）で野球肘の予防にお悩みの方は、一宮整骨院〜Seri〜へご相談ください。詳しくは下記の記事もご覧ください。"
yakyukata-kintore-B,56,野球肩,B,野球肩の筋トレ前に整えたいこと｜一宮市・苅安賀駅の肩ケア,https://ichinomiyaseitaiin.com/blog/yakyukata-kintore/,,"愛知県一宮市（苅安賀駅）で、野球肩の筋トレに取り組む前に自分でできることを探している方へ。

筋トレは、関節や筋膜が動きやすい状態で行うほうが、狙った筋肉に負荷が入りやすいと考えられます。

筋トレで意識したいこと
・痛みがない範囲で、軽い負荷から始める
・肩甲骨や体幹、下半身も一緒に鍛える
・回数よりもフォームを優先する
・トレーニング後は、肩まわりをゆっくり動かして整える
・週のうちに休む日を設け、疲労をためない

痛みが出る、左右差が強いなどの場合は、ご相談ください。当院では、KIRIN整体の視点で、肩だけでなく肩甲骨・背骨・骨盤・足裏までのつながりを見ながら、関節や筋膜の動き、姿勢や巡りを確認します。診断や治療は医療機関の役割ですので、受診と並行して補完的にお手伝いします。

※強い痛みや夜間痛、肩の可動域が急に狭くなったときは、セルフケアを続けず、早めに整形外科を受診してください。

愛知県一宮市（名鉄尾西線・苅安賀駅）で野球肩の方は、一宮整骨院〜Seri〜へご相談ください。詳しくは下記の記事もご覧ください。"
kokansetsu-ninshin-sango-B,92,股関節痛,B,妊娠中・産後の股関節痛｜家庭で意識したい体の使い方,https://ichinomiyaseitaiin.com/blog/kokansetsu-ninshin-sango/,,"愛知県一宮市（苅安賀駅）で、妊娠中・産後の股関節痛について自分でできることを探している方へ。

この時期は体が大きく変化するため、無理をせず、日常の動作をやさしく見直すことが大切と考えられます。

家庭で意識したいこと
・横向きで寝るときは、脚の間にクッションを挟む
・立ち上がる前に体の向きを整え、ゆっくり動く
・抱っこや授乳は、背もたれやクッションで支えを作る
・片足に体重をかけた立ち方や、足を組む座り方を減らす
・痛みが強い日は家事を分け、休む時間を確保する

セルフケアで変化が乏しければ、ご相談ください。当院ではKIRIN整体の視点で、関節や筋膜の動き、足裏から骨盤・背骨の姿勢と巡りを、体への負担に配慮して確認します。

※強い痛み、出血、お腹の張り、しびれ、歩くのが難しい場合は、医療機関を受診してください。

愛知県一宮市（名鉄尾西線・苅安賀駅）で妊娠中・産後の股関節痛にお困りの方は、一宮整骨院〜Seri〜へご相談ください。詳しくは下記の記事もご覧ください。"
gojukata-tsubo-B,488,五十肩,B,五十肩のツボ押しを試す前に｜時期別の注意と安全な進め方,https://ichinomiyaseitaiin.com/blog/gojukata-tsubo/,2027-02-06,"愛知県一宮市（苅安賀駅）で、五十肩のツボ押しなど自分でできることを探している方へ。

ツボ押しは補助的なセルフケアの一つです。痛みの強い急性期は刺激に敏感なため、時期に合わせた加減が欠かせません。

ツボ押しを行う時の注意点
・痛みが強い時期は、痛む部分を避けて周辺をやさしく触れる程度にする
・押す強さは「少し心地よい」程度、1か所30秒ほどまで
・入浴後など体が温まった時に、呼吸を止めず行う
・押した後に痛みが増したら、強さや回数を減らして中止する
・ツボだけに頼らず、痛みの出ない範囲で日常の動きも保つ

変化が乏しい場合は、ご相談ください。当院ではKIRIN整体の視点で、肩関節・肩甲骨まわりの筋膜の動き、背骨や骨盤の姿勢、呼吸の状態を確認し、日常で取り入れやすいケアをお伝えします。診断や画像検査、注射・投薬・手術の判断は医師の役割です。

※夜間痛が強い、痛みが長引く、発熱や胸の痛みを伴う場合は医療機関を受診してください。胸の痛みや息苦しさが強い時は救急要請を。

愛知県一宮市（名鉄尾西線・苅安賀駅）で五十肩のセルフケアに迷う方は、一宮整骨院〜Seri〜へご相談ください。詳しくは下記の記事もご覧ください。"
zutsu-kincho-coffee-B,308,緊張型頭痛・首こり,B,コーヒー・カフェインとの付き合い方と首肩のセルフケア｜一宮市,https://ichinomiyaseitaiin.com/blog/zutsu-kincho-coffee/,2026-11-09,"愛知県一宮市（苅安賀駅）で、頭痛とカフェインについて自分でできることを探している方へ。

コーヒーは気分転換になる一方、量や時間帯によっては睡眠や体調に影響する場合があります。頭痛の背景には首や肩の緊張もあると考えられているため、あわせて見直しましょう。

家庭で意識したいこと
・1日に飲む量と時間帯を記録する
・夕方以降のカフェインは控えめにする
・急に量を変えず、少しずつ調整する
・コーヒーと一緒に水やお茶もこまめにとる
・休憩のたびに肩の力を抜き、ゆっくり息を吐く

見直しても頭痛や首肩の張りが続く場合は、ご相談ください。当院ではKIRIN整体の視点で、首・背骨・骨盤の動きや姿勢、呼吸の状態を確認します。頭痛薬とカフェインの関係は、薬剤師・医師にご相談ください。

※突然の激しい頭痛、手足のまひやしびれ、ろれつが回らない、物が二重に見える、発熱と首の硬直、意識の異常がある場合は、すぐ救急要請または医療機関を受診してください。

愛知県一宮市（名鉄尾西線・苅安賀駅）で頭痛・首こりの方は、一宮整骨院〜Seri〜へご相談ください。詳しくは下記の記事もご覧ください。"
kenshoen-hochi-B,248,腱鞘炎・ばね指,B,腱鞘炎が長引く時に見直したいこと｜一宮市での受診目安つき,https://ichinomiyaseitaiin.com/blog/kenshoen-hochi/,2026-10-09,"愛知県一宮市（苅安賀駅）で、長引く腱鞘炎について自分でできることを探している方へ。

痛みが続く背景には、手の使い方や姿勢の癖が関わっていると考えられます。まずは日々の習慣を見直してみましょう。

家庭で意識したいこと
・痛む動作を書き出し、減らせるものを探す
・作業の合間に1時間に1回は手を休める
・スマホやパソコンの使い方、持ち方を見直す
・荷物は手首ではなく腕全体で持つ
・夜の痛みや朝のこわばりの程度を記録する

2週間ほど続けても変化が乏しい場合は、整形外科で診察を受けてください。当院では、医療機関での診断を前提に、KIRIN整体の視点で手指の関節・筋膜の動き、肩や背骨を含めた姿勢のつながりを確認します。

※指が引っかかって動かない、強い腫れや熱感、しびれがある場合は、早めに整形外科を受診してください。

愛知県一宮市（名鉄尾西線・苅安賀駅）で腱鞘炎が長引いてお悩みの方は、一宮整骨院〜Seri〜へご相談ください。詳しくは下記の記事もご覧ください。"
jiritsu-suimin-B,428,自律神経,B,眠りと自律神経｜一宮で今日から整える生活リズムと呼吸のセルフケア,https://ichinomiyaseitaiin.com/blog/jiritsu-suimin/,2027-01-08,"愛知県一宮市（苅安賀駅）で、眠りを整えるために自分でできることを探している方へ。

睡眠は、光を浴びる時間や食事、運動、緊張のゆるめ方など、日中の過ごし方とつながっていると考えられます。夜だけで何とかしようとせず、一日の流れで見直すのがひとつの考え方です。

生活リズムを整える習慣
・朝は起きたらカーテンを開けて光を浴びる
・起床時間を休日もなるべくそろえる
・夕方以降はカフェインを控えめにする
・入浴は就寝の1〜2時間前にゆっくり温まる
・寝床では息を長めに吐き、肩やお腹の力を抜く

数週間続けても変化が乏しいときは、ご相談ください。当院では、KIRIN整体の視点で首肩・背骨・呼吸の状態を確認し、生活面のご相談にのります。睡眠障害や自律神経の診断・治療、薬の相談は行いません。

※強い日中の眠気、いびきと呼吸の停止、気分の落ち込みが続く、動悸や息苦しさ、胸の痛みがある場合は、早めに医療機関を受診してください。

愛知県一宮市（名鉄尾西線・苅安賀駅）で睡眠や生活リズムのご相談は、一宮整骨院〜Seri〜へどうぞ。詳しくは下記の記事もご覧ください。"
gyaku-seikatsu-B,368,逆流性食道炎×姿勢,B,生活習慣の見直しポイント｜一宮・苅安賀駅で逆流性食道炎と向き合う,https://ichinomiyaseitaiin.com/blog/gyaku-seikatsu/,2026-12-09,"愛知県一宮市（苅安賀駅）で、胸やけと付き合いながら自分でできる生活の工夫を探している方へ。

毎日の小さな習慣の積み重ねが、体の負担に関わると考えられます。できることから無理なく始めましょう。

今日からできるセルフケア
・食事は就寝の2〜3時間前までにすませる
・一度に食べ過ぎず、ゆっくりよく噛む
・背中を丸めたままの姿勢を長く続けない
・軽い散歩など、無理のない範囲で体を動かす
・睡眠時間を確保し、リラックスできる時間を持つ

続けても変化が乏しいときは、ご相談ください。当院では、KIRIN整体の視点で姿勢、呼吸、体の使い方を確認し、生活のご相談に応じます。逆流性食道炎は業務範囲外の疾患のため、診断・検査・薬・治療は医師にご相談ください。

※体重減少、飲み込みにくさ、吐血や黒い便、続く胸の痛みがあるときは、すぐに医療機関（消化器内科等）を受診してください。強い胸痛や息苦しさは救急要請も検討を。

愛知県一宮市（名鉄尾西線・苅安賀駅）で生活習慣の見直しを考えている方は、一宮整骨院〜Seri〜へご相談ください。詳しくは下記の記事もご覧ください。"
od-nanika-shindan-B,164,起立性調節障害,B,受診前に家庭でできる準備｜起立性調節障害は何科？一宮市,https://ichinomiyaseitaiin.com/blog/od-nanika-shindan/,,"愛知県一宮市（苅安賀駅）で、受診前に家庭でできる準備を探している保護者の方へ。

診察の場では、普段の様子を具体的に伝えられると、医師が状態を把握しやすくなると考えられます。受診に向けて、落ち着いて情報を整理しておきましょう。

受診前に整理しておきたいこと
・朝の体調、起床と就寝の時刻を数日分メモする
・症状が強い時間帯や、立ち上がったときの様子を記録する
・食事や水分、睡眠の状況を簡単にまとめる
・お子さん本人が感じていることを、責めずに聞いておく
・学校での様子や欠席・遅刻の状況も伝えられるようにする

受診後の生活面で迷うことがあれば、ご相談ください。当院では医療機関の受診と並行して、KIRIN整体の視点で関節・筋膜の動きや姿勢・巡りを確認し、生活のご相談をお受けします。

※失神、強い頭痛、胸の痛み、動悸が強い場合は、早めに医療機関を受診してください。

愛知県一宮市（名鉄尾西線・苅安賀駅）で病院選びや受診前の準備にお悩みの方は、一宮整骨院〜Seri〜へご相談ください。詳しくは下記の記事もご覧ください。"
hiza-sara-shita-B,130,膝痛,B,膝の皿の下の痛み 動作別セルフケア｜一宮市・苅安賀駅の整骨院,https://ichinomiyaseitaiin.com/blog/hiza-sara-shita/,,"愛知県一宮市（苅安賀駅）で、膝のお皿の下の痛みについて自分でできることを探している方へ。

この部分は、歩く・階段・しゃがむなどの動作で繰り返し負担がかかりやすい場所と考えられます。

今日からできる動作別セルフケア
・階段の下りは手すりを使い、ゆっくり足をおろす
・深くしゃがむ動作やジャンプは痛みのある間は控える
・運動の前後に、太ももの前を無理のない範囲でゆるめる
・靴はクッション性や足への合い具合を確認する
・痛む部分を強く押したり、長時間冷やしすぎたりしない

セルフケアで変化が乏しければご相談ください。当院ではKIRIN整体の視点で、膝の関節や筋膜の動き、足裏から骨盤・背骨の姿勢や巡りを確認します。

※膝に水がたまる、強い腫れや熱感がある、急な激痛や不安定感がある場合は、早めに整形外科を受診してください。

愛知県一宮市（名鉄尾西線・苅安賀駅）で膝のお皿の下の痛みにお悩みの方は、一宮整骨院〜Seri〜へご相談ください。詳しくは下記の記事もご覧ください。"
tennishiji-massage-B,200,テニス肘・ゴルフ肘,B,テニス肘のマッサージ・ツボ押しをやさしく行うセルフケア,https://ichinomiyaseitaiin.com/blog/tennishiji-massage/,,"愛知県一宮市（苅安賀駅）で、テニス肘のマッサージやツボ押しについて、自分でできることを探している方へ。

肘の痛みがある時期は、強い刺激を避けて、やさしく行うことが大切と考えられます。

やさしく行うセルフケア
・痛む場所は、強く押さず触れる程度にとどめる
・前腕全体を手のひらで包むように、ゆっくりさするようにほぐす
・入浴時など体が温まっているときに行う
・痛みが強まるときは、すぐにやめる
・終わったあとは、力を抜いて手首を軽く動かす

セルフケアで変化が乏しければ、一度ご相談ください。当院ではKIRIN整体の視点で、肘だけでなく、関節や筋膜の動き、足裏から骨盤・背骨へのつながりや姿勢・巡りを確認します。

※強い痛み、しびれ、腫れ・熱感、肘が動かしにくいなどの症状がある場合は、早めに整形外科を受診してください。

愛知県一宮市（名鉄尾西線・苅安賀駅）でテニス肘のマッサージやツボ押しで迷っているという方は、一宮整骨院〜Seri〜へご相談ください。詳しくは下記の記事もご覧ください。"
yakyuhiji-nezumi-B,20,野球肘,B,肘の引っかかりが気になるときの受診目安と家庭での注意｜一宮市,https://ichinomiyaseitaiin.com/blog/yakyuhiji-nezumi/,,"愛知県一宮市（苅安賀駅）で、野球肘の「ねずみ」が気になり、自分でできることを探している方へ。

肘の引っかかりは、関節内の状態に関わる場合があるため、自己判断で動かし続けないことが大切と考えられます。

家庭で意識したいこと
・肘がカクッとなる、動かなくなる動作を記録しておく
・引っかかる動作を無理に繰り返さない
・痛みや違和感があるうちは、投球を控える
・肩甲骨や股関節、体幹の硬さは痛みのない範囲でほぐす
・練習再開は医師の指示を待ち、自己判断で行わない

違和感を繰り返す場合や、休んでも変化が乏しい場合は、早めに整形外科で画像検査を受けてください。当院では、KIRIN整体の視点で肘だけでなく全身の関節・筋膜の動きや姿勢・巡りを確認し、医療機関での診断や指示と並行して補完的に関わります。

※強い痛み、肘が伸びない・曲がらない、引っかかり、しびれがある場合は、ただちに整形外科を受診してください。

愛知県一宮市（名鉄尾西線・苅安賀駅）で野球肘の引っかかりにお悩みの方は、一宮整骨院〜Seri〜へご相談ください。詳しくは下記の記事もご覧ください。"
gojukata-atatameru-B,490,五十肩,B,五十肩の温め方・冷やし方｜時期別セルフケアの進め方,https://ichinomiyaseitaiin.com/blog/gojukata-atatameru/,2027-02-07,"愛知県一宮市（苅安賀駅）で、五十肩の温め・冷やしについて自分でできることを探している方へ。

五十肩は急性期・拘縮期・回復期で状態が変わり、楽に感じる方法も変わると考えられています。

時期別セルフケアのポイント
・痛みが強く熱っぽい時期は、保冷剤をタオルで包み10分程度まで
・こわばりが主体の時期は、入浴や蒸しタオルで肩まわりを温める
・どちらも直接肌に当てず、やけど・冷やし過ぎに注意する
・行った後に痛みが増したら、その方法は中止する
・温めた後は、痛みの出ない範囲で軽く動かす

変化が乏しい場合は、ご相談ください。当院ではKIRIN整体の視点で、肩関節・肩甲骨まわりの筋膜の動き、背骨や骨盤の姿勢、呼吸の状態を確認し、今の時期に合った過ごし方をお伝えします。診断や画像検査、注射・投薬・手術の判断は医師の役割です。

※夜間痛が強い、痛みが長引く、発熱や胸の痛みを伴う場合は医療機関を受診してください。胸の痛みや息苦しさが強い時は救急要請を。

愛知県一宮市（名鉄尾西線・苅安賀駅）で五十肩の温め方に迷う方は、一宮整骨院〜Seri〜へご相談ください。詳しくは下記の記事もご覧ください。"
kubikori-toha-B,310,緊張型頭痛・首こり,B,首こりを感じた日に家庭で意識したいこと｜スマホ・PC姿勢｜一宮市,https://ichinomiyaseitaiin.com/blog/kubikori-toha/,2026-11-10,"愛知県一宮市（苅安賀駅）で、首こりについて自分でできることを探している方へ。

首は重い頭を支えているため、前かがみの姿勢が続くと負担がたまりやすいと考えられています。

今日からできるセルフケア
・スマホは目の高さに近づけて持つ
・パソコンの画面は、目線がやや下になる高さに調整する
・30〜60分ごとに立ち上がり、肩をゆっくり回す
・入浴で体を温め、ゆっくり息を吐く
・睡眠時の枕の高さが合っているかを見直す

こうしたセルフケアで変化が乏しければ、ご相談ください。当院ではKIRIN整体の視点で、関節と筋膜の動き、足裏〜骨盤〜背骨の姿勢のつながり、呼吸の状態を確認します。診断や検査が必要と思われる場合は、医療機関の受診をおすすめします。

※手足のしびれや力の入りにくさ、強い痛みが続く、突然の激しい頭痛、ろれつが回らない、発熱と首の硬直がある場合は、すぐ救急要請または医療機関を受診してください。

愛知県一宮市（名鉄尾西線・苅安賀駅）で首こりの方は、一宮整骨院〜Seri〜へご相談ください。詳しくは下記の記事もご覧ください。"
kenshoen-seitai-B,250,腱鞘炎・ばね指,B,腱鞘炎を整骨院に相談する前に｜一宮市でできるセルフケアと目安,https://ichinomiyaseitaiin.com/blog/kenshoen-seitai/,2026-10-10,"愛知県一宮市（苅安賀駅）で、腱鞘炎について自分でできることを探している方へ。

手を使う機会が多いと、腱まわりに負担がたまりやすいと考えられます。まずは日常の手の使い方を見直すところから始めましょう。

今日からできるセルフケア
・長時間の作業は、30分に一度は手を止めて休む
・スマホは片手持ちを避け、両手で支える
・手首を反らせたままの姿勢で作業を続けない
・痛む部位を強く押したり揉んだりしない
・入浴後など、手がゆるんだ時に指を軽く動かす

数日続けても変化が乏しい場合は、ご相談ください。当院では、KIRIN整体の視点で手首や指だけでなく、肩・背中・骨盤の動きや姿勢のクセも確認し、手元への負担のかかり方を一緒に整理します。診断や注射、投薬、手術が必要かどうかの判断は、整形外科など医療機関の役割です。

※指が引っかかって動かない、強い腫れや熱感、しびれ、急な激しい痛みがある場合は、早めに整形外科を受診してください。

愛知県一宮市（名鉄尾西線・苅安賀駅）で腱鞘炎のセルフケアや相談先をお探しの方は、一宮整骨院〜Seri〜へご相談ください。詳しくは下記の記事もご覧ください。"
jiritsu-memai-B,430,自律神経,B,ふらつきが気になる時の生活の工夫｜一宮で姿勢・呼吸・水分のセルフケア,https://ichinomiyaseitaiin.com/blog/jiritsu-memai/,2027-01-09,"愛知県一宮市（苅安賀駅）で、ふらつきが気になり、自分でできることを探している方へ。

ふらつきには、医療機関での確認が必要な原因が隠れていることもあります。そのうえで、医師から問題ないと言われた場合に、日々の姿勢・呼吸・水分のとり方を見直すのがひとつの考え方です。

家庭で意識したいこと
・起き上がるときは、いったん座ってからゆっくり立つ
・水分と食事をこまめにとり、空腹や脱水を避ける
・首を急に大きく回さず、ゆっくり動かす
・長く同じ姿勢が続いたら立って体を動かす
・息を長く吐いて、緊張をゆるめる時間をつくる

生活を整えても気になるときは、まず医療機関で相談を。そのうえで体の使い方が気になる場合は、ご相談ください。当院では、KIRIN整体の視点で首肩・背骨・骨盤まわりの動きや呼吸の状態を確認します。めまいの診断や治療は行いません。

※突然の強いめまい、ろれつが回らない、手足のしびれや麻痺、激しい頭痛、胸の痛み、意識が遠のく場合は、すぐに救急要請を。

愛知県一宮市（名鉄尾西線・苅安賀駅）で姿勢や生活のご相談は、一宮整骨院〜Seri〜へどうぞ。詳しくは下記の記事もご覧ください。"
gyaku-shokuji-B,370,逆流性食道炎×姿勢,B,食べ方の工夫｜一宮・苅安賀駅で考える逆流性食道炎の食事と姿勢のセルフケア,https://ichinomiyaseitaiin.com/blog/gyaku-shokuji/,2026-12-10,"愛知県一宮市（苅安賀駅）で、食事の取り方について自分でできることを探している方へ。

避けたい食べ物や食べ方は人によって違うと考えられますが、姿勢や食べるペースなど、共通して意識しやすい点もあります。

家庭で意識したいこと
・腹八分目を目安に、食べ過ぎを避ける
・ゆっくり噛み、食事に時間をかける
・猫背で食べず、骨盤を立てて座って食べる
・脂っぽいものや刺激の強いものは量と頻度を控えめにする
・就寝直前の食事を避け、時間に余裕を持たせる

気をつけても変化が乏しいときは、ご相談ください。当院では、KIRIN整体の視点で座る姿勢や呼吸の様子を確認し、生活のご相談に応じます。逆流性食道炎は業務範囲外の疾患で、診断・薬・治療は医師（消化器内科等）の役割です。食事内容は医師や管理栄養士にもご相談ください。

※体重減少、飲み込みにくさ、吐血や黒い便、続く胸の痛みがあるときは、すぐに医療機関（消化器内科等）を受診してください。強い胸痛や息苦しさは救急要請も検討を。

愛知県一宮市（名鉄尾西線・苅安賀駅）で食事と姿勢が気になる方は、一宮整骨院〜Seri〜へご相談ください。詳しくは下記の記事もご覧ください。"
kokansetsu-rentgen-ijounashi-B,94,股関節痛,B,レントゲン異常なしの股関節痛｜日常でできる見直しポイント,https://ichinomiyaseitaiin.com/blog/kokansetsu-rentgen-ijounashi/,,"愛知県一宮市（苅安賀駅）で、レントゲンで異常なしと言われた股関節痛について、自分でできることを探している方へ。

画像で大きな異常が見つからなくても、日々の動作の負担が痛みに関わっていることがあると考えられます。生活の中でできる見直しを挙げます。

今日からできるセルフケア
・痛みが出る動作や時間帯を記録する
・同じ姿勢を続けず、こまめに体勢を変える
・足を組む、片足重心の立ち方を減らす
・歩くときは足裏全体で着地し、歩幅を広げすぎない
・入浴などで体を温め、筋肉の緊張をゆるめる

セルフケアで変化が乏しければ、ご相談ください。当院ではKIRIN整体の視点で、関節や筋膜の動き、姿勢や巡りのバランスを確認します。検査や診断は医療機関の役割です。

※痛みが強くなる、しびれが出る、歩行が難しい場合は、再度整形外科を受診してください。

愛知県一宮市（名鉄尾西線・苅安賀駅）でレントゲン異常なしの股関節痛にお困りの方は、一宮整骨院〜Seri〜へご相談ください。詳しくは下記の記事もご覧ください。"
yakyukata-kokotsu-stretch-B,58,野球肩,B,野球肩の肩甲骨ストレッチのやり方｜一宮市・苅安賀駅,https://ichinomiyaseitaiin.com/blog/yakyukata-kokotsu-stretch/,,"愛知県一宮市（苅安賀駅）で、野球肩と肩甲骨について自分でできることを探している方へ。

肩甲骨は、背骨や胸郭、骨盤とつながって動きます。肩甲骨だけでなく、全身のつながりで捉えることが大切です。

今日からできるセルフケア
・四つ這いで、背中を丸める・反らす動きをゆっくり行う
・壁に手をつき、胸を開いて肩甲骨を寄せる
・両腕を前後にゆっくり回し、痛みのない範囲で動かす
・呼吸を止めず、息を吐きながら行う
・痛みが出たら、その場で中止する

ストレッチで変化が乏しいときは、ご相談ください。当院では、KIRIN整体の視点で、肩だけでなく肩甲骨・背骨・骨盤・足裏までのつながりを見ながら、関節や筋膜の動き、姿勢や巡りを確認します。診断や治療は医療機関の役割ですので、受診と並行して補完的にお手伝いします。

※強い痛みや夜間痛、肩の可動域が急に狭くなったときは、セルフケアを続けず、早めに整形外科を受診してください。

愛知県一宮市（名鉄尾西線・苅安賀駅）で野球肩の方は、一宮整骨院〜Seri〜へご相談ください。詳しくは下記の記事もご覧ください。"
gojukata-neru-B,492,五十肩,B,五十肩で眠れない夜に｜寝方の工夫と家庭で意識したいこと,https://ichinomiyaseitaiin.com/blog/gojukata-neru/,2027-02-08,"愛知県一宮市（苅安賀駅）で、五十肩の寝方について自分でできることを探している方へ。

夜間は肩の圧迫や腕の位置で痛みが出やすいため、寝る環境を整えることが助けになる場合があります。

家庭で意識したいこと
・仰向けでは、痛む側の腕の下にクッションやタオルを入れて支える
・横向きなら、痛くない側を下にし、抱き枕などで痛む側の腕を預ける
・枕は首が反りすぎたり、肩が詰まったりしない高さに調整する
・寝る前に肩まわりを冷やし過ぎないよう、室温や肩の保温に気を配る
・日中、同じ姿勢を長く続けず、こまめに体を動かす

工夫しても変化が乏しい場合は、ご相談ください。当院ではKIRIN整体の視点で、肩関節・肩甲骨まわりの筋膜の動き、背骨や骨盤の姿勢、呼吸の状態を確認し、日常で取り入れやすい工夫をお伝えします。診断や画像検査、注射・投薬・手術の判断は医師の役割です。

※夜間痛が強くて眠れない状態が続く、痛みが長引く、発熱や胸の痛みを伴う場合は医療機関を受診してください。胸の痛みや息苦しさが強い時は救急要請を。

愛知県一宮市（名鉄尾西線・苅安賀駅）で五十肩の寝方に迷う方は、一宮整骨院〜Seri〜へご相談ください。詳しくは下記の記事もご覧ください。"
kubikori-zutsu-B,312,緊張型頭痛・首こり,B,首こりからくる頭のつらさへ｜姿勢・首肩をゆるめるセルフケア｜一宮市,https://ichinomiyaseitaiin.com/blog/kubikori-zutsu/,2026-11-11,"愛知県一宮市（苅安賀駅）で、首こりと頭痛について自分でできることを探している方へ。

首や後頭部の筋肉の緊張が、頭の重さにつながる場合があると考えられています。首だけでなく、姿勢全体を見直しましょう。

今日からできるセルフケア
・あごが前に出ていないか、時々鏡で確認する
・後頭部の下に手を当て、力を抜いて深呼吸する
・肩を上げてストンと落とす動きを数回くり返す
・長時間同じ姿勢を避け、こまめに体を動かす
・湯船につかり、首まわりを冷やさないようにする

セルフケアで変化が乏しければ、ご相談ください。当院ではKIRIN整体の視点で、首・背骨・骨盤の動きや姿勢、呼吸の状態を確認します。頭痛の診断や薬については、医師・薬剤師にご相談ください。

※突然の激しい頭痛、手足のまひやしびれ、ろれつが回らない、物が二重に見える、発熱と首の硬直、意識の異常がある場合は、すぐ救急要請または医療機関を受診してください。

愛知県一宮市（名鉄尾西線・苅安賀駅）で首こり・頭痛の方は、一宮整骨院〜Seri〜へご相談ください。詳しくは下記の記事もご覧ください。"
kenshoen-tekubi-B,252,腱鞘炎・ばね指,B,手首の腱鞘炎を自宅でケア｜受診の目安も一宮市の整骨院が解説,https://ichinomiyaseitaiin.com/blog/kenshoen-tekubi/,2026-10-11,"愛知県一宮市（苅安賀駅）で、手首の腱鞘炎について自分でできることを探している方へ。

手首は細かな動きが多く、キーボード操作や家事で負担がかかりやすい部位と考えられます。無理を続けないことが基本になります。

今日からできるセルフケア
・作業中は手首を曲げ過ぎず、まっすぐに近い位置を保つ
・こまめに休憩を入れ、手のひらを軽く開閉して力を抜く
・重い物は手首だけで持たず、両手や腕全体で支える
・サポーターを使う場合は補助として、締め付け過ぎない
・痛みが強い日は、手首を使う作業量を減らす

セルフケアで変化が乏しければ、ご相談ください。当院では、KIRIN整体の視点で手首・前腕の動きに加え、肩や背中、足裏から骨盤・背骨へのつながりも確認します。診断や注射、投薬、手術の判断は整形外科など医療機関の役割です。サポーターは治療ではなく補助とお考えください。

※手首の強い腫れ、熱感、しびれ、急な激しい痛みがある場合は、早めに整形外科を受診してください。

愛知県一宮市（名鉄尾西線・苅安賀駅）で手首の腱鞘炎のセルフケアをお探しの方は、一宮整骨院〜Seri〜へご相談ください。詳しくは下記の記事もご覧ください。"
jiritsu-douki-B,432,自律神経,B,息苦しさを感じる時の呼吸と姿勢｜一宮で生活から見直すセルフケア,https://ichinomiyaseitaiin.com/blog/jiritsu-douki/,2027-01-10,"愛知県一宮市（苅安賀駅）で、息苦しさや動悸が気になり、自分でできることを探している方へ。

動悸や息苦しさは、まず医療機関で原因を確認することが大切です。そのうえで問題ないと言われた場合に、呼吸の浅さや猫背、緊張の持続などを見直すのがひとつの考え方です。

呼吸と生活で意識したいこと
・背中を丸めすぎず、胸まわりに余裕をつくる姿勢を意識する
・鼻からゆっくり吸い、吐く息を長めにする
・カフェインやお酒は量とタイミングを控えめにする
・睡眠時間を確保し、疲れをためない
・緊張する場面の前後に、肩の力を抜く時間をとる

こうした工夫で変化が乏しいときは、ご相談ください。当院では、KIRIN整体の視点で胸郭・背骨・肩まわりの動きや呼吸の状態を確認し、生活のご相談にのります。動悸や自律神経の診断・治療は行いません。

※胸の痛みや締めつけ、強い息苦しさ、冷や汗、意識が遠のく、脈が乱れる場合は、ためらわず救急要請を。

愛知県一宮市（名鉄尾西線・苅安賀駅）で呼吸や姿勢のご相談は、一宮整骨院〜Seri〜へどうぞ。詳しくは下記の記事もご覧ください。"
gyaku-nomimono-B,372,逆流性食道炎×姿勢,B,飲み物との付き合い方｜一宮・苅安賀駅で逆流性食道炎の生活習慣を見直す,https://ichinomiyaseitaiin.com/blog/gyaku-nomimono/,2026-12-11,"愛知県一宮市（苅安賀駅）で、飲み物の選び方について自分でできることを探している方へ。

コーヒー、お酒、炭酸、甘い飲み物などは、量やタイミングによって体への負担が変わると考えられます。飲み方の工夫から始めてみましょう。

家庭で意識したいこと
・空腹時のコーヒーや、就寝前の飲酒を控える
・一度にたくさん飲まず、少しずつゆっくり飲む
・炭酸飲料や冷たすぎる飲み物は量を控えめにする
・水やお茶など、自分の体に合う飲み物を見つける
・飲んだあとすぐに横にならず、上体を起こして過ごす

工夫しても変化が乏しいときは、ご相談ください。当院では、KIRIN整体の視点で姿勢や呼吸の様子を確認し、生活のご相談に応じます。逆流性食道炎は業務範囲外の疾患のため、診断・薬・治療は医師の役割です。飲酒やカフェインの制限については医師にもご相談ください。

※体重減少、飲み込みにくさ、吐血や黒い便、続く胸の痛みがあるときは、すぐに医療機関（消化器内科等）を受診してください。強い胸痛や息苦しさは救急要請も検討を。

愛知県一宮市（名鉄尾西線・苅安賀駅）で飲み物と姿勢が気になる方は、一宮整骨院〜Seri〜へご相談ください。詳しくは下記の記事もご覧ください。"
tennishiji-nanika-B,202,テニス肘・ゴルフ肘,B,テニス肘は何科へ？受診前に確認したいことと目安｜一宮,https://ichinomiyaseitaiin.com/blog/tennishiji-nanika/,,"愛知県一宮市（苅安賀駅）で、テニス肘の受診先や、受診前に自分でできることを探している方へ。

肘の外側の痛みは、使い方の負担が積み重なって出ることが多いと考えられています。ただし、首や肩、神経など別の部位が関わる場合もあるため、痛みの出方を整理して伝えることが大切です。

受診前に確認したいこと
・どの動作で痛むか（握る、持ち上げる、ひねる）をメモする
・痛みが出始めた時期と、きっかけを思い出す
・痛みが強い動作は、いったん控える
・肘まわりを冷やす、休めるなど無理のない範囲で様子を見る
・使っている道具や仕事の動作を振り返る

数日休んでも変化が乏しい場合や、日常生活に支障がある場合は、医療機関への相談をおすすめします。当院では、KIRIN整体の視点で関節・筋膜の動きや姿勢・巡りを確認し、診察と並行した体の使い方のご相談を受けています。

※しびれ、腫れ、強い痛み、肘が伸ばせない場合は、早めに整形外科を受診してください。

愛知県一宮市（名鉄尾西線・苅安賀駅）でテニス肘の受診先に迷っている方は、一宮整骨院〜Seri〜へご相談ください。詳しくは下記の記事もご覧ください。"
yakyuhiji-nobinai-B,22,野球肘,B,野球肘で肘が伸びない時の予防ケアと受診の目安｜一宮市,https://ichinomiyaseitaiin.com/blog/yakyuhiji-nobinai/,,"愛知県一宮市（苅安賀駅）で、野球肘で肘が伸びない・曲げると痛い時に自分でできることを探している方へ。

肘だけでなく、肩甲骨や体幹、下半身の使い方が負担に関わることもあると考えられます。

今日からできる予防・セルフケア
・痛みがある間は投球や強い負荷を控える
・入浴後など体が温まった時に、痛みのない範囲で肩や股関節をゆっくり動かす
・前腕の張りは、軽くさする程度にとどめる
・練習量や休養日を、指導者や家族と相談する
・痛みの経過をメモして受診時に伝える

セルフケアで変化が乏しい場合はご相談ください。当院ではKIRIN整体の視点で、関節や筋膜の動き、姿勢や巡りを確認します。肩甲骨や体幹、足裏から骨盤・背骨のつながりも含めて見ていきます。痛みの背景を整理したうえで、ご自宅での工夫もお伝えします。

※強い痛み、肘が伸びない・曲がらない、しびれがある場合は、早めに整形外科を受診してください。

愛知県一宮市（名鉄尾西線・苅安賀駅）で野球肘にお悩みの方は、一宮整骨院〜Seri〜へご相談ください。詳しくは下記の記事もご覧ください。"
hiza-seiza-shagamu-B,132,膝痛,B,正座・しゃがむ時の膝の痛み 動作別セルフケア｜一宮市・苅安賀駅,https://ichinomiyaseitaiin.com/blog/hiza-seiza-shagamu/,,"愛知県一宮市（苅安賀駅）で、正座やしゃがむ時の膝の痛みについて自分でできることを探している方へ。

深く曲げる動作は、膝だけでなく股関節や足首の動きにも左右されます。

今日からできる動作別の工夫
・正座の代わりに座椅子や低い椅子を使う
・しゃがむ時は片手を台やひざに添えて支える
・床の物を拾う時は、片膝立ちで体重を分散する
・立ち上がる前に足首をゆっくり動かして準備する
・痛みが出る深さまでは曲げず、楽な範囲で動く

数週間続けても変化が乏しい場合は、早めにご相談ください。一宮整骨院〜Seri〜では、KIRIN整体の視点で関節と筋膜の動きや姿勢、巡りの状態を確認し、膝に負担がかかりやすい体の使い方を一緒に見直します。

※膝に水がたまる、強い腫れや熱感、急な激痛や膝が不安定になる感じがある場合は、早めに整形外科を受診してください。

愛知県一宮市（名鉄尾西線・苅安賀駅）で正座やしゃがむ時の膝の痛みでお困りの方は、一宮整骨院〜Seri〜へご相談ください。詳しくは下記の記事もご覧ください。"
od-naoshikata-B,166,起立性調節障害,B,起立性調節障害の子へ家庭でできる関わり方｜一宮市・苅安賀駅,https://ichinomiyaseitaiin.com/blog/od-naoshikata/,,"愛知県一宮市（苅安賀駅）で、起立性調節障害（OD）のお子さんのために家庭でできることを探している保護者の方へ。

ODは朝に症状が出やすく、本人もつらさを抱えていると考えられます。医師の診察や指示を前提に、家庭では負担を減らす関わりを意識したいところです。

家庭で意識したいこと
・医療機関で受けた説明や指示を家族で共有する
・就寝・起床の時間をできる範囲でそろえる
・起き上がるときはゆっくり、段階的に動く
・医師から指示があれば、その範囲で水分や食事を整える
・「頑張れ」より「つらいね」と気持ちを受け止める

こうした工夫を続けても様子が変わらないときは、まず医療機関へご相談ください。当院では、医療機関と並行する補完的な立場として、KIRIN整体の視点で姿勢・呼吸・巡りの状態や関節・筋膜の動きを確認し、生活のご相談をお聞きします。

※失神・胸痛・強い動悸・激しい頭痛・食事や水分がとれない状態、強い落ち込みや「消えてしまいたい」といった言葉があるときは、早めに医療機関を受診し、緊急性が高い場合は救急要請をしてください。

愛知県一宮市（名鉄尾西線・苅安賀駅）で起立性調節障害のお子さんの関わり方にお悩みの方は、一宮整骨院〜Seri〜へご相談ください。詳しくは下記の記事もご覧ください。"
gojukata-nichijou-B,494,五十肩,B,五十肩の着替え・洗髪・家事の工夫｜家庭で意識したいこと,https://ichinomiyaseitaiin.com/blog/gojukata-nichijou/,2027-02-09,"愛知県一宮市（苅安賀駅）で、五十肩の日常動作について自分でできることを探している方へ。

五十肩の時期は、腕を上げる・後ろに回す動きが難しくなりがちです。動作を工夫して、肩への負担を減らしましょう。

家庭で意識したいこと
・前開きの服や、ゆとりのある服を選ぶ
・着る時は痛む側から、脱ぐ時は痛くない側から
・洗髪は前かがみになり、腕を高く上げずに洗う
・よく使う物は、腰から胸の高さに置く
・重い物は体に近づけて、両手で持つ

工夫しても動作の難しさが続く場合は、ご相談ください。当院ではKIRIN整体の視点で、肩関節・肩甲骨まわりの筋膜の動き、背骨や骨盤の姿勢、呼吸の状態を確認し、日常動作での体の使い方をお伝えします。診断や画像検査、注射・投薬・手術の判断は医師の役割です。

※夜間痛が強い、痛みが長引く、発熱や胸の痛みを伴う場合は医療機関を受診してください。胸の痛みや息苦しさが強い時は救急要請を。

愛知県一宮市（名鉄尾西線・苅安賀駅）で五十肩の日常動作に迷う方は、一宮整骨院〜Seri〜へご相談ください。詳しくは下記の記事もご覧ください。"
kubikori-kaisho-B,314,緊張型頭痛・首こり,B,首こりを和らげる今日からできるセルフケア｜一宮市・苅安賀駅,https://ichinomiyaseitaiin.com/blog/kubikori-kaisho/,2026-11-12,"愛知県一宮市（苅安賀駅）で、首こりについて自分でできることを探している方へ。

首こりは生活習慣や姿勢が積み重なって起こると考えられるため、無理なく続けられる工夫が大切です。

今日からできるセルフケア
・作業の合間に、肩をゆっくり上げ下げする
・画面との距離と高さを調整する
・入浴やホットタオルで首まわりを温める
・息をゆっくり吐く腹式呼吸を数回行う
・就寝前のスマホ時間を短くし、睡眠を確保する

痛みが出る動きは無理に続けないでください。セルフケアで変化が乏しければ、ご相談ください。当院ではKIRIN整体の視点で、関節と筋膜の動き、足裏〜骨盤〜背骨の姿勢のつながり、呼吸の状態を確認します。診断や検査が必要な場合は、医療機関の受診をおすすめします。

※手足のしびれや力の入りにくさ、強い痛みが続く、突然の激しい頭痛、ろれつが回らない、発熱と首の硬直がある場合は、すぐ救急要請または医療機関を受診してください。

愛知県一宮市（名鉄尾西線・苅安賀駅）で首こりの方は、一宮整骨院〜Seri〜へご相談ください。詳しくは下記の記事もご覧ください。"
kenshoen-oyayubi-B,254,腱鞘炎・ばね指,B,親指の腱鞘炎のセルフケアと注意点｜一宮市の整骨院から,https://ichinomiyaseitaiin.com/blog/kenshoen-oyayubi/,2026-10-12,"愛知県一宮市（苅安賀駅）で、親指の腱鞘炎について自分でできることを探している方へ。

親指は日常のほとんどの動作に関わるため、痛みがあっても使い続けてしまいがちです。負担を減らす工夫が大切と考えられます。

今日からできるセルフケア
・スマホは親指だけで操作せず、置いて使う時間を増やす
・ものをつまむ時は、指先だけに力を集中させない
・抱っこや荷物は、手首を反らせず体に近づけて持つ
・テーピングやサポーターは補助として使い、きつく巻かない
・痛む部位を強くもみ込まない

セルフケアで変化が乏しければ、ご相談ください。当院では、KIRIN整体の視点で親指と手首の動き、前腕から肩・背中にかけてのつながり、姿勢のクセを確認します。診断や注射、投薬、手術の判断は整形外科など医療機関の役割で、サポーターやテーピングは治療ではありません。

※手首の親指側に強い腫れや熱感がある、親指が動かしにくい、しびれがある場合は、早めに整形外科を受診してください。

愛知県一宮市（名鉄尾西線・苅安賀駅）で親指の腱鞘炎のセルフケアをお探しの方は、一宮整骨院〜Seri〜へご相談ください。詳しくは下記の記事もご覧ください。"
jiritsu-icho-B,434,自律神経,B,胃腸の調子が気になる時の生活習慣｜一宮で姿勢・呼吸・食べ方のセルフケア,https://ichinomiyaseitaiin.com/blog/jiritsu-icho/,2027-01-11,"愛知県一宮市（苅安賀駅）で、胃腸の調子を整えるために自分でできることを探している方へ。

胃腸は緊張や睡眠、食事の時間、姿勢の影響を受けやすいと考えられます。ただし症状が続くときは病気が隠れていることもあるため、医療機関での確認が大切です。

今日からできるセルフケア
・食事の時間をそろえ、ゆっくりよく噛んで食べる
・食べ過ぎ、遅い時間の食事、早食いを控える
・前かがみの姿勢が続いたら、背すじを伸ばして休む
・お腹に力を入れず、息を吐いて体をゆるめる
・湯船で体を温め、リラックスする時間をつくる

セルフケアで変化が乏しいときは、まず医療機関で相談を。そのうえで姿勢や呼吸が気になる場合は、ご相談ください。当院では、KIRIN整体の視点で背骨・肋骨・骨盤まわりの動きと呼吸の状態を確認します。内臓の治療は行いません。

※体重の急な減少、血を吐く、黒い便や血便、飲み込みにくさ、強い腹痛、発熱を伴う場合は、早めに医療機関を受診してください。

愛知県一宮市（名鉄尾西線・苅安賀駅）で姿勢や生活のご相談は、一宮整骨院〜Seri〜へどうぞ。詳しくは下記の記事もご覧ください。"
gyaku-shokugo-B,374,逆流性食道炎×姿勢,B,食後の過ごし方のセルフケア｜一宮・苅安賀駅で逆流性食道炎と姿勢を考える,https://ichinomiyaseitaiin.com/blog/gyaku-shokugo/,2026-12-12,"愛知県一宮市（苅安賀駅）で、食後の過ごし方について自分でできることを探している方へ。

食後すぐの姿勢や動き方は、胃への負担に関わると考えられます。ちょっとした習慣の見直しから始めましょう。

今日からできるセルフケア
・食後すぐに横にならず、上体を起こして過ごす
・背中を丸めたまま座り込まず、骨盤を立てる
・食後しばらくしてから、ゆったり散歩する
・激しい運動や前かがみの作業は少し時間をあける
・ゆっくり息を吐く呼吸で、リラックスして過ごす

続けても変化が乏しいときは、ご相談ください。当院では、KIRIN整体の視点で姿勢や呼吸の様子、腹圧に関わる体の使い方を確認し、生活のご相談に応じます。逆流性食道炎は業務範囲外の疾患で、診断・検査・薬・治療は医師（消化器内科等）の役割です。

※体重減少、飲み込みにくさ、吐血や黒い便、続く胸の痛みがあるときは、すぐに医療機関（消化器内科等）を受診してください。強い胸痛や息苦しさは救急要請も検討を。

愛知県一宮市（名鉄尾西線・苅安賀駅）で食後の過ごし方が気になる方は、一宮整骨院〜Seri〜へご相談ください。詳しくは下記の記事もご覧ください。"
kokansetsu-running-B,96,股関節痛,B,股関節痛でも走りたい方へ｜ランニング中のセルフケアと歩き方,https://ichinomiyaseitaiin.com/blog/kokansetsu-running/,,"愛知県一宮市（苅安賀駅）で、股関節痛とランニングについて自分でできることを探している方へ。

走る習慣がある方ほど、痛みを我慢して続けてしまいがちです。股関節は動きの要なので、足裏や骨盤の使い方の癖が負担として表れることがあります。

今日からできるセルフケア
・痛みが強い日は走る距離や頻度を減らす
・走る前後に歩いて股関節まわりを温める
・階段や立ち上がりで足裏全体に体重を乗せる
・座りっぱなしを避け、こまめに立って動く
・走った後はお尻や太ももの張りを無理なくゆるめる

セルフケアで変化が乏しければ、ご相談ください。当院では、KIRIN整体の視点で関節・筋膜の動きや、足裏〜骨盤〜背骨のつながり、姿勢・巡りを確認します。

※強い痛み、安静時の痛み、しびれ、歩行が困難な場合は走るのをやめ、整形外科を受診してください。

愛知県一宮市（名鉄尾西線・苅安賀駅）でランニング中の股関節痛にお悩みの方は、一宮整骨院〜Seri〜へご相談ください。詳しくは下記の記事もご覧ください。"
yakyukata-naoranai-B,60,野球肩,B,野球肩が長引く子へ 投球フォームとインナーマッスルのケア,https://ichinomiyaseitaiin.com/blog/yakyukata-naoranai/,,"愛知県一宮市（苅安賀駅）で、野球肩が長引くお子さんのために家庭でできることを探している保護者の方へ。

肩の痛みには、投球フォームの乱れや肩のインナーマッスルの使い方、体全体の連動が関わると考えられています。

今日からできるケアのポイント
・痛みがある間は投げる量を減らし、指導者にも状況を伝える
・入浴後など体が温まったときに、肩甲骨まわりをやさしく動かす
・インナーマッスルの運動は痛みの出ない範囲の軽い負荷にとどめる
・投球後は肩を休ませ、体を冷やしすぎない
・睡眠と食事で体の回復を支える

こうしたケアを続けても変化が乏しい場合は、ご相談ください。当院では、KIRIN整体の視点で関節や筋膜の動き、足裏から骨盤・背骨への姿勢・巡りの連動を確認します。診断や治療が必要な状態かどうかは、整形外科での受診が前提です。

※夜間も続く痛み、腕が上がらない、強い痛みがある場合は、早めに整形外科を受診してください。

愛知県一宮市（名鉄尾西線・苅安賀駅）で野球肩のケアを探している方は、一宮整骨院〜Seri〜へご相談ください。詳しくは下記の記事もご覧ください。"
tennishiji-naoranai-B,204,テニス肘・ゴルフ肘,B,テニス肘が長引く方へ｜家庭で意識したい使い方の見直し,https://ichinomiyaseitaiin.com/blog/tennishiji-naoranai/,,"愛知県一宮市（苅安賀駅）で、長引くテニス肘について自分でできることを探している方へ。

テニス肘は、肘の使い過ぎだけでなく、日々の動作のくせや疲労の積み重ねが重なって続くことがあると考えられます。痛みが落ち着いたように見えても、同じ動作で再び出ることも少なくありません。

家庭で意識したいこと
・物を持つときは、手首だけでなく体全体で支える
・長時間のパソコンやスマホ操作では、こまめに手を休める
・痛む側の腕だけに頼らず、左右の使い方を見直す
・ストレッチは痛みを我慢せず、心地よい範囲にとどめる
・睡眠と休養の時間をしっかり確保する

こうしたセルフケアで変化が乏しいときは、ご相談ください。当院では、KIRIN整体の視点で関節・筋膜の動きや姿勢・巡りを確認します。診断や治療が必要な場合は医療機関の役割となります。

※しびれ、腫れ、強い痛み、夜も眠れないほどの痛みがある場合は、早めに整形外科を受診してください。

愛知県一宮市（名鉄尾西線・苅安賀駅）で長引くテニス肘にお悩みの方は、一宮整骨院〜Seri〜へご相談ください。詳しくは下記の記事もご覧ください。"
yakyuhiji-rentgen-B,24,野球肘,B,野球肘で異常なしと言われた後の過ごし方｜一宮市・苅安賀駅,https://ichinomiyaseitaiin.com/blog/yakyuhiji-rentgen/,,"愛知県一宮市（苅安賀駅）で、野球肘のレントゲンで異常なしと言われた後、自分でできることを探している方へ。

異常なしでも痛みが残る場合、肘以外の体の使い方が関わっていることもあると考えられます。

家庭で意識したいこと
・痛みがあるうちは、全力投球を控える
・痛みの出る動作や時間帯を記録しておく
・肩や股関節、背中まわりを痛みのない範囲でゆっくり動かす
・睡眠と休養を十分にとる
・痛みが続く場合は、医師に経過を伝える

こうしたケアで変化が乏しい時はご相談ください。当院ではKIRIN整体の視点で、関節や筋膜の動き、姿勢や巡りを確認します。肩甲骨や体幹、足裏から骨盤・背骨のつながりも含めて見ていきます。痛みの背景を整理したうえで、ご自宅での工夫もお伝えします。

※強い痛み、肘が伸びない・曲がらない、しびれがある場合は、早めに整形外科を受診してください。

愛知県一宮市（名鉄尾西線・苅安賀駅）で野球肘にお悩みの方は、一宮整骨院〜Seri〜へご相談ください。詳しくは下記の記事もご覧ください。"
gojukata-kenkohagashi-B,496,五十肩,B,肩甲骨まわりのセルフケア｜五十肩の時期に無理なく動かす方法,https://ichinomiyaseitaiin.com/blog/gojukata-kenkohagashi/,2027-02-10,"愛知県一宮市（苅安賀駅）で、五十肩の肩甲骨まわりについて自分でできることを探している方へ。

肩甲骨の動きは腕の上げ下げに関わります。ただ、痛みの強い時期は強い動きを避け、落ち着いてから少しずつ、が基本と考えられています。

時期を意識したセルフケア
・急性期は、肩甲骨を無理に動かさず、楽な姿勢で休ませる
・落ち着いてきたら、肩をゆっくりすくめて、ストンと力を抜く
・背中を丸めたり反らしたりする小さな動きを、痛みの出ない範囲で
・腕を無理に後ろへ引く、反動をつけた動きは避ける
・行った後に痛みが増したら、回数や強さを減らす

変化が乏しい場合は、ご相談ください。当院ではKIRIN整体の視点で、肩関節・肩甲骨まわりの筋膜の動き、背骨や骨盤の姿勢、呼吸の状態を確認し、今の時期に合った動かし方をお伝えします。診断や画像検査、注射・投薬・手術の判断は医師の役割です。

※夜間痛が強い、痛みが長引く、発熱や胸の痛みを伴う場合は医療機関を受診してください。胸の痛みや息苦しさが強い時は救急要請を。

愛知県一宮市（名鉄尾西線・苅安賀駅）で五十肩のセルフケアに迷う方は、一宮整骨院〜Seri〜へご相談ください。詳しくは下記の記事もご覧ください。"
kubikori-stretch-B,316,緊張型頭痛・首こり,B,首こりストレッチ｜無理なく行うセルフケアの手順と注意｜一宮市,https://ichinomiyaseitaiin.com/blog/kubikori-stretch/,2026-11-13,"愛知県一宮市（苅安賀駅）で、首こりのストレッチについて自分でできることを探している方へ。

首は細かな筋肉が多く、強い力をかけると負担になる場合があります。気持ちよい範囲で行うのが基本です。

今日からできるセルフケア
・椅子に座り、背すじを軽く伸ばして始める
・息を吐きながら、頭をゆっくり横に傾ける
・伸びを感じる位置で10〜20秒保ち、反動はつけない
・肩甲骨を寄せて下げる動きも合わせて行う
・痛みやしびれが出たら、すぐにやめる

続けても変化が乏しければ、ご相談ください。当院ではKIRIN整体の視点で、首・背骨・骨盤の動きや姿勢、呼吸の状態を確認します。診断や検査が必要な場合は、医療機関の受診をおすすめします。

※手足のしびれや力の入りにくさ、強い痛みが続く、突然の激しい頭痛、ろれつが回らない、発熱と首の硬直がある場合は、すぐ救急要請または医療機関を受診してください。

愛知県一宮市（名鉄尾西線・苅安賀駅）で首こりの方は、一宮整骨院〜Seri〜へご相談ください。詳しくは下記の記事もご覧ください。"
kenshoen-yubi-B,256,腱鞘炎・ばね指,B,指の腱鞘炎のセルフケアと受診目安｜一宮市の整骨院,https://ichinomiyaseitaiin.com/blog/kenshoen-yubi/,2026-10-13,"愛知県一宮市（苅安賀駅）で、指の腱鞘炎について自分でできることを探している方へ。

指の付け根に違和感が出始めた時期は、使い方を見直すタイミングと考えられます。引っかかりを無理に動かして戻す動作は避けましょう。

日常で意識したいこと
・長く握る作業（工具・調理・スポーツなど）の合間に手を開いて休む
・指の付け根を強くもんだり、ぐりぐり押したりしない
・引っかかる指を無理に反動をつけて伸ばさない
・入浴後など手が温まった時に、指をゆっくり動かす
・サポーターやテーピングを使う場合は、補助として圧迫し過ぎない

変化が乏しい時は、ご相談ください。当院では、KIRIN整体の視点で指・手首だけでなく、肩や背中、姿勢や足裏から骨盤へのつながりも確認し、手元に負担が集まる要因を探します。診断、注射、投薬、手術の判断は整形外科など医療機関の役割です。

※指の引っかかりが強く、伸びなくなる（ロッキング）、強い腫れや熱感がある場合は、早めに整形外科を受診してください。

愛知県一宮市（名鉄尾西線・苅安賀駅）で指の腱鞘炎のセルフケアをお探しの方は、一宮整骨院〜Seri〜へご相談ください。詳しくは下記の記事もご覧ください。"
hiza-shippu-B,134,膝痛,B,膝痛の温冷の使い分けと生活の工夫｜一宮市・苅安賀駅の整骨院,https://ichinomiyaseitaiin.com/blog/hiza-shippu/,,"愛知県一宮市（苅安賀駅）で、膝痛の温冷の使い分けについて自分でできることを探している方へ。

湿布だけに頼らず、日常の過ごし方を整えることも大切です。

家庭で意識したいこと
・熱感や腫れがある時は、まず安静にして様子を見る
・熱感がなく、こわばりが主体なら入浴などで温める
・階段や長時間の歩行など、痛みが出る動作を減らす
・座りっぱなしを避け、時々膝をゆっくり曲げ伸ばしする
・湿布は補助として、貼ったままで無理をしない

セルフケアで変化が乏しければ、一度ご相談ください。一宮整骨院〜Seri〜では、KIRIN整体の視点で関節と筋膜の動きや姿勢、巡りの状態を確認し、膝に負担がかかりやすい体の使い方を一緒に見直します。

※膝に水がたまる、強い腫れや熱感、急な激痛や膝が不安定になる感じがある場合は、早めに整形外科を受診してください。

愛知県一宮市（名鉄尾西線・苅安賀駅）で膝痛の温冷や湿布で迷っている方は、一宮整骨院〜Seri〜へご相談ください。詳しくは下記の記事もご覧ください。"
jiritsu-hakike-B,436,自律神経,B,気持ち悪さを感じる時の整え方｜一宮で呼吸・姿勢・生活リズムのセルフケア,https://ichinomiyaseitaiin.com/blog/jiritsu-hakike/,2027-01-12,"愛知県一宮市（苅安賀駅）で、吐き気や気持ち悪さをやわらげる工夫を探している方へ。

吐き気は原因がさまざまなため、続く場合は医療機関での確認が大切です。そのうえで、緊張や疲れ、姿勢、生活リズムを見直すことが、ひとつの考え方になります。

生活リズムと呼吸で意識したいこと
・空腹や食べ過ぎを避け、少量ずつ食事をとる
・水分をこまめにとり、体が冷えすぎないようにする
・首肩がこわばったら、ゆっくり動かしてほぐす
・鼻からゆっくり吸い、吐く息を長めにする
・睡眠時間を確保し、画面を見続ける時間を減らす

こうした工夫で変化が乏しいときは、まず医療機関で相談を。そのうえで姿勢や呼吸が気になる場合は、ご相談ください。当院では、KIRIN整体の視点で首肩・背骨・肋骨まわりの動きや呼吸の状態を確認し、生活のご相談にのります。内臓の治療や自律神経の診断は行いません。

※繰り返す嘔吐、血を吐く、強い頭痛、ろれつが回らない、手足の麻痺、激しい腹痛、意識がおかしい場合は、すぐに救急要請か受診を。

愛知県一宮市（名鉄尾西線・苅安賀駅）で姿勢や生活のご相談は、一宮整骨院〜Seri〜へどうぞ。詳しくは下記の記事もご覧ください。"
gyaku-nekata-B,376,逆流性食道炎×姿勢,B,寝方の工夫セルフケア｜一宮・苅安賀駅で逆流性食道炎の夜を楽に過ごす,https://ichinomiyaseitaiin.com/blog/gyaku-nekata/,2026-12-13,"愛知県一宮市（苅安賀駅）で、夜の寝方について自分でできることを探している方へ。

寝る向きや姿勢によって、お腹の圧迫感や呼吸のしやすさが変わると考えられます。自分に合う体勢を探してみましょう。

家庭で意識したいこと
・食事は就寝の2〜3時間前までにすませる
・楽に感じる向きを探し、体をひねり過ぎない姿勢をとる
・ウエストを締め付けない寝具や服を選ぶ
・寝る前は、ゆっくり息を吐く呼吸で体を休める
・布団に入る直前の飲酒や間食を控える

工夫しても変化が乏しいときは、ご相談ください。当院では、KIRIN整体の視点で背骨や骨盤の動き、呼吸の様子を確認し、生活のご相談に応じます。逆流性食道炎は業務範囲外のため、診断・薬・治療は医師の役割です。寝る向きによる影響は人それぞれなので、気になる症状は医師にもご相談ください。

※体重減少、飲み込みにくさ、吐血や黒い便、続く胸の痛みがあるときは、すぐに医療機関（消化器内科等）を受診してください。強い胸痛や息苦しさは救急要請も検討を。

愛知県一宮市（名鉄尾西線・苅安賀駅）で寝方や姿勢が気になる方は、一宮整骨院〜Seri〜へご相談ください。詳しくは下記の記事もご覧ください。"
od-oya-taio-B,168,起立性調節障害,B,起立性調節障害の家庭での接し方｜生活リズムと声かけのコツ,https://ichinomiyaseitaiin.com/blog/od-oya-taio/,,"愛知県一宮市（苅安賀駅）で、起立性調節障害（OD）のお子さんとの接し方を見直したい保護者の方へ。

ODのお子さんは、体調の波が日や時間帯で大きく変わることがあると考えられます。家庭での関わりは、医療機関の診察や指示と合わせて考えることが前提です。

今日からできる家庭での関わり方
・朝の声かけは短く穏やかにし、責める言葉を避ける
・体調の良い時間帯と悪い時間帯をメモして医師に伝える
・起床後は座ってから立つなど、動作をゆっくりにする
・睡眠の時間帯を、無理のない範囲で整える
・不登校と結びつけて考えすぎず、本人の気持ちを聞く

こうした関わりを続けても、朝起きられない状態が続くときは、医療機関へご相談ください。当院では、治療とは別の補完的なサポートとして、KIRIN整体の視点で姿勢・呼吸・巡りや関節・筋膜の動きを確認し、生活面のご相談をお受けします。

※失神・胸痛・強い動悸・激しい頭痛・食事や水分がとれない状態、強い落ち込みや「消えてしまいたい」といった言葉があるときは、早めに医療機関を受診し、緊急性が高い場合は救急要請をしてください。

愛知県一宮市（名鉄尾西線・苅安賀駅）で起立性調節障害のお子さんとの接し方にお悩みの方は、一宮整骨院〜Seri〜へご相談ください。詳しくは下記の記事もご覧ください。"
kokansetsu-shibire-B,98,股関節痛,B,股関節の痛みとしびれ｜受診の目安と日常で意識したいこと,https://ichinomiyaseitaiin.com/blog/kokansetsu-shibire/,,"愛知県一宮市（苅安賀駅）で、股関節の痛みやしびれについて自分でできることを探している方へ。

しびれは、筋肉の緊張・姿勢・神経の状態など複数の要因が重なることがあり、自己判断が難しい症状です。まずは悪化させない工夫が大切です。

家庭で意識したいこと
・長時間の座位を避け、30分に一度は立ち上がる
・脚を組む、片側に体重をかける癖を減らす
・痛みやしびれが出る動作は控える
・冷えを避け、入浴などで体を温める
・症状が出る場面をメモし、受診時に伝える

変化が乏しければ、ご相談ください。当院では、KIRIN整体の視点で関節・筋膜の動き、足裏〜骨盤〜背骨のつながりや姿勢・巡りを確認します。

※しびれが強まる、足に力が入らない、排尿・排便に異常がある、急な強い痛みがある場合は、すぐに整形外科や救急を受診してください。

愛知県一宮市（名鉄尾西線・苅安賀駅）で股関節の痛みやしびれにお悩みの方は、一宮整骨院〜Seri〜へご相談ください。詳しくは下記の記事もご覧ください。"
gojukata-supporter-B,498,五十肩,B,五十肩のサポーターを使う時のポイント｜時期別セルフケア,https://ichinomiyaseitaiin.com/blog/gojukata-supporter/,2027-02-11,"愛知県一宮市（苅安賀駅）で、五十肩のサポーターの使い方について自分でできることを探している方へ。

サポーターは補助的な道具です。使い方次第で、肩が楽に感じる場合もあれば、動きにくさにつながる場合もあると考えられています。

使い方のポイント
・サイズが合い、締め付けて血流を妨げないものを選ぶ
・痛みが強い急性期や外出時など、使う場面を決める
・着けっぱなしにせず、痛みの出ない範囲で肩を動かす時間を作る
・しびれや腫れ、かぶれが出たら使用を中止する
・サポーターだけに頼らず、姿勢や動かし方も見直す

使っても変化が乏しい場合は、ご相談ください。当院ではKIRIN整体の視点で、肩関節・肩甲骨まわりの筋膜の動き、背骨や骨盤の姿勢、呼吸の状態を確認し、日常での肩の使い方をお伝えします。診断や画像検査、注射・投薬・手術の判断は医師の役割です。

※夜間痛が強い、痛みが長引く、発熱や胸の痛みを伴う場合は医療機関を受診してください。胸の痛みや息苦しさが強い時は救急要請を。

愛知県一宮市（名鉄尾西線・苅安賀駅）で五十肩のサポーターに迷う方は、一宮整骨院〜Seri〜へご相談ください。詳しくは下記の記事もご覧ください。"
kubikori-tsubo-B,318,緊張型頭痛・首こり,B,首こりのツボ押しを行うときの注意とセルフケア｜一宮市,https://ichinomiyaseitaiin.com/blog/kubikori-tsubo/,2026-11-14,"愛知県一宮市（苅安賀駅）で、首こりのツボについて自分でできることを探している方へ。

ツボ押しは、あくまで心地よさを目安にした補助的なセルフケアと考えてください。

今日からできるセルフケア
・入浴後など、体が温まったときに行う
・息を吐きながら、指の腹でゆっくり押す
・「痛気持ちいい」手前の強さにとどめる
・1か所につき数秒ずつ、長く続けない
・しびれや痛みが強まれば、すぐにやめる

続けても変化が乏しければ、ご相談ください。当院ではKIRIN整体の視点で、首・背骨・骨盤の動きや姿勢のつながり、呼吸の状態を確認します。診断や検査が必要な場合は、医療機関の受診をおすすめします。

※手足のしびれや力の入りにくさ、強い痛みが続く、突然の激しい頭痛、ろれつが回らない、発熱と首の硬直がある場合は、すぐ救急要請または医療機関を受診してください。

愛知県一宮市（名鉄尾西線・苅安賀駅）で首こりの方は、一宮整骨院〜Seri〜へご相談ください。詳しくは下記の記事もご覧ください。"
kenshoen-sango-B,258,腱鞘炎・ばね指,B,育児中の腱鞘炎を和らげる工夫｜一宮市の整骨院が提案,https://ichinomiyaseitaiin.com/blog/kenshoen-sango/,2026-10-14,"愛知県一宮市（苅安賀駅）で、産後・育児中の腱鞘炎について自分でできることを探している方へ。

手を完全に休ませることが難しい時期だからこそ、負担を分散させる工夫が役立つと考えられます。

家庭で意識したいこと
・抱っこは赤ちゃんを体に近づけ、腕全体や体幹で支える
・授乳クッションなどを活用し、手首で支える場面を減らす
・おむつ替えやお風呂の時は、手首を反らせ過ぎない
・家族に頼める家事は、短時間でも手を休める機会にする
・サポーターやテーピングは補助として使い、締め付け過ぎない

セルフケアで変化が乏しければ、ご相談ください。当院では、KIRIN整体の視点で手首や親指だけでなく、肩・背中・骨盤の動きや抱っこ姿勢のクセを確認します。診断や注射、投薬、手術の判断は整形外科など医療機関の役割で、サポーターやテーピングは治療ではありません。

※強い腫れや熱感、しびれ、急な激しい痛み、指が動かしにくい症状がある場合は、早めに整形外科を受診してください。

愛知県一宮市（名鉄尾西線・苅安賀駅）で産後・育児の腱鞘炎のセルフケアをお探しの方は、一宮整骨院〜Seri〜へご相談ください。詳しくは下記の記事もご覧ください。"
jiritsu-darusa-B,438,自律神経,B,疲れやすい時の整え方｜一宮で生活リズム・呼吸・巡りのセルフケア,https://ichinomiyaseitaiin.com/blog/jiritsu-darusa/,2027-01-13,"愛知県一宮市（苅安賀駅）で、だるさや疲れやすさに対して自分でできることを探している方へ。

疲れは睡眠や食事、運動量、緊張、姿勢など、いくつかの要素が重なって出ると考えられます。ただし長引くときは病気が隠れていることもあるため、気になる場合は医療機関で確認しましょう。

今日からできるセルフケア
・起きる時間と寝る時間を毎日なるべくそろえる
・朝に光を浴び、日中に軽く体を動かす
・食事を抜かず、水分もこまめにとる
・入浴で体を温め、巡りを意識する
・息を吐く時間を長めにして、力を抜く習慣をつける

数週間続けても変化が乏しいときは、ご相談ください。当院では、KIRIN整体の視点で足裏・骨盤・背骨・首肩の動きや呼吸の状態を確認し、生活のご相談にのります。自律神経の診断や治療は行いません。

※発熱が続く、急な体重の減少、息苦しさ、動悸、胸の痛み、強いめまい、気分の落ち込みが続く場合は、早めに医療機関を受診してください。

愛知県一宮市（名鉄尾西線・苅安賀駅）で生活リズムや姿勢のご相談は、一宮整骨院〜Seri〜へどうぞ。詳しくは下記の記事もご覧ください。"
gyaku-makura-B,378,逆流性食道炎×姿勢,B,枕と上半身の高さの工夫｜一宮・苅安賀駅で逆流性食道炎の寝姿勢セルフケア,https://ichinomiyaseitaiin.com/blog/gyaku-makura/,2026-12-14,"愛知県一宮市（苅安賀駅）で、枕や上半身の高さについて自分でできることを探している方へ。

頭だけを高くすると首が曲がりやすく、肩や首に負担がかかると考えられます。背中から上半身をゆるやかに支える考え方が参考になります。

今日からできるセルフケア
・首だけが折れ曲がらないよう、背中から支える形を意識する
・高さは少しずつ調整し、楽に感じる位置を探る
・枕の高さが合わないと感じたら、無理に続けない
・寝る前に肩と首をゆっくり動かし、力を抜く
・食事は就寝の2〜3時間前までにすませる

調整しても変化が乏しいときは、ご相談ください。当院では、KIRIN整体の視点で首・背中・骨盤の動きや呼吸の様子を確認し、生活のご相談に応じます。逆流性食道炎は業務範囲外の疾患のため、診断・検査・薬・治療は医師（消化器内科等）の役割です。

※体重減少、飲み込みにくさ、吐血や黒い便、続く胸の痛みがあるときは、すぐに医療機関（消化器内科等）を受診してください。強い胸痛や息苦しさは救急要請も検討を。

愛知県一宮市（名鉄尾西線・苅安賀駅）で枕や寝姿勢が気になる方は、一宮整骨院〜Seri〜へご相談ください。詳しくは下記の記事もご覧ください。"
yakyukata-naoshikata-B,62,野球肩,B,野球肩のケアと復帰への流れ 家庭でできる工夫｜一宮市・苅安賀駅,https://ichinomiyaseitaiin.com/blog/yakyukata-naoshikata/,,"愛知県一宮市（苅安賀駅）で、野球肩のケアや復帰の進め方を知りたい方へ。

復帰を焦ると、肩やほかの部位への負担が重なることがあります。医師の判断を軸に、段階を踏んで進める意識が大切です。

家庭で意識したいこと
・痛みが落ち着くまで、全力投球や強い負荷の運動は控える
・医師から許可が出たら、軽いキャッチボールなど負担の少ないものから段階的に
・投球フォームは、コーチや指導者と一緒に見直す
・投球後は肩まわりの疲れを確認し、休養日をしっかりとる
・股関節や体幹など、肩以外の柔軟性にも目を向ける

痛みがぶり返す、ケアを続けても変化が乏しいときはご相談ください。当院では、KIRIN整体の視点で肩だけでなく、関節・筋膜の動きや足裏から背骨までの姿勢・巡りを確認します。

※夜間も続く痛み、腕が上がらない、強い痛みがある場合は、早めに整形外科を受診してください。

愛知県一宮市（名鉄尾西線・苅安賀駅）で野球肩の復帰までのケアを探している方は、一宮整骨院〜Seri〜へご相談ください。詳しくは下記の記事もご覧ください。"
tennishiji-naoshikata-B,206,テニス肘・ゴルフ肘,B,テニス肘の対処法｜今日からできる負担を減らす工夫,https://ichinomiyaseitaiin.com/blog/tennishiji-naoshikata/,,"愛知県一宮市（苅安賀駅）で、テニス肘について自分でできることを探している方へ。

痛みが出ているときは、肘の腱や筋肉に負担が集まっていると考えられます。まずは負担を減らしつつ、体全体の動きを見直すことが大切です。

今日からできるセルフケア
・痛みが強い動作（握る、ひねる、持ち上げる）を減らす
・物を持つときは手のひらを上に向け、両手で支える
・前腕の筋肉をやさしくさすり、力を抜く時間をつくる
・肩や肩甲骨まわりを動かして、腕だけに負担を集めない
・強いマッサージや痛みを我慢するストレッチは避ける

数日続けても変化が乏しいときは、ご相談ください。当院では、KIRIN整体の視点で関節・筋膜の動きや姿勢・巡りを確認します。診断や注射などの治療が必要な場合は、医療機関の役割です。

※しびれ、腫れ、強い痛み、肘を動かしにくい場合は、早めに整形外科を受診してください。

愛知県一宮市（名鉄尾西線・苅安賀駅）でテニス肘の対処法を探している方は、一宮整骨院〜Seri〜へご相談ください。詳しくは下記の記事もご覧ください。"
yakyuhiji-shogakusei-B,26,野球肘,B,小学生の野球肘を防ぐ家庭のケアと受診目安｜一宮市・苅安賀駅,https://ichinomiyaseitaiin.com/blog/yakyuhiji-shogakusei/,,"愛知県一宮市（苅安賀駅）で、小学生の野球肘を防ぐために家庭でできることを探している保護者の方へ。

成長期は、肘だけでなく体全体の使い方や疲労の蓄積が関わると考えられます。

家庭で意識したいこと
・投げたあとに肘の痛みや違和感がないか声をかける
・休養日をつくり、睡眠と食事を整える
・入浴後に、肩や股関節を痛みのない範囲でゆっくり動かす
・複数のチームで投げる場合は、全体の量を把握する
・痛みを訴えたら、我慢させず早めに受診する

こうした関わりで変化が乏しい時はご相談ください。当院ではKIRIN整体の視点で、関節や筋膜の動き、姿勢や巡りを確認します。肩甲骨や体幹、足裏から骨盤・背骨のつながりも含めて見ていきます。痛みの背景を整理したうえで、ご自宅での工夫もお伝えします。

※強い痛み、肘が伸びない・曲がらない、しびれがある場合は、すぐに整形外科を受診してください。

愛知県一宮市（名鉄尾西線・苅安賀駅）で小学生の野球肘にお悩みの方は、一宮整骨院〜Seri〜へご相談ください。詳しくは下記の記事もご覧ください。"
hiza-shurui-type-B,136,膝痛,B,膝痛のタイプ別 日常の工夫と受診の目安｜一宮市・苅安賀駅,https://ichinomiyaseitaiin.com/blog/hiza-shurui-type/,,"愛知県一宮市（苅安賀駅）で、膝痛のタイプ別の過ごし方について自分でできることを探している方へ。

タイプを問わず、膝への負担を減らす工夫は共通して役立ちます。

生活の中で意識したいこと
・痛む動作と楽な動作をメモして傾向を知る
・階段は手すりを使い、ゆっくり上り下りする
・長時間同じ姿勢を続けず、こまめに体勢を変える
・足に合った靴を選び、かかとを踏まない
・体重の負担を考え、急な運動は避ける

気になる状態が続くなら、まずは整形外科での検査をおすすめします。そのうえで当院でも相談いただけます。一宮整骨院〜Seri〜では、KIRIN整体の視点で関節と筋膜の動きや姿勢、巡りの状態を確認し、膝に負担がかかりやすい体の使い方を一緒に見直します。

※膝に水がたまる、強い腫れや熱感、急な激痛や膝が不安定になる感じがある場合は、早めに整形外科を受診してください。

愛知県一宮市（名鉄尾西線・苅安賀駅）で膝痛のタイプ別の対策を知りたい方は、一宮整骨院〜Seri〜へご相談ください。詳しくは下記の記事もご覧ください。"
gojukata-shippu-B,500,五十肩,B,五十肩で湿布を使う前に｜貼り方の注意と家庭で意識したいこと,https://ichinomiyaseitaiin.com/blog/gojukata-shippu/,2027-02-12,"愛知県一宮市（苅安賀駅）で、五十肩の湿布について自分でできることを探している方へ。

湿布は補助的なケアの一つです。貼るだけで済ませず、肩の動かし方や生活の工夫とあわせて考えることが大切です。

家庭で意識したいこと
・薬の種類や使用方法は、医師・薬剤師に相談して選ぶ
・痛む場所に貼り、使用時間や1日の枚数を守る
・かぶれやかゆみ、赤みが出たらすぐに外す
・貼り替え時は肌を休ませ、清潔にしてから貼る
・貼った安心感で無理をせず、痛みの出る動きは控える

湿布だけでは変化が乏しい場合は、ご相談ください。当院ではKIRIN整体の視点で、肩関節・肩甲骨まわりの筋膜の動き、背骨や骨盤の姿勢、呼吸の状態を確認し、日常での肩の使い方をお伝えします。診断や画像検査、注射・投薬・手術の判断は医師の役割です。

※夜間痛が強い、痛みが長引く、発熱や胸の痛みを伴う場合は医療機関を受診してください。胸の痛みや息苦しさが強い時は救急要請を。

愛知県一宮市（名鉄尾西線・苅安賀駅）で五十肩のケアに迷う方は、一宮整骨院〜Seri〜へご相談ください。詳しくは下記の記事もご覧ください。"
kubikori-massage-B,320,緊張型頭痛・首こり,B,首こりのセルフケア｜やさしく行うマッサージと避けたいこと｜一宮市,https://ichinomiyaseitaiin.com/blog/kubikori-massage/,2026-11-15,"愛知県一宮市（苅安賀駅）で、首こりのマッサージについて自分でできることを探している方へ。

首まわりはデリケートな部位です。強さよりも、やさしく続けることを意識しましょう。

今日からできるセルフケア
・入浴後など、体が温まった状態で行う
・手のひらで首の付け根から肩をやさしくさする
・息をゆっくり吐きながら、力を抜いて行う
・強く押す、ひねる、ボキボキ鳴らすことは避ける
・痛みが増す場合はすぐ中止する

続けても変化が乏しければ、ご相談ください。当院ではKIRIN整体の視点で、関節と筋膜の動き、首・背骨・骨盤の姿勢、呼吸の状態を確認します。診断や検査が必要な場合は、医療機関の受診をおすすめします。

※手足のしびれや力の入りにくさ、強い痛みが続く、突然の激しい頭痛、ろれつが回らない、発熱と首の硬直がある場合は、すぐ救急要請または医療機関を受診してください。

愛知県一宮市（名鉄尾西線・苅安賀駅）で首こりの方は、一宮整骨院〜Seri〜へご相談ください。詳しくは下記の記事もご覧ください。"
kenshoen-ansei-B,260,腱鞘炎・ばね指,B,手を休められない時の腱鞘炎セルフケア｜一宮市の整骨院,https://ichinomiyaseitaiin.com/blog/kenshoen-ansei/,2026-10-15,"愛知県一宮市（苅安賀駅）で、腱鞘炎の安静について自分でできることを探している方へ。

完全な安静が難しい場合でも、負担の量と質を見直すことで、手への負担を減らせる可能性があると考えられます。

今日からできるセルフケア
・連続作業を区切り、30分ごとに手を止めて力を抜く
・道具の持ち手を太くするなど、握り込む力を減らす工夫をする
・左右の手で作業を分担し、痛む側だけに負担を集中させない
・サポーターやテーピングは補助として使い、長時間の強い圧迫は避ける
・痛みが強く出る動作は、一時的に別のやり方に置き換える

セルフケアで変化が乏しければ、ご相談ください。当院では、KIRIN整体の視点で手首・指の動きに加え、肩や背中、足裏から骨盤・背骨へのつながり、普段の姿勢を確認します。診断や注射、投薬、手術の判断は整形外科など医療機関の役割であり、サポーターやテーピングは治療ではありません。

※強い腫れや熱感、しびれ、急に強まる痛み、指が動かしにくい症状がある場合は、早めに整形外科を受診してください。

愛知県一宮市（名鉄尾西線・苅安賀駅）で腱鞘炎のセルフケアをお探しの方は、一宮整骨院〜Seri〜へご相談ください。詳しくは下記の記事もご覧ください。"
jiritsu-hie-B,440,自律神経,B,冷え・のぼせ対策の基本｜一宮で今日からできる巡りと呼吸のセルフケア,https://ichinomiyaseitaiin.com/blog/jiritsu-hie/,2027-01-14,"愛知県一宮市（苅安賀駅）で、冷えやのぼせをやわらげる工夫を自分で探している方へ。

冷えやのぼせは、体温調整や血流、生活リズム、筋肉量、緊張などが関わると考えられます。特別なことよりも、毎日の巡りを意識した習慣づくりが大切です。

巡りを意識したセルフケア
・足首・お腹・首元を冷やさない服装にする
・湯船に浸かり、体を芯から温める時間をつくる
・座りっぱなしを避け、ふくらはぎを動かす
・ウォーキングなど軽い運動を日常に取り入れる
・息を長く吐いて、上半身の力みを抜く

セルフケアで変化が乏しいときは、ご相談ください。当院では、KIRIN整体の視点で足裏・足首・骨盤・背骨の動きや呼吸の状態を確認し、生活のご相談にのります。自律神経の診断や治療は行いません。

※片側だけの急な冷えや色の変化、強い痛み、しびれ、動悸、息苦しさ、胸の痛みがある場合は、早めに医療機関を受診してください。

愛知県一宮市（名鉄尾西線・苅安賀駅）で冷えやのぼせのセルフケアをお探しの方は、一宮整骨院〜Seri〜へご相談ください。詳しくは下記の記事もご覧ください。"
gyaku-himan-B,380,逆流性食道炎×姿勢,B,お腹まわりと腹圧のセルフケア｜一宮・苅安賀駅で逆流性食道炎と体重の考え方,https://ichinomiyaseitaiin.com/blog/gyaku-himan/,2026-12-15,"愛知県一宮市（苅安賀駅）で、体重やお腹まわりについて自分でできることを探している方へ。

お腹まわりの負担や姿勢の崩れは、腹圧に関わると考えられます。無理な方法に頼らず、日常の中でできることから始めましょう。

今日からできるセルフケア
・食事は腹八分目にして、ゆっくり噛んで食べる
・夜遅い時間の食事や間食を控えめにする
・無理のない範囲で、散歩など軽い運動を続ける
・座るとき、骨盤を立てて背中を丸めすぎない
・ウエストを締め付ける服やベルトを避ける

続けても変化が乏しいときは、ご相談ください。当院では、KIRIN整体の視点で姿勢や呼吸、体の使い方を確認し、生活のご相談に応じます。逆流性食道炎は業務範囲外の疾患のため、診断・薬・治療は医師の役割です。体重管理は医師や管理栄養士にもご相談ください。

※体重減少、飲み込みにくさ、吐血や黒い便、続く胸の痛みがあるときは、すぐに医療機関（消化器内科等）を受診してください。強い胸痛や息苦しさは救急要請も検討を。

愛知県一宮市（名鉄尾西線・苅安賀駅）で体重やお腹まわり、姿勢が気になる方は、一宮整骨院〜Seri〜へご相談ください。詳しくは下記の記事もご覧ください。"
od-seitai-B,170,起立性調節障害,B,起立性調節障害のお子さんの姿勢・呼吸ケア｜一宮市の整骨院,https://ichinomiyaseitaiin.com/blog/od-seitai/,,"愛知県一宮市（苅安賀駅）で、起立性調節障害（OD）のお子さんの姿勢や呼吸について、自分でできることを探している保護者の方へ。

ODのお子さんは、日中だるさから姿勢が崩れやすく、呼吸が浅くなりがちだと考えられます。ただし、これらは医師の診察を受けたうえで、補助的に見直すものです。

ご家庭で意識したいこと
・椅子では足裏を床につけ、背もたれに深く座る
・ゆっくり息を吐くことを意識する時間を作る
・長く同じ姿勢が続かないよう、こまめに動く
・入浴やストレッチで体を冷やしすぎない工夫をする
・体調の悪い日は無理に取り組まない

変化が乏しいときは、まず医療機関へご相談ください。当院では補完的な立場として、KIRIN整体の視点で関節・筋膜の動きや姿勢・巡りを確認し、生活のご相談をお聞きします。ODの治療を行うものではありません。

※失神・胸痛・強い動悸・激しい頭痛・食事や水分がとれない状態、強い落ち込みや「消えてしまいたい」といった言葉があるときは、早めに医療機関を受診し、緊急性が高い場合は救急要請をしてください。

愛知県一宮市（名鉄尾西線・苅安賀駅）で起立性調節障害のお子さんの姿勢・呼吸にお悩みの方は、一宮整骨院〜Seri〜へご相談ください。詳しくは下記の記事もご覧ください。"
kokansetsu-shippu-B,100,股関節痛,B,股関節痛の湿布｜貼る場所・温める冷やすの使い分け,https://ichinomiyaseitaiin.com/blog/kokansetsu-shippu/,,"愛知県一宮市（苅安賀駅）で、股関節痛の湿布やセルフケアについて知りたい方へ。

温めるか冷やすかは、痛みの状態で考え方が変わります。強い熱感や腫れがある時は冷やし、慢性的なこわばりや冷えを感じる時は温める、という目安が一般的です。

今日からできるセルフケア
・急に痛めた直後や熱感がある時は冷やして様子を見る
・こわばりや冷えが主体の時は入浴などで温める
・湿布は説明書きを確認し、長時間の貼りっぱなしを避ける
・貼る前に皮膚を清潔にし、かぶれが出たら中止する
・痛む動作を減らし、座り方や立ち方を見直す

セルフケアで変化が乏しければ、ご相談ください。当院では、KIRIN整体の視点で関節・筋膜の動きや姿勢・巡りを確認します。

※強い痛み、腫れ・熱感、安静時の痛み、歩行が困難な場合は、早めに整形外科を受診してください。

愛知県一宮市（名鉄尾西線・苅安賀駅）で股関節痛にお悩みの方は、一宮整骨院〜Seri〜へご相談ください。詳しくは下記の記事もご覧ください。"
tennishiji-seitai-B,208,テニス肘・ゴルフ肘,B,テニス肘で整骨院・整体に行く前に｜家庭でできる工夫と目安,https://ichinomiyaseitaiin.com/blog/tennishiji-seitai/,,"愛知県一宮市（苅安賀駅）で、テニス肘について整骨院・整体に行く前に自分でできることを探している方へ。

肘の痛みは、腕だけでなく肩や背中、姿勢の影響を受けることがあると考えられます。まずは日常の負担を減らすことが大切です。

家庭で意識したいこと
・痛みが出る動作を記録し、頻度を減らす
・パソコン作業では、肘や手首を置く高さを見直す
・重い物は片手でなく、両手や体に近づけて持つ
・入浴後など体が温まったときに、腕をやさしく動かす
・肩や背中を動かして、同じ姿勢を続けない

こうした工夫で変化が乏しいときは、ご相談ください。当院では、KIRIN整体の視点で関節・筋膜の動きや姿勢・巡りを確認します。診断が必要な場合は、整形外科での診察をおすすめします。

※しびれ、強い痛み、腫れや熱感、肘が動かしにくい場合は、早めに整形外科を受診してください。

愛知県一宮市（名鉄尾西線・苅安賀駅）でテニス肘のケアで整骨院・整体を検討している方は、一宮整骨院〜Seri〜へご相談ください。詳しくは下記の記事もご覧ください。"
yakyuhiji-sotogawa-B,28,野球肘,B,野球肘の外側の痛み 予防ケアと受診の目安｜一宮市・苅安賀駅,https://ichinomiyaseitaiin.com/blog/yakyuhiji-sotogawa/,,"愛知県一宮市（苅安賀駅）で、野球肘の外側の痛みに自分でできることを探している方へ。

外側の痛みは、軽くても成長期には注意が必要と考えられます。ケアの前に、まず医療機関での確認が安心です。

今日からできる予防・セルフケア
・痛みがある間は投球を控える
・野球肘検診やエコーの機会があれば活用する
・肩甲骨や股関節まわりを、痛みのない範囲でゆっくり動かす
・前腕を強く揉まず、軽くさする程度にする
・痛みの場所や出るタイミングを記録する

セルフケアで変化が乏しければ、ご相談ください。当院ではKIRIN整体の視点で、関節や筋膜の動き、姿勢や巡りを確認します。肩甲骨や体幹、足裏から骨盤・背骨のつながりも含めて見ていきます。痛みの背景を整理したうえで、ご自宅での工夫もお伝えします。

※強い痛み、肘が伸びない・曲がらない、しびれがある場合は、早めに整形外科を受診してください。

愛知県一宮市（名鉄尾西線・苅安賀駅）で野球肘にお悩みの方は、一宮整骨院〜Seri〜へご相談ください。詳しくは下記の記事もご覧ください。"
yakyukata-seitai-B,64,野球肩,B,野球肩のケア 整体に行く前に知りたい自宅での工夫｜一宮市,https://ichinomiyaseitaiin.com/blog/yakyukata-seitai/,,"愛知県一宮市（苅安賀駅）で、野球肩に対して自分でできることを探している方へ。

肩の負担は、投球フォームやインナーマッスルの使い方、体全体の連動が関わると考えられます。整体に行く前にも、日常で意識できることがあります。

今日からできるセルフケア
・痛む間は投げる量を減らし、肩を休ませる
・入浴後に、肩甲骨まわりを痛みの出ない範囲でゆっくり動かす
・股関節や胸まわりのストレッチで、体全体の動きを保つ
・睡眠時は、肩に負担のかかる姿勢を避けて楽な体勢をとる
・投球フォームは、指導者と動画などで一緒に確認する

セルフケアで変化が乏しければ、ご相談ください。当院では、KIRIN整体の視点で関節・筋膜の動きや、足裏から骨盤・背骨への姿勢・巡りを確認します。診断や治療が必要な状態かどうかは、整形外科で判断されます。

※夜間も続く痛み、腕が上がらない、強い痛みがある場合は、早めに整形外科を受診してください。

愛知県一宮市（名鉄尾西線・苅安賀駅）で野球肩のケアや整体を検討している方は、一宮整骨院〜Seri〜へご相談ください。詳しくは下記の記事もご覧ください。"
gojukata-massage-B,502,五十肩,B,五十肩のセルフマッサージ｜時期別の触れ方と一宮市での相談目安,https://ichinomiyaseitaiin.com/blog/gojukata-massage/,2027-02-13,"愛知県一宮市（苅安賀駅）で、五十肩のマッサージについて自分でできることを探している方へ。

五十肩は時期によって肩の状態が異なるため、時期に合わせた触れ方を意識することがポイントと考えられます。

【時期別に意識したい触れ方】
・痛みが強い時期は、肩を揉まずに安静と保温を優先する
・さする場合は、手のひらで軽く、痛みが出ない範囲にとどめる
・動かしにくさが主体の時期は、入浴後など体が温まった時に首や背中をゆるめる
・痛い所を強く押したり、ひねったりしない
・行ったあとに痛みが増すなら、その方法は中止する

数日続けても変化が乏しい場合は、ご相談ください。当院ではKIRIN整体の視点で、肩関節と筋膜の動き、肩甲骨や背骨、呼吸や姿勢のつながりを確認します。

※安静にしていても強い痛みがある、夜間痛で眠れない日が続く、腕に力が入らない、しびれを伴う、発熱や胸の痛みを伴う場合は、早めに医療機関を受診してください。

愛知県一宮市（名鉄尾西線・苅安賀駅）で五十肩のマッサージにお悩みの方は、一宮整骨院〜Seri〜へご相談ください。詳しくは下記の記事もご覧ください。"
kubikori-goods-B,322,緊張型頭痛・首こり,B,首こりグッズを選ぶ前に｜自分でできる工夫と使い方の注意,https://ichinomiyaseitaiin.com/blog/kubikori-goods/,2026-11-16,"愛知県一宮市（苅安賀駅）で、首こりグッズの使い方について自分でできることを探している方へ。

グッズだけに頼らず、姿勢や環境を見直すことも首の負担を減らす助けになると考えられます。

今日からできる工夫
・使用は短時間から始め、強い刺激は避ける
・画面の高さを目線に近づける
・1時間に1回は立って肩を回す
・入浴などで首まわりを温めて緊張をやわらげる
・就寝時に首が反りすぎていないか見直す

工夫を続けても変化が乏しいときは、一度ご相談ください。当院ではKIRIN整体の視点で、関節と筋膜の動き、足裏から骨盤・背骨の姿勢のつながりを確認します。

※突然の激しい頭痛、手足の麻痺やしびれ、ろれつが回らない、物が二重に見える、発熱と首の硬直、意識がおかしいといった場合は、すぐ救急要請や受診をしてください。

愛知県一宮市（名鉄尾西線・苅安賀駅）で首こりでお困りの方は、一宮整骨院〜Seri〜へご相談ください。詳しくは下記の記事もご覧ください。"
baneyubi-toha-B,262,腱鞘炎・ばね指,B,ばね指のセルフケアと受診の目安｜一宮市の整骨院が解説,https://ichinomiyaseitaiin.com/blog/baneyubi-toha/,2026-10-16,"愛知県一宮市（苅安賀駅）で、ばね指について自分でできることを探している方へ。

ばね指は、腱と腱鞘の動きが悪くなることで起こると考えられます。まずは指への負担を減らす日常の工夫が基本です。

今日からできるセルフケア
・握り込む作業（工具・調理・スポーツなど）の合間に手を休める
・指の付け根を強くもんだり、ぐりぐり押したりしない
・引っかかる指を勢いよく反動で伸ばさない
・入浴後など手が温まった時に、指をゆっくり動かす
・サポーターやテーピングは補助として使い、きつく巻かない

数日続けても変化が乏しい場合は、ご相談ください。当院では、KIRIN整体の視点で指や手首に加え、肩・背中・姿勢のつながりを確認します。診断や注射、投薬、手術の判断は整形外科など医療機関の役割であり、サポーターやテーピングは治療ではありません。

※指が曲がったまま伸びない（ロッキング）、強い腫れや熱感がある場合は、早めに整形外科を受診してください。

愛知県一宮市（名鉄尾西線・苅安賀駅）でばね指のセルフケアをお探しの方は、一宮整骨院〜Seri〜へご相談ください。詳しくは下記の記事もご覧ください。"
jiritsu-desk-B,442,自律神経,B,デスクワークとスマホ姿勢の自律神経ケア｜一宮市・苅安賀駅,https://ichinomiyaseitaiin.com/blog/jiritsu-desk/,2027-01-15,"愛知県一宮市（苅安賀駅）で、デスクワーク・スマホ姿勢と自律神経について自分でできることを探している方へ。

長く同じ姿勢が続くと、呼吸が浅くなったり体がこわばったりしやすいと考えられます。日中の過ごし方を少し変えるだけでも、体の感じ方が変わることがあります。

【今日からできるセルフケア】
・1時間に1回は席を立ち、肩や背中を軽く動かす
・画面は目線の高さに近づけ、あごを引きすぎない
・スマホは胸の高さで持ち、首を下げ続けない
・仕事の合間に、4秒吸って6秒吐く呼吸を数回行う
・寝る前は画面を見る時間を短くする

セルフケアで変化が乏しいときは、ご相談ください。当院では、座り姿勢や立ち姿勢、呼吸の入り方、関節・筋膜の動き、足裏〜骨盤〜背骨のつながりをKIRIN整体の視点で確認し、生活のご相談をお受けします。自律神経の診断・治療は医師の役割です。

※動悸・息苦しさ・強いめまい・立ちくらみ・胸の痛みがある場合は、早めに医療機関を受診してください。症状が強いときは救急要請も検討しましょう。

愛知県一宮市（名鉄尾西線・苅安賀駅）でデスクワークやスマホ姿勢が気になる方は、一宮整骨院〜Seri〜へご相談ください。詳しくは下記の記事もご覧ください。"
gyaku-belt-B,382,逆流性食道炎×姿勢,B,ベルト・締め付けと逆流性食道炎｜服装で見直したいこと（一宮市）,https://ichinomiyaseitaiin.com/blog/gyaku-belt/,2026-12-16,"愛知県一宮市（苅安賀駅）で、ベルトや服の締め付けについて自分でできることを探している方へ。

ウエストまわりの締め付けは、腹圧や座り姿勢にも関わるといわれています。生活の中で見直せる点から確認してみましょう。

家庭で意識したいこと
・ベルトは食後に一段ゆるめ、きつく締めすぎない
・ウエストが柔らかい素材のズボンやスカートを選ぶ
・補正下着や硬い帯は、長時間の着用を避ける
・座るときは骨盤を立て、お腹を丸めすぎない

セルフケアを続けても変化が乏しいときは、ご相談ください。当院では逆流性食道炎そのものの診断や治療は行いません。まず医師の診断を受けたうえで、KIRIN整体の視点から姿勢・呼吸・腹圧のかかり方や、日々の生活について一緒に確認します。

※体重の減少、飲み込みにくさ、吐血や黒い便、持続する胸の痛みがある場合は、自己判断せずすぐに医療機関を受診してください。

愛知県一宮市（名鉄尾西線・苅安賀駅）で逆流性食道炎と服装の工夫についてお悩みの方は、一宮整骨院〜Seri〜へご相談ください。詳しくは下記の記事もご覧ください。"
hiza-stretch-B,138,膝痛,B,膝痛の時のストレッチ 安全に行うコツ｜一宮市・苅安賀駅の整骨院,https://ichinomiyaseitaiin.com/blog/hiza-stretch/,,"愛知県一宮市（苅安賀駅）で、膝痛の時のストレッチについて自分でできることを探している方へ。

膝そのものより、周りの筋肉の状態が動きを左右することがあります。

今日からできるセルフケア
・太ももの前側は、壁に手を添え、痛みのない範囲で伸ばす
・太ももの裏は、椅子に浅く座り、足を前に出して伸ばす
・ふくらはぎは、壁を使って呼吸しながらゆっくり伸ばす
・お尻は、仰向けで膝を抱え、無理のない範囲で行う
・痛みが強まるなら、その日は中止する

続けても変化が乏しい場合は、ご相談ください。一宮整骨院〜Seri〜では、KIRIN整体の視点で関節と筋膜の動きや姿勢、巡りの状態を確認し、膝に負担がかかりやすい体の使い方を一緒に見直します。

※膝に水がたまる、強い腫れや熱感、急な激痛や膝が不安定になる感じがある場合は、早めに整形外科を受診してください。

愛知県一宮市（名鉄尾西線・苅安賀駅）で膝痛のストレッチの仕方を知りたい方は、一宮整骨院〜Seri〜へご相談ください。詳しくは下記の記事もご覧ください。"
kokansetsu-soccer-B,102,股関節痛,B,サッカーの股関節痛｜練習後のセルフケアと動作の見直し,https://ichinomiyaseitaiin.com/blog/kokansetsu-soccer/,,"愛知県一宮市（苅安賀駅）で、サッカーによる股関節痛について自分でできることを探している方へ。

キック、ダッシュ、切り返しなど、股関節を酷使する場面が多く、疲労が積み重なると痛みにつながることがあります。ケアの積み重ねが大切です。

今日からできるセルフケア
・練習前に股関節まわりを動かして温める
・練習後は内もも・お尻・太ももの張りを無理なくゆるめる
・痛みが出た日は蹴る量や走る量を減らす
・睡眠と食事で回復の時間を確保する
・足裏全体で立つ意識を持つ

セルフケアで変化が乏しければ、ご相談ください。当院では、KIRIN整体の視点で関節・筋膜の動きや、足裏〜骨盤〜背骨のつながり、姿勢・巡りを確認します。

※強い痛み、腫れ、安静時の痛み、歩くのが困難な場合は、練習を休んで整形外科を受診してください。

愛知県一宮市（名鉄尾西線・苅安賀駅）でサッカーによる股関節痛にお悩みの方は、一宮整骨院〜Seri〜へご相談ください。詳しくは下記の記事もご覧ください。"
gojukata-chiryou-B,504,五十肩,B,五十肩で治療を考える時の家庭での過ごし方｜時期別の動かし方,https://ichinomiyaseitaiin.com/blog/gojukata-chiryou/,2027-02-14,"愛知県一宮市（苅安賀駅）で、五十肩の治療と並行して自分でできることを探している方へ。

医療機関での対応を受けている間も、家庭での過ごし方や動かし方が負担になっていないか見直す価値があると考えられます。

【時期別に意識したい過ごし方】
・急性期は、痛みを我慢して動かさず、楽な姿勢を探す
・拘縮期は、痛みの出ない範囲で少しずつ動かす
・回復期は、医師の指示に沿い、肩を動かす機会を増やす
・荷物は痛い側でなく反対の手で持つ
・医療機関で指導された内容があれば、それを優先する

変化が乏しい、日常動作で困る場合は、ご相談ください。当院ではKIRIN整体の視点で、肩関節と筋膜の動き、肩甲骨から背骨、足裏から骨盤までのつながり、呼吸を確認します。

※安静にしていても強い痛みがある、夜間痛で眠れない日が続く、腕に力が入らない、しびれを伴う、発熱や胸の痛みを伴う場合は、早めに医療機関を受診してください。

愛知県一宮市（名鉄尾西線・苅安賀駅）で五十肩の治療を考えている方は、一宮整骨院〜Seri〜へご相談ください。詳しくは下記の記事もご覧ください。"
kubikori-makura-B,324,緊張型頭痛・首こり,B,首こりが気になる方の枕の見直し方と、寝る前のセルフケア,https://ichinomiyaseitaiin.com/blog/kubikori-makura/,2026-11-17,"愛知県一宮市（苅安賀駅）で、首こりと枕について自分でできることを探している方へ。

枕選びは高さの目安を知るだけでも、首の負担を減らす助けになると考えられます。

寝具まわりで意識したいこと
・仰向けで、顔がやや下がりも上がりもしない高さを探す
・タオルで高さを少しずつ調整して試す
・横向きでは、肩幅に合わせて首が傾かないようにする
・寝る前に肩をゆっくり回して力を抜く
・同じ姿勢が続くときは、無理のない範囲で寝返りを意識する

見直しても朝の首の重さが続く場合はご相談ください。当院ではKIRIN整体の視点で、首だけでなく骨盤や背骨の動きや姿勢のつながりを確認します。

※突然の激しい頭痛、手足の麻痺やしびれ、ろれつが回らない、物が二重に見える、発熱と首の硬直、意識がおかしいといった場合は、すぐ救急要請や受診をしてください。

愛知県一宮市（名鉄尾西線・苅安賀駅）で首こりと枕の方は、一宮整骨院〜Seri〜へご相談ください。詳しくは下記の記事もご覧ください。"
baneyubi-genin-B,264,腱鞘炎・ばね指,B,ばね指を悪化させないために｜一宮市の整骨院が家庭での工夫を紹介,https://ichinomiyaseitaiin.com/blog/baneyubi-genin/,2026-10-17,"愛知県一宮市（苅安賀駅）で、ばね指について自分でできることを探している方へ。

ばね指は、日々の手の使い方が負担の積み重ねにつながると考えられます。家庭での小さな工夫が役立つ場合があります。

家庭で意識したいこと
・家事や育児で握る動作が続く時は、合間に手を開いて休む
・ペットボトルや鍋の持ち手は、指先だけでなく手のひら全体で支える
・指の付け根を強く押したり、もみ込んだりしない
・寒い時期は手を冷やさないようにし、入浴後に指を軽く動かす
・サポーターやテーピングは補助として使い、締め付け過ぎない

セルフケアで変化が乏しければ、ご相談ください。当院では、KIRIN整体の視点で指・手首の動き、肩や背中、足裏から骨盤・背骨へのつながりを確認します。診断や注射、投薬、手術の判断は整形外科など医療機関の役割であり、サポーターやテーピングは治療ではありません。

※指の引っかかりが強く伸びなくなる（ロッキング）、強い腫れや熱感がある場合は、早めに整形外科を受診してください。

愛知県一宮市（名鉄尾西線・苅安賀駅）でばね指のセルフケアをお探しの方は、一宮整骨院〜Seri〜へご相談ください。詳しくは下記の記事もご覧ください。"
jiritsu-kounenki-B,444,自律神経,B,更年期のゆらぎ期を過ごす生活リズム・呼吸のセルフケア,https://ichinomiyaseitaiin.com/blog/jiritsu-kounenki/,2027-01-15,"愛知県一宮市（苅安賀駅）で、更年期のゆらぎ期の体調について自分でできることを探している方へ。

ホルモンバランスの変化に加え、睡眠や生活リズムの乱れも重なると、体調の波を感じやすいと考えられます。無理なく続けられる習慣から始めてみましょう。

【今日からできるセルフケア】
・起きる時間と寝る時間をできるだけそろえる
・朝に日光を浴び、軽く体を動かす
・入浴はぬるめのお湯でゆっくり温まる
・息をゆっくり長く吐く呼吸を、1日数回行う
・体調の波を手帳にメモして、受診時に伝えやすくする

セルフケアで変化が乏しいときは、ご相談ください。当院では、肩や首のこわばり、姿勢、呼吸の入り方、関節・筋膜の動きをKIRIN整体の視点で確認し、生活のご相談をお受けします。更年期症状の診断や治療、薬の判断は医師の役割です。

※動悸・息苦しさ・強いめまい・胸の痛みがある、不正出血が続く、気分の落ち込みが強いといった場合は、早めに医療機関を受診してください。

愛知県一宮市（名鉄尾西線・苅安賀駅）で更年期のゆらぎ期の体調が気になる方は、一宮整骨院〜Seri〜へご相談ください。詳しくは下記の記事もご覧ください。"
gyaku-undou-B,384,逆流性食道炎×姿勢,B,逆流性食道炎とウォーキング｜無理なく動くセルフケア（一宮市）,https://ichinomiyaseitaiin.com/blog/gyaku-undou/,2026-12-17,"愛知県一宮市（苅安賀駅）で、運動・ウォーキングについて自分でできることを探している方へ。

体を動かすこと自体が悪いわけではなく、タイミングや強さ、姿勢の取り方が大切と考えられます。

今日からできるセルフケア
・食後は少し時間をおいてから歩き始める
・背すじを軽く伸ばし、呼吸が止まらない速さで歩く
・腹筋運動など腹圧が強くかかる動きは無理をしない
・歩く前後に、ゆっくり息を吐く習慣をつける
・ふらつきや違和感が出たら、すぐに中止して休む

セルフケアを続けても変化が乏しいときは、ご相談ください。当院では逆流性食道炎そのものの診断や治療は行いません。まず医師の診断を受けたうえで、KIRIN整体の視点から姿勢・呼吸・腹圧のかかり方や、日々の生活について一緒に確認します。

※体重の減少、飲み込みにくさ、吐血や黒い便、持続する胸の痛みがある場合は、自己判断せずすぐに医療機関を受診してください。

愛知県一宮市（名鉄尾西線・苅安賀駅）で逆流性食道炎と運動の取り入れ方についてお悩みの方は、一宮整骨院〜Seri〜へご相談ください。詳しくは下記の記事もご覧ください。"
od-shokuji-B,172,起立性調節障害,B,起立性調節障害の食事・水分の家庭での工夫｜一宮市・苅安賀駅,https://ichinomiyaseitaiin.com/blog/od-shokuji/,,"愛知県一宮市（苅安賀駅）で、起立性調節障害（OD）のお子さんの食事や水分について、家庭でできる工夫を探している保護者の方へ。

ODでは、朝の食欲が出にくいお子さんもいると考えられます。水分や塩分の量は医師の指示に従うことが前提で、ここでは家庭の雰囲気づくりを中心にお伝えします。

家庭で意識したいこと
・医師から指示された水分・塩分の範囲を家族で共有する
・朝は食べやすいものを少量から用意する
・食べられない日があっても叱らない
・食事の時間をできるだけ一定にする
・食卓で体調や学校の話を無理に聞き出さない

こうした工夫で変化が乏しいときは、医療機関にご相談ください。当院では補完的な立場として、KIRIN整体の視点で関節・筋膜の動きや姿勢・巡りを確認し、生活のご相談をお聞きします。食事の指導や治療は行いません。

※失神・胸痛・強い動悸・激しい頭痛・食事や水分がとれない状態、強い落ち込みや「消えてしまいたい」といった言葉があるときは、早めに医療機関を受診し、緊急性が高い場合は救急要請をしてください。

愛知県一宮市（名鉄尾西線・苅安賀駅）で起立性調節障害のお子さんの食事の工夫にお悩みの方は、一宮整骨院〜Seri〜へご相談ください。詳しくは下記の記事もご覧ください。"
tennishiji-shippu-B,210,テニス肘・ゴルフ肘,B,テニス肘の湿布と併せて見直したい｜家庭でのケアと受診目安,https://ichinomiyaseitaiin.com/blog/tennishiji-shippu/,,"愛知県一宮市（苅安賀駅）で、テニス肘の湿布と併せて自分でできることを探している方へ。

湿布は、痛みの感じ方をやわらげる補助として使われます。ただし、肘に負担がかかる動作が続けば、痛みが戻ることもあると考えられます。

湿布と併せて意識したいこと
・痛みが強い動作（握る、ひねる、持ち上げる）を減らす
・貼る前に皮膚の状態を確認し、かぶれが出たら中止する
・ズキズキした熱っぽさがあるときは、冷やして休ませる
・こわばりが強いときは、入浴などで体を温めて動かす
・湿布の種類や使用期間は、医師・薬剤師に確認する

湿布を使っても変化が乏しいときは、ご相談ください。当院では、KIRIN整体の視点で関節・筋膜の動きや姿勢・巡りを確認します。薬の処方や診断は、医療機関の役割です。

※しびれ、腫れ、強い痛み、夜間も続く痛みがある場合は、早めに整形外科を受診してください。

愛知県一宮市（名鉄尾西線・苅安賀駅）でテニス肘の湿布について不安がある方は、一宮整骨院〜Seri〜へご相談ください。詳しくは下記の記事もご覧ください。"
yakyuhiji-stretch-B,30,野球肘,B,野球肘のストレッチ 痛くない範囲の進め方｜一宮市・苅安賀駅,https://ichinomiyaseitaiin.com/blog/yakyuhiji-stretch/,,"愛知県一宮市（苅安賀駅）で、野球肘のストレッチを安全に行いたい方へ。

肘だけを伸ばすより、肩甲骨や股関節も含めて動かすことが大切と考えられます。

今日からできるストレッチの目安
・痛みがある日は無理に行わず、休養を優先する
・入浴後など体が温まった時に行う
・反動をつけず、呼吸を止めずにゆっくり伸ばす
・肩甲骨や股関節まわりも一緒に動かす
・伸ばして痛みが出たら、すぐにやめる

続けても変化が乏しい時はご相談ください。当院ではKIRIN整体の視点で、関節や筋膜の動き、姿勢や巡りを確認します。肩甲骨や体幹、足裏から骨盤・背骨のつながりも含めて見ていきます。痛みの背景を整理したうえで、ご自宅での工夫もお伝えします。

※強い痛み、肘が伸びない・曲がらない、しびれがある場合は、ストレッチを中止して整形外科を受診してください。

愛知県一宮市（名鉄尾西線・苅安賀駅）で野球肘にお悩みの方は、一宮整骨院〜Seri〜へご相談ください。詳しくは下記の記事もご覧ください。"
yakyukata-shojo-B,66,野球肩,B,野球肩のサイン 投球フォームと肩の動きを見直すケア｜一宮市,https://ichinomiyaseitaiin.com/blog/yakyukata-shojo/,,"愛知県一宮市（苅安賀駅）で、野球肩のサインに気づき、自分でできることを探している方へ。

投球時の痛みや可動域の変化は、フォームの乱れやインナーマッスルの使い方、体の連動が関わっていると考えられます。気づいた段階での見直しが大切です。

今日からできるセルフチェックとケア
・左右の腕の上がり方、後ろへの回しやすさを比べてみる
・痛みが出る投げ方や角度をメモし、指導者と共有する
・投球後は肩まわりの疲れを確認し、休養日を確保する
・痛みの出ない範囲で、肩甲骨や胸まわりをゆっくり動かす
・無理に我慢して投げ続けない

こうしたケアで変化が乏しいときはご相談ください。当院では、KIRIN整体の視点で関節・筋膜の動きや、足裏から骨盤・背骨への姿勢・巡りを確認します。診断は整形外科の役割です。

※可動域の制限、夜間痛、強い痛みがある場合は、早めに整形外科を受診してください。

愛知県一宮市（名鉄尾西線・苅安賀駅）で野球肩のサインが気になる方は、一宮整骨院〜Seri〜へご相談ください。詳しくは下記の記事もご覧ください。"
gojukata-chusha-B,506,五十肩,B,五十肩の注射を受ける前後に｜医師への相談メモと時期別の過ごし方,https://ichinomiyaseitaiin.com/blog/gojukata-chusha/,2027-02-15,"愛知県一宮市（苅安賀駅）で、五十肩の注射について自分でできることを探している方へ。

注射は医師が判断する処置ですが、受診前の準備や日常の過ごし方は、自分で整えられる部分があると考えられます。

【受診前後に意識したいこと】
・いつから、どの動きで痛むかをメモして医師に伝える
・夜間痛の有無や、眠れているかも伝える
・気になる点は遠慮せず医師に質問する
・注射後の過ごし方は、医師の指示に従う
・痛みが軽くなっても、急に大きく動かしすぎない

医療機関での対応と並行して肩の動かしにくさが気になる場合は、ご相談ください。当院ではKIRIN整体の視点で、肩関節と筋膜の動き、肩甲骨や背骨、呼吸や姿勢を確認します。

※安静にしていても強い痛みがある、夜間痛で眠れない日が続く、腕に力が入らない、しびれを伴う、発熱や胸の痛みを伴う場合は、早めに医療機関を受診してください。

愛知県一宮市（名鉄尾西線・苅安賀駅）で五十肩の注射について知りたい方は、一宮整骨院〜Seri〜へご相談ください。詳しくは下記の記事もご覧ください。"
kubikori-memai-B,326,緊張型頭痛・首こり,B,首こりとめまい・吐き気が気になる方へ｜受診の目安と生活の工夫,https://ichinomiyaseitaiin.com/blog/kubikori-memai/,2026-11-18,"愛知県一宮市（苅安賀駅）で、首こりとめまい・吐き気について自分でできることを探している方へ。

めまいや吐き気は原因の見極めが大切で、自己判断せず医療機関で確認することが第一と考えられます。

家庭で意識したいこと
・画面作業は合間に休憩を入れる
・首を強く回す・反らす動きは避ける
・水分と睡眠をしっかり取る
・ゆっくり深呼吸をして肩の力を抜く
・症状の出る場面をメモして受診時に伝える

医療機関で大きな異常がないと言われた場合などは、ご相談ください。当院では首や肩の動き、姿勢・呼吸の状態をKIRIN整体の視点で確認します。

※突然の激しい頭痛、手足の麻痺やしびれ、ろれつが回らない、物が二重に見える、発熱と首の硬直、意識がおかしいといった場合は、すぐ救急要請や受診をしてください。

愛知県一宮市（名鉄尾西線・苅安賀駅）で首こりとめまい・吐き気の方は、一宮整骨院〜Seri〜へご相談ください。詳しくは下記の記事もご覧ください。"
baneyubi-shojo-B,266,腱鞘炎・ばね指,B,ばね指でやってはいけないこと｜セルフケアと受診目安｜一宮市,https://ichinomiyaseitaiin.com/blog/baneyubi-shojo/,2026-10-18,"愛知県一宮市（苅安賀駅）で、ばね指について自分でできることを探している方へ。

良かれと思ってしたケアが、かえって指への負担を増やす場合があると考えられます。避けたいことを知ることも大切なセルフケアです。

今日から意識したいこと
・引っかかる指を強く引っ張ったり、反動をつけて伸ばしたりしない
・指の付け根を強くもんだり、ぐりぐり押したりしない
・握り込む作業が続く時は、こまめに手を開いて休む
・入浴後など手が温まった時に、指をゆっくり動かす
・サポーターやテーピングは補助として、締め付け過ぎずに使う

セルフケアで変化が乏しければ、ご相談ください。当院では、KIRIN整体の視点で指・手首の動きに加え、肩・背中・姿勢のつながりを確認します。診断や注射、投薬、手術の判断は整形外科など医療機関の役割で、サポーターやテーピングは治療ではありません。

※指が曲がったまま伸びない（ロッキング）、強い腫れや熱感がある場合は、早めに整形外科を受診してください。

愛知県一宮市（名鉄尾西線・苅安賀駅）でばね指のセルフケアをお探しの方は、一宮整骨院〜Seri〜へご相談ください。詳しくは下記の記事もご覧ください。"
hiza-supporter-B,140,膝痛,B,膝痛サポーターの使い方と生活の工夫｜一宮市・苅安賀駅の整骨院,https://ichinomiyaseitaiin.com/blog/hiza-supporter/,,"愛知県一宮市（苅安賀駅）で、膝痛でサポーターを使う時について自分でできることを探している方へ。

サポーターを補助として活かすには、使い方の工夫が大切です。

家庭で意識したいこと
・サイズが合い、締めつけすぎないものを選ぶ
・痛みが強い動作の時に使い、休む時は外す
・肌のかぶれやしびれがないかを毎日確認する
・着けながらも、筋肉を使う動作は続ける
・サポーターだけに頼らず、体の使い方も見直す

使っても変化が乏しい場合は、ご相談ください。一宮整骨院〜Seri〜では、KIRIN整体の視点で関節と筋膜の動きや姿勢、巡りの状態を確認し、膝に負担がかかりやすい体の使い方を一緒に見直します。

※膝に水がたまる、強い腫れや熱感、急な激痛や膝が不安定になる感じがある場合は、早めに整形外科を受診してください。

愛知県一宮市（名鉄尾西線・苅安賀駅）で膝痛のサポーターについて相談したい方は、一宮整骨院〜Seri〜へご相談ください。詳しくは下記の記事もご覧ください。"
jiritsu-kisetsu-B,446,自律神経,B,季節の変わり目・気圧変化の乗り切り方｜生活リズムと呼吸のケア,https://ichinomiyaseitaiin.com/blog/jiritsu-kisetsu/,2027-01-16,"愛知県一宮市（苅安賀駅）で、季節の変わり目や気圧の変化への備えを自分で探している方へ。

寒暖差や気圧の上下が続くと、体が環境に合わせようとして負担を感じやすいと考えられます。日々の整え方を知っておくと、慌てずに過ごしやすくなります。

【今日からできるセルフケア】
・毎日同じ時間に起きて、朝の光を浴びる
・首・手首・足首を冷やさない服装にする
・ぬるめの入浴で体をゆっくり温める
・天気が崩れそうな日は、予定に余裕を持たせる
・肩の力を抜き、ゆっくり長く息を吐く

セルフケアで変化が乏しいときは、ご相談ください。当院では、首肩のこわばり、姿勢、呼吸の入り方、関節・筋膜の動きをKIRIN整体の視点で確認し、生活のご相談をお受けします。自律神経の診断・治療は医師の役割です。

※動悸・息苦しさ・強いめまい・立ちくらみ・胸の痛みがある場合は、早めに医療機関を受診してください。症状が強いときは救急要請も検討しましょう。

愛知県一宮市（名鉄尾西線・苅安賀駅）で季節の変わり目の体調が気になる方は、一宮整骨院〜Seri〜へご相談ください。詳しくは下記の記事もご覧ください。"
gyaku-stress-B,386,逆流性食道炎×姿勢,B,逆流性食道炎とストレス｜呼吸と生活リズムのセルフケア（一宮市）,https://ichinomiyaseitaiin.com/blog/gyaku-stress/,2026-12-18,"愛知県一宮市（苅安賀駅）で、ストレスとの付き合い方について自分でできることを探している方へ。

緊張が続くと、呼吸や姿勢にも影響が出やすいと考えられます。生活の中で気持ちと体をゆるめる工夫を取り入れてみましょう。

今日からできるセルフケア
・息を吸うより長く吐くことを意識して、ゆっくり呼吸する
・就寝前はスマホを遠ざけ、照明を少し落とす
・食事の時間をなるべく一定にし、ゆっくりよく噛む
・肩や首の力を抜き、こまめに背伸びをする
・一日の中に、何も考えない時間を少しつくる

セルフケアを続けても変化が乏しいときは、ご相談ください。当院では逆流性食道炎そのものの診断や治療は行いません。まず医師の診断を受けたうえで、KIRIN整体の視点から姿勢・呼吸・腹圧のかかり方や、日々の生活について一緒に確認します。

※体重の減少、飲み込みにくさ、吐血や黒い便、持続する胸の痛みがある場合は、自己判断せずすぐに医療機関を受診してください。

愛知県一宮市（名鉄尾西線・苅安賀駅）でストレスと逆流性食道炎の関わりについてお悩みの方は、一宮整骨院〜Seri〜へご相談ください。詳しくは下記の記事もご覧ください。"
kokansetsu-stretch-B,104,股関節痛,B,股関節痛のストレッチ｜痛みの時期に合わせた始め方,https://ichinomiyaseitaiin.com/blog/kokansetsu-stretch/,,"愛知県一宮市（苅安賀駅）で、股関節痛のストレッチについて自分でできることを探している方へ。

ストレッチは、痛みの時期に合わせて行うことが大切です。痛みが強い時期は控え、落ち着いてきたら、やさしく動かすところから始めてみましょう。

今日からできるセルフケア
・痛みが強い時期は無理に伸ばさず、安静を優先する
・痛みが落ち着いたら、仰向けで脚を軽く動かす
・お尻や太ももの前後を、気持ちよい範囲で伸ばす
・反動をつけず、呼吸を止めずにゆっくり行う
・痛みが出たらすぐにやめる

セルフケアで変化が乏しければ、ご相談ください。当院では、KIRIN整体の視点で関節・筋膜の動きや姿勢・巡りを確認します。

※強い痛み、安静時の痛み、しびれ、体重をかけられない場合は、ストレッチを中止して整形外科を受診してください。

愛知県一宮市（名鉄尾西線・苅安賀駅）で股関節痛にお悩みの方は、一宮整骨院〜Seri〜へご相談ください。詳しくは下記の記事もご覧ください。"
tennishiji-shojo-B,212,テニス肘・ゴルフ肘,B,テニス肘の症状が気になる方へ｜セルフチェックと受診の目安,https://ichinomiyaseitaiin.com/blog/tennishiji-shojo/,,"愛知県一宮市（苅安賀駅）で、テニス肘の症状について自分でできることを探している方へ。

肘の外側の痛みは、日常の動作の負担が重なって出ることがあると考えられます。まずは痛みの状態を落ち着いて観察してみましょう。

セルフチェックの目安
・痛む場所は肘の外側か、前腕か、手首に近いか
・痛みが出る動作は、握る、ひねる、持ち上げるのどれか
・安静にしているときにも痛みがあるか
・朝と夕方で痛みの強さが違うか
・手のしびれや力の入りにくさがないか

これらは診断ではなく、状態を伝えるための目安です。気になる症状が続くときは、ご相談ください。当院では、KIRIN整体の視点で関節・筋膜の動きや姿勢・巡りを確認します。原因の診断は医療機関の役割です。

※しびれ、腫れ、強い痛み、安静時や夜間の痛みがある場合は、早めに整形外科を受診してください。

愛知県一宮市（名鉄尾西線・苅安賀駅）でテニス肘の症状が気になる方は、一宮整骨院〜Seri〜へご相談ください。詳しくは下記の記事もご覧ください。"
yakyuhiji-supporter-B,32,野球肘,B,野球肘サポーターの使い方と受診の目安｜一宮市・苅安賀駅,https://ichinomiyaseitaiin.com/blog/yakyuhiji-supporter/,,"愛知県一宮市（苅安賀駅）で、野球肘のサポーターを上手に使いたい方へ。

サポーターは補助であり、治療ではありません。使い方を見直すことが大切です。

使う時に意識したいこと
・痛みの原因は医師に確認したうえで使う
・きつく締めすぎず、しびれや色の変化がないか確認する
・痛みがある間は、つけていても投球を控える
・長時間つけっぱなしにせず、休む時は外す
・肩甲骨や股関節まわりの動きも一緒に見直す

サポーターを使っても変化が乏しい時はご相談ください。当院ではKIRIN整体の視点で、関節や筋膜の動き、姿勢や巡りを確認します。肩甲骨や体幹、足裏から骨盤・背骨のつながりも含めて見ていきます。痛みの背景を整理したうえで、ご自宅での工夫もお伝えします。

※強い痛み、肘が伸びない・曲がらない、しびれがある場合は、早めに整形外科を受診してください。

愛知県一宮市（名鉄尾西線・苅安賀駅）で野球肘にお悩みの方は、一宮整骨院〜Seri〜へご相談ください。詳しくは下記の記事もご覧ください。"
od-towa-B,174,起立性調節障害,B,起立性調節障害の保護者が今日からできること｜一宮市・苅安賀駅,https://ichinomiyaseitaiin.com/blog/od-towa/,,"愛知県一宮市（苅安賀駅）で、起立性調節障害（OD）について、保護者として今日からできることを探している方へ。

ODは、朝の不調が目立つ一方で、本人も原因が分からず戸惑っていると考えられます。受診と医師の説明を土台に、家庭での見守り方を整えることが大切です。

今日からできる見守りのポイント
・症状が出る時間や状況を数日分メモする
・受診前に、気になる様子をまとめておく
・朝は急かさず、時間に余裕を持たせる
・立ち上がる前に少し座って待つよう声をかける
・学校の先生と、医師の説明をもとに相談する

こうしたことを続けても変化が乏しい、または不安が強いときは、まず医療機関へご相談ください。当院では補完的な立場として、KIRIN整体の視点で関節・筋膜の動きや姿勢・巡りを確認し、生活のご相談をお聞きします。

※失神・胸痛・強い動悸・激しい頭痛・食事や水分がとれない状態、強い落ち込みや「消えてしまいたい」といった言葉があるときは、早めに医療機関を受診し、緊急性が高い場合は救急要請をしてください。

愛知県一宮市（名鉄尾西線・苅安賀駅）で起立性調節障害の家庭での見守りにお悩みの方は、一宮整骨院〜Seri〜へご相談ください。詳しくは下記の記事もご覧ください。"
gojukata-rehab-B,508,五十肩,B,五十肩のリハビリと家でのケア｜時期別に動かし方を見直す,https://ichinomiyaseitaiin.com/blog/gojukata-rehab/,2027-02-16,"愛知県一宮市（苅安賀駅）で、五十肩のリハビリと並行して家でできることを探している方へ。

リハビリの効果の感じ方は人それぞれで、家での過ごし方との組み合わせが大切と考えられます。

【時期別の動かし方の目安】
・急性期は、無理に動かさず、痛みが落ち着くのを待つ
・拘縮期は、入浴後などに痛みの出ない範囲で腕をゆらす
・回復期は、医師や理学療法士の指導に沿って動かす範囲を広げる
・痛みが強まる動きは、その日は中止する
・毎日少しずつ、短時間で続ける

家でのケアで変化が乏しい場合は、ご相談ください。当院ではKIRIN整体の視点で、肩関節と筋膜の動き、肩甲骨から背骨、足裏から骨盤までのつながり、呼吸を確認します。

※安静にしていても強い痛みがある、夜間痛で眠れない日が続く、腕に力が入らない、しびれを伴う、発熱や胸の痛みを伴う場合は、早めに医療機関を受診してください。

愛知県一宮市（名鉄尾西線・苅安賀駅）で五十肩のリハビリに取り組む方は、一宮整骨院〜Seri〜へご相談ください。詳しくは下記の記事もご覧ください。"
kubikori-isshun-B,328,緊張型頭痛・首こり,B,首こりのセルフケアは焦らず安全に｜一宮市の整骨院より,https://ichinomiyaseitaiin.com/blog/kubikori-isshun/,2026-11-19,"愛知県一宮市（苅安賀駅）で、首こりのセルフケアについて自分でできることを探している方へ。

首こりのケアは、強さよりも続けやすさと安全性が大切だと考えられます。

今日からできるセルフケア
・首を反らさず、あごを軽く引いて肩を回す
・蒸しタオルなどで首の後ろを温める
・画面を見る姿勢を15分ごとに見直す
・強く揉まず、手のひらでやさしくさする
・深くゆっくり息を吐いて肩の力を抜く

続けても変化が乏しい場合はご相談ください。当院ではKIRIN整体の視点で、関節と筋膜の動き、足裏から骨盤・背骨の姿勢のつながりを確認します。

※突然の激しい頭痛、手足の麻痺やしびれ、ろれつが回らない、物が二重に見える、発熱と首の硬直、意識がおかしいといった場合は、すぐ救急要請や受診をしてください。

愛知県一宮市（名鉄尾西線・苅安賀駅）で首こりの正しいケアを知りたいの方は、一宮整骨院〜Seri〜へご相談ください。詳しくは下記の記事もご覧ください。"
baneyubi-naoshikata-B,268,腱鞘炎・ばね指,B,ばね指を自分でケアしたい方へ｜一宮市で今日からできる手の休め方,https://ichinomiyaseitaiin.com/blog/baneyubi-naoshikata/,2026-10-19,"愛知県一宮市（苅安賀駅）で、ばね指について自分でできることを探している方へ。

ばね指は、家事・育児・パソコン作業などで手をよく使う方に見られます。引っかかりがあると指を無理に動かしたくなりますが、まずは手の負担を減らす工夫が大切と考えられます。

今日からできるセルフケア・受診の目安
・指先に力を入れる作業の合間に、こまめに手を休める
・荷物は指に引っかけず、手のひら全体で持つ
・入浴時など手が温まった状態で、やさしく動かす
・痛む指の付け根を強く押したり揉んだりしない
・スマホやペンの持ち方を時々見直す

セルフケアを続けても変化が乏しい場合は、一度ご相談ください。当院では、KIRIN整体の視点から、手指だけでなく肩・腕・背中を含めた関節と筋膜の動き、普段の姿勢や手の使い方を確認します。

※指が曲がったまま伸びない、強い腫れや強い痛み、しびれがある場合は、早めに整形外科を受診してください。

愛知県一宮市（名鉄尾西線・苅安賀駅）でばね指のセルフケアにお悩みの方は、一宮整骨院〜Seri〜へご相談ください。詳しくは下記の記事もご覧ください。"
jiritsu-ketsuatsu-B,448,自律神経,B,立ちくらみが気になる時の生活の工夫｜一宮市・苅安賀駅,https://ichinomiyaseitaiin.com/blog/jiritsu-ketsuatsu/,2027-01-17,"愛知県一宮市（苅安賀駅）で、立ちくらみや血圧の揺らぎについて自分でできることを探している方へ。

立ちくらみには、水分不足、睡眠不足、急な姿勢の変化などが関わる場合があると考えられます。まずは日常の動き方と生活リズムを見直してみましょう。

【家庭で意識したいこと】
・起き上がるときは、座ってひと呼吸おいてからゆっくり立つ
・こまめに水分をとり、食事を抜かない
・長時間同じ姿勢で立ち続けず、足首をときどき動かす
・入浴後や起床直後は、急に動かない
・ゆっくり長く息を吐く呼吸を数回行う

セルフケアで変化が乏しいときは、ご相談ください。当院では、姿勢、呼吸の入り方、足裏〜骨盤〜背骨のつながり、関節・筋膜の動きをKIRIN整体の視点で確認し、生活のご相談をお受けします。血圧や立ちくらみの診断・治療、薬の判断は医師の役割です。

※立ちくらみが頻繁に起こる、失神しそうになる、動悸・息苦しさ・胸の痛み・強いめまいがある場合は、早めに医療機関を受診してください。

愛知県一宮市（名鉄尾西線・苅安賀駅）で立ちくらみや血圧が気になる方は、一宮整骨院〜Seri〜へご相談ください。詳しくは下記の記事もご覧ください。"
gyaku-tsubo-B,388,逆流性食道炎×姿勢,B,逆流性食道炎のツボ・セルフケア｜押し方の注意点（一宮市）,https://ichinomiyaseitaiin.com/blog/gyaku-tsubo/,2026-12-19,"愛知県一宮市（苅安賀駅）で、ツボなどのセルフケアについて自分でできることを探している方へ。

ツボ押しは、あくまで体をゆるめる補助的な習慣です。症状を抑える目的で頼りすぎないことが大切と考えられます。

今日からできるセルフケア
・押す強さは、気持ちよいと感じる程度にとどめる
・一か所を押しすぎず、数秒ずつゆっくり行う
・食後すぐは避け、落ち着いた時間に行う
・押しながら息を長く吐き、肩の力を抜く
・痛みや違和感が出たら、すぐにやめる

セルフケアを続けても変化が乏しいときは、ご相談ください。当院では逆流性食道炎そのものの診断や治療は行いません。まず医師の診断を受けたうえで、KIRIN整体の視点から姿勢・呼吸・腹圧のかかり方や、日々の生活について一緒に確認します。

※体重の減少、飲み込みにくさ、吐血や黒い便、持続する胸の痛みがある場合は、自己判断せずすぐに医療機関を受診してください。

愛知県一宮市（名鉄尾西線・苅安賀駅）で逆流性食道炎とセルフケアの注意点についてお悩みの方は、一宮整骨院〜Seri〜へご相談ください。詳しくは下記の記事もご覧ください。"
yakyukata-stretch-naoru-B,68,野球肩,B,野球肩のストレッチの進め方 肩甲骨・股関節のケア｜一宮市,https://ichinomiyaseitaiin.com/blog/yakyukata-stretch-naoru/,,"愛知県一宮市（苅安賀駅）で、野球肩に対するストレッチの進め方を探している方へ。

肩の動きは、肩甲骨・背骨・股関節など、体全体の連動と関わっていると考えられます。肩だけを強く伸ばすより、全体の動きに目を向けることが大切です。

ストレッチで意識したいポイント
・痛みが出ない範囲で、反動をつけずにゆっくり行う
・入浴後など、体が温まったときに行う
・肩甲骨まわり、胸、股関節を無理なく動かす
・投球直後は肩を休ませ、強く伸ばさない
・左右を比べ、硬い側を丁寧にほぐす

ストレッチを続けても変化が乏しい場合は、ご相談ください。当院では、KIRIN整体の視点で関節・筋膜の動きや、足裏から骨盤・背骨への姿勢・巡りを確認します。診断は整形外科での受診が前提です。

※夜間も続く痛み、腕が上がらない、強い痛みがある場合は、早めに整形外科を受診してください。

愛知県一宮市（名鉄尾西線・苅安賀駅）で野球肩のストレッチを見直したい方は、一宮整骨院〜Seri〜へご相談ください。詳しくは下記の記事もご覧ください。"
hiza-taping-B,142,膝痛,B,膝痛テーピングを使う時の注意と工夫｜一宮市・苅安賀駅の整骨院,https://ichinomiyaseitaiin.com/blog/hiza-taping/,,"愛知県一宮市（苅安賀駅）で、膝痛でテーピングを使う時について自分でできることを探している方へ。

テーピングは補助と割り切り、使い方に注意することが大切です。

テーピングを使う前に意識したいこと
・肌に合うテープか、少量で確認してから使う
・強く引っ張らず、軽いサポートを意識する
・かゆみ、しびれ、赤みが出たらすぐにはがす
・長時間貼りっぱなしにせず、入浴前には外す
・痛みの原因は別にある場合も考え、検査も検討する

使っても変化が乏しい場合は、ご相談ください。一宮整骨院〜Seri〜では、KIRIN整体の視点で関節と筋膜の動きや姿勢、巡りの状態を確認し、膝に負担がかかりやすい体の使い方を一緒に見直します。

※膝に水がたまる、強い腫れや熱感、急な激痛や膝が不安定になる感じがある場合は、早めに整形外科を受診してください。

愛知県一宮市（名鉄尾西線・苅安賀駅）で膝痛のテーピングについて知りたい方は、一宮整骨院〜Seri〜へご相談ください。詳しくは下記の記事もご覧ください。"
kokansetsu-stretch-nenagara-B,106,股関節痛,B,寝ながらできる股関節ストレッチ｜仰向け・横向きのやり方,https://ichinomiyaseitaiin.com/blog/kokansetsu-stretch-nenagara/,,"愛知県一宮市（苅安賀駅）で、寝ながらできる股関節のケアを探している方へ。

痛みが強い日や疲れた夜は、立って行うストレッチが負担になることがあります。寝た姿勢なら、体重の負担を減らして動かしやすくなります。

今日からできるセルフケア
・仰向けで膝を立て、左右にゆっくり倒す
・仰向けで片膝を胸に近づけ、呼吸に合わせて戻す
・横向きで膝の間にクッションを挟み、力を抜く
・かかとを床に滑らせ、股関節の動きを確かめる
・痛みが出る手前の範囲で、数回ずつ行う

セルフケアで変化が乏しければ、ご相談ください。当院では、KIRIN整体の視点で関節・筋膜の動きや、足裏〜骨盤〜背骨のつながり、姿勢・巡りを確認します。

※強い痛み、安静時の痛み、しびれ、足に力が入らない場合は、中止して整形外科を受診してください。

愛知県一宮市（名鉄尾西線・苅安賀駅）で股関節痛にお悩みの方は、一宮整骨院〜Seri〜へご相談ください。詳しくは下記の記事もご覧ください。"
gojukata-nanika-B,510,五十肩,B,五十肩で受診を迷う時に｜受診の目安と自宅で意識したいこと,https://ichinomiyaseitaiin.com/blog/gojukata-nanika/,2027-02-17,"愛知県一宮市（苅安賀駅）で、五十肩で受診を迷いながら自分でできることを探している方へ。

受診の目安を知っておくと、落ち着いて判断しやすくなると考えられます。

【受診の目安と家庭での工夫】
・夜間痛が強い、眠れない日が続くなら早めに整形外科へ
・転んだあとや、急に腕が上がらなくなった場合も受診する
・痛みが強い時期は、無理に動かさず楽な姿勢を選ぶ
・痛い側の腕に重い荷物を持たない
・痛みの場所や時間帯をメモしておくと、診察で伝えやすい

医療機関で診てもらったうえで、肩の動かしにくさが残る場合は、ご相談ください。当院ではKIRIN整体の視点で、肩関節と筋膜の動き、肩甲骨や背骨、呼吸や姿勢を確認します。

※安静にしていても強い痛みがある、夜間痛で眠れない日が続く、腕に力が入らない、しびれを伴う、発熱や胸の痛みを伴う場合は、早めに医療機関を受診してください。

愛知県一宮市（名鉄尾西線・苅安賀駅）で五十肩の受診先にお悩みの方は、一宮整骨院〜Seri〜へご相談ください。詳しくは下記の記事もご覧ください。"
zutsu-kotobu-B,330,緊張型頭痛・首こり,B,後頭部の頭痛が気になる方へ｜首の付け根のセルフケア,https://ichinomiyaseitaiin.com/blog/zutsu-kotobu/,2026-11-20,"愛知県一宮市（苅安賀駅）で、後頭部の頭痛について自分でできることを探している方へ。

首の付け根の負担を減らす工夫が、頭の重さをやわらげる助けになると考えられます。

首の付け根をゆるめるセルフケア
・首の後ろを蒸しタオルなどで温める
・あごを軽く引き、背筋を伸ばして座る
・肩甲骨を寄せる動きをゆっくり行う
・強く揉まず、やさしくさする
・就寝時に首が反りすぎていないか見直す

セルフケアで変化が乏しいときはご相談ください。当院では首の付け根だけでなく、背骨や骨盤の動き、姿勢のつながりをKIRIN整体の視点で確認します。

※突然の激しい頭痛、手足の麻痺やしびれ、ろれつが回らない、物が二重に見える、発熱と首の硬直、意識がおかしいといった場合は、すぐ救急要請や受診をしてください。

愛知県一宮市（名鉄尾西線・苅安賀駅）で後頭部の頭痛でお困りの方は、一宮整骨院〜Seri〜へご相談ください。詳しくは下記の記事もご覧ください。"
baneyubi-chiryo-B,270,腱鞘炎・ばね指,B,ばね指で受診する前に｜一宮市で整理しておきたい症状と受診の目安,https://ichinomiyaseitaiin.com/blog/baneyubi-chiryo/,2026-10-20,"愛知県一宮市（苅安賀駅）で、ばね指の受診を考えつつ、自分でできることを探している方へ。

ばね指は、指の引っかかりが日によって変わることがあり、受診のタイミングに迷いやすい症状です。治療の内容は医師が判断するため、受診前に状態を整理しておくと相談がしやすくなります。

受診前に意識したいこと
・どの指が、どの時間帯に引っかかるかをメモする
・痛みや引っかかりが出る動作を書き留める
・引っかかりが強くなった時期や経過を思い出しておく
・手を使う仕事や家事、育児の状況を伝えられるようにする
・無理に指を伸ばそうとして、強い力をかけない

受診後のケアや、手の使い方・姿勢の相談は当院でもお受けしています。KIRIN整体の視点から、手指だけでなく肩・腕・背中の関節と筋膜の動きを確認します。

※指が曲がったまま伸びない、強い腫れや強い痛み、しびれがある場合は、早めに整形外科を受診してください。

愛知県一宮市（名鉄尾西線・苅安賀駅）でばね指の受診やケアでお悩みの方は、一宮整骨院〜Seri〜へご相談ください。詳しくは下記の記事もご覧ください。"
jiritsu-ongaku-B,450,自律神経,B,音楽でひと息つくリラックス習慣｜呼吸と姿勢のセルフケア,https://ichinomiyaseitaiin.com/blog/jiritsu-ongaku/,2027-01-18,"愛知県一宮市（苅安賀駅）で、音楽やリラックス法について自分でできることを探している方へ。

緊張が続くと、呼吸が浅くなり肩や首に力が入りやすいと考えられます。心地よいと感じる時間を意識してつくることが、気持ちの切り替えのきっかけになります。

【今日からできるセルフケア】
・好きなテンポの穏やかな音楽を、小さめの音量で流す
・音楽を聴きながら、4秒吸って6秒吐く呼吸を行う
・イスや床で楽な姿勢をとり、肩と顔の力を抜く
・寝る前は画面を見る時間を減らし、照明を暗めにする
・合う音楽やタイミングは人それぞれなので、無理に続けない

セルフケアで変化が乏しいときは、ご相談ください。当院では、首肩のこわばり、姿勢、呼吸の入り方、関節・筋膜の動きをKIRIN整体の視点で確認し、生活のご相談をお受けします。自律神経の診断・治療は医師の役割です。

※動悸・息苦しさ・強いめまい・立ちくらみ・胸の痛みがある場合は、早めに医療機関を受診してください。症状が強いときは救急要請も検討しましょう。

愛知県一宮市（名鉄尾西線・苅安賀駅）でリラックス習慣を探している方は、一宮整骨院〜Seri〜へご相談ください。詳しくは下記の記事もご覧ください。"
gyaku-ninpu-B,390,逆流性食道炎×姿勢,B,妊娠中の胸やけ｜姿勢・生活のセルフケアのヒント（一宮市）,https://ichinomiyaseitaiin.com/blog/gyaku-ninpu/,2026-12-20,"愛知県一宮市（苅安賀駅）で、妊娠中の姿勢や生活の工夫について自分でできることを探している方へ。

妊娠中は体の変化が大きく、自己判断が難しい時期です。気になる症状は、まず産婦人科で相談してください。

家庭で意識したいこと
・食事は一度に食べ過ぎず、少量ずつ回数を分ける
・食後すぐに横にならず、上体を起こして過ごす
・座るときはクッションで背中を支え、丸まりすぎない
・寝るときは、上半身を少し高めにして楽な向きを探す
・ゆったりした服を選び、お腹を締めつけない

セルフケアを続けても変化が乏しいときは、ご相談ください。当院では逆流性食道炎そのものの診断や治療は行いません。まず医師の診断を受けたうえで、KIRIN整体の視点から姿勢・呼吸・腹圧のかかり方や、日々の生活について一緒に確認します。妊娠中の施術は、担当医の許可を確認したうえで、体に無理のない範囲で行います。

※体重の減少、飲み込みにくさ、吐血や黒い便、持続する胸の痛みがある場合は、自己判断せずすぐに医療機関を受診してください。

愛知県一宮市（名鉄尾西線・苅安賀駅）で妊娠中の姿勢や生活の工夫についてお悩みの方は、一宮整骨院〜Seri〜へご相談ください。詳しくは下記の記事もご覧ください。"
tennishiji-stretch-B,214,テニス肘・ゴルフ肘,B,テニス肘のストレッチのやり方と受診目安｜一宮市・苅安賀駅,https://ichinomiyaseitaiin.com/blog/tennishiji-stretch/,,"愛知県一宮市（苅安賀駅）で、テニス肘のストレッチを自分で行いたい方へ。

前腕の筋肉が硬くなると、肘の外側に負担が集まりやすいと考えられます。ただし、痛みが強いときの無理なストレッチは控え、心地よい範囲で行うことが大切です。

今日からできるストレッチの目安
・腕を前に伸ばし、手のひらを下に向けて、反対の手でやさしく手首を曲げる
・伸ばす時間は、痛みのない範囲で10〜20秒程度にとどめる
・反動をつけず、呼吸を止めずにゆっくり行う
・肩や肩甲骨を回して、腕だけに頼らない状態をつくる
・終わったあとに痛みが強まるときは、中止する

続けても変化が乏しいときは、ご相談ください。当院では、KIRIN整体の視点で関節・筋膜の動きや姿勢・巡りを確認します。診断や治療は医療機関の役割です。

※しびれ、腫れ、強い痛み、夜間も続く痛みがある場合は、早めに整形外科を受診してください。

愛知県一宮市（名鉄尾西線・苅安賀駅）でテニス肘のストレッチに悩んでいる方は、一宮整骨院〜Seri〜へご相談ください。詳しくは下記の記事もご覧ください。"
yakyuhiji-taping-B,34,野球肘,B,野球肘のテーピング 使う時の注意と受診の目安｜一宮市,https://ichinomiyaseitaiin.com/blog/yakyuhiji-taping/,,"愛知県一宮市（苅安賀駅）で、野球肘のテーピングを安全に使いたい方へ。

テーピングは補助であり、治療ではありません。目的を理解して使うことが大切です。

使う時に意識したいこと
・医師に状態を確認したうえで使う
・強く引っ張らず、血流やしびれに注意する
・かゆみや赤みが出たら、すぐに外す
・入浴前には外し、皮膚を清潔に保つ
・痛みがある間は、巻いていても投球を控える

テーピングを使っても変化が乏しい時はご相談ください。当院ではKIRIN整体の視点で、関節や筋膜の動き、姿勢や巡りを確認します。肩甲骨や体幹、足裏から骨盤・背骨のつながりも含めて見ていきます。痛みの背景を整理したうえで、ご自宅での工夫もお伝えします。

※強い痛み、肘が伸びない・曲がらない、しびれがある場合は、早めに整形外科を受診してください。

愛知県一宮市（名鉄尾西線・苅安賀駅）で野球肘にお悩みの方は、一宮整骨院〜Seri〜へご相談ください。詳しくは下記の記事もご覧ください。"
od-type-shurui-B,176,起立性調節障害,B,起立性調節障害のタイプ別・家庭での関わり方｜一宮市の整骨院,https://ichinomiyaseitaiin.com/blog/od-type-shurui/,,"愛知県一宮市（苅安賀駅）で、起立性調節障害（OD）のタイプを踏まえて、家庭での関わり方を探している保護者の方へ。

ODはタイプによって症状の出方が異なると説明されることがあります。ただしタイプ判定や対応の方針は医師が決めるもので、家庭では医師の説明に沿って見守ることが基本です。

家庭で意識したいこと
・医師から聞いたタイプや注意点を家族で共有する
・症状が強い時間帯を把握し、予定に余裕を持たせる
・立ち上がる動作はゆっくり、段階的に行う
・他の子と比べず、本人のペースを尊重する
・気になる変化は受診時に医師へ伝える

タイプや症状に合った対応が分からず不安なときは、まず医療機関へご相談ください。当院では補完的な立場として、KIRIN整体の視点で関節・筋膜の動きや姿勢・巡りを確認し、生活のご相談をお聞きします。

※失神・胸痛・強い動悸・激しい頭痛・食事や水分がとれない状態、強い落ち込みや「消えてしまいたい」といった言葉があるときは、早めに医療機関を受診し、緊急性が高い場合は救急要請をしてください。

愛知県一宮市（名鉄尾西線・苅安賀駅）で起立性調節障害の家庭での関わり方にお悩みの方は、一宮整骨院〜Seri〜へご相談ください。詳しくは下記の記事もご覧ください。"
gojukata-shisei-B,512,五十肩,B,五十肩の時期に見直したい姿勢と動かし方｜猫背・巻き肩の工夫,https://ichinomiyaseitaiin.com/blog/gojukata-shisei/,2027-02-18,"愛知県一宮市（苅安賀駅）で、五十肩と姿勢について自分でできることを探している方へ。

姿勢を整える工夫は、肩への負担を減らす一助になると考えられますが、時期によって無理は禁物です。

【時期別に意識したい姿勢の工夫】
・急性期は、痛む腕をクッションなどで支え、楽な姿勢を選ぶ
・座る時は、骨盤を立てて、あごを引きすぎない
・画面は目の高さに近づけ、前かがみの時間を減らす
・拘縮期以降は、痛みの出ない範囲で肩甲骨を軽く動かす
・1時間に一度は立ち上がって深呼吸をする

変化が乏しい場合は、ご相談ください。当院ではKIRIN整体の視点で、足裏から骨盤、背骨、肩甲骨のつながりと、肩関節や筋膜の動き、呼吸を確認します。

※安静にしていても強い痛みがある、夜間痛で眠れない日が続く、腕に力が入らない、しびれを伴う、発熱や胸の痛みを伴う場合は、早めに医療機関を受診してください。

愛知県一宮市（名鉄尾西線・苅安賀駅）で五十肩と姿勢にお悩みの方は、一宮整骨院〜Seri〜へご相談ください。詳しくは下記の記事もご覧ください。"
zutsu-komekami-B,332,緊張型頭痛・首こり,B,こめかみの頭痛が気になる方へ｜噛みしめと姿勢のセルフケア,https://ichinomiyaseitaiin.com/blog/zutsu-komekami/,2026-11-21,"愛知県一宮市（苅安賀駅）で、こめかみの頭痛について自分でできることを探している方へ。

あごや首肩の力みを減らすことが、こめかみの重さへの助けになると考えられます。

今日からできるセルフケア
・上下の歯を軽く離し、あごの力を抜く
・こめかみ周辺を蒸しタオルなどで温める
・首・肩をゆっくり回して緊張をほぐす
・長時間の画面作業は休憩を挟む
・睡眠と水分をしっかり確保する

セルフケアで変化が乏しい場合はご相談ください。当院ではKIRIN整体の視点で、首肩や姿勢のつながりを確認します。薬は薬剤師や医師にご相談ください。

※突然の激しい頭痛、手足の麻痺やしびれ、ろれつが回らない、物が二重に見える、発熱と首の硬直、意識がおかしいといった場合は、すぐ救急要請や受診をしてください。

愛知県一宮市（名鉄尾西線・苅安賀駅）でこめかみの頭痛でお困りの方は、一宮整骨院〜Seri〜へご相談ください。詳しくは下記の記事もご覧ください。"
baneyubi-stretch-B,272,腱鞘炎・ばね指,B,ばね指のセルフケア｜一宮市で無理なくできる手の動かし方と注意点,https://ichinomiyaseitaiin.com/blog/baneyubi-stretch/,2026-10-21,"愛知県一宮市（苅安賀駅）で、ばね指について自分でできることを探している方へ。

指の引っかかりがあると、ストレッチやマッサージで何とかしたくなります。ただ、強く伸ばす・強く押すといった刺激は、負担になる場合があると考えられます。無理のない範囲で行うことが大切です。

家庭で意識したいこと
・手を温めてから、痛みのない範囲でゆっくり指を開閉する
・指を反対の手で強く引っ張ったり、反らせたりしない
・痛む指の付け根は、さするくらいのやさしい力にとどめる
・引っかかりが強い日や痛みが増す日は、無理に動かさない
・前腕や手のひら全体をやさしくほぐして、手の負担を減らす

セルフケアで変化が乏しければ、一度ご相談ください。当院では、KIRIN整体の視点から、手指・手首・肩・背中の関節と筋膜の動きや、手の使い方の癖を確認します。

※指が曲がったまま伸びない、強い腫れや強い痛み、しびれがある場合は、早めに整形外科を受診してください。

愛知県一宮市（名鉄尾西線・苅安賀駅）でばね指のセルフケアを探している方は、一宮整骨院〜Seri〜へご相談ください。詳しくは下記の記事もご覧ください。"
jiritsu-goods-B,452,自律神経,B,自律神経ケアのグッズ選びの考え方｜無理なく取り入れるコツ,https://ichinomiyaseitaiin.com/blog/jiritsu-goods/,2027-01-19,"愛知県一宮市（苅安賀駅）で、グッズ選びについて自分でできることを探している方へ。

グッズは生活習慣を整える補助と考えると、選びやすくなります。使うこと自体が負担にならないよう、ポイントを押さえておきましょう。

【選ぶときに意識したいこと】
・使う目的（睡眠、温め、姿勢など）をはっきりさせる
・体に合うかどうかを、短時間から試して確かめる
・使ってみて痛みや違和感があれば、すぐにやめる
・効果をうたう言葉だけで判断せず、使い方の説明を確認する
・グッズに頼りきらず、呼吸や動く習慣も続ける

グッズを試しても変化が乏しいときは、ご相談ください。当院では、姿勢、呼吸の入り方、首肩のこわばり、関節・筋膜の動きをKIRIN整体の視点で確認し、生活のご相談をお受けします。自律神経の診断・治療は医師の役割です。

※動悸・息苦しさ・強いめまい・立ちくらみ・胸の痛みがある場合は、早めに医療機関を受診してください。症状が強いときは救急要請も検討しましょう。

愛知県一宮市（名鉄尾西線・苅安賀駅）でグッズ選びに迷っている方は、一宮整骨院〜Seri〜へご相談ください。詳しくは下記の記事もご覧ください。"
gyaku-nodo-B,392,逆流性食道炎×姿勢,B,喉の違和感・つかえ｜姿勢と生活でできる工夫（一宮市）,https://ichinomiyaseitaiin.com/blog/gyaku-nodo/,2026-12-21,"愛知県一宮市（苅安賀駅）で、喉の違和感やつかえについて自分でできることを探している方へ。

喉の違和感が続くときは、まず医療機関での確認が第一です。そのうえで、日常で整えられる点を見直してみましょう。

今日からできるセルフケア
・食事はゆっくり、一口ずつよく噛んで食べる
・猫背を避け、あごを引きすぎない姿勢で座る
・寝る直前の食事は控え、時間をあけて休む
・水分はこまめにとり、喉を乾燥させない
・肩や首の力を抜き、ゆっくり息を吐く

セルフケアを続けても変化が乏しいときは、ご相談ください。当院では逆流性食道炎そのものの診断や治療は行いません。まず医師の診断を受けたうえで、KIRIN整体の視点から姿勢・呼吸・腹圧のかかり方や、日々の生活について一緒に確認します。

※体重の減少、飲み込みにくさ、吐血や黒い便、持続する胸の痛みがある場合は、自己判断せずすぐに医療機関を受診してください。

愛知県一宮市（名鉄尾西線・苅安賀駅）で喉の違和感やつかえについてお悩みの方は、一宮整骨院〜Seri〜へご相談ください。詳しくは下記の記事もご覧ください。"
yakyukata-supporter-B,70,野球肩,B,野球肩のサポーターの使い方と併せて見直したい日常ケア,https://ichinomiyaseitaiin.com/blog/yakyukata-supporter/,,"愛知県一宮市（苅安賀駅）で、野球肩のサポーターと併せてできることを探している方へ。

サポーターは補助的な道具です。肩への負担を減らすには、投球フォームや体の使い方、休養もあわせて見直すことが大切だと考えられます。

サポーター使用時に意識したいこと
・きつく締めすぎず、血流を妨げないサイズや装着感にする
・サポーターを着けたから大丈夫、と痛みを我慢して投げない
・投球後は外して肩を休ませ、肌の状態も確認する
・投球フォームやインナーマッスルの使い方は、指導者と一緒に確認する
・睡眠と食事で、体の回復をしっかり支える

サポーターを使っても変化が乏しい場合は、ご相談ください。当院では、KIRIN整体の視点で関節・筋膜の動きや、足裏から骨盤・背骨への姿勢・巡りを確認します。診断は整形外科の役割です。

※夜間も続く痛み、腕が上がらない、強い痛みがある場合は、早めに整形外科を受診してください。

愛知県一宮市（名鉄尾西線・苅安賀駅）で野球肩のサポーターの使い方を知りたい方は、一宮整骨院〜Seri〜へご相談ください。詳しくは下記の記事もご覧ください。"
hiza-tozan-walking-B,144,膝痛,B,登山・ウォーキングの膝痛 歩き方と休み方の工夫｜一宮市・苅安賀駅,https://ichinomiyaseitaiin.com/blog/hiza-tozan-walking/,,"愛知県一宮市（苅安賀駅）で、登山やウォーキングの膝の痛みについて自分でできることを探している方へ。

歩き方や休み方の工夫で、膝への負担を減らせる場合があります。

今日からできる工夫
・下りは歩幅を小さく、ゆっくり着地する
・ストックや手すりを活用し、膝の負担を分散する
・こまめに休み、膝をゆっくり曲げ伸ばしする
・足に合う靴を選び、ひもを整えて歩く
・痛みが出たら距離や時間を短くして様子を見る

工夫しても変化が乏しい時は、ご相談ください。一宮整骨院〜Seri〜では、KIRIN整体の視点で関節と筋膜の動きや姿勢、巡りの状態を確認し、膝に負担がかかりやすい体の使い方を一緒に見直します。

※膝に水がたまる、強い腫れや熱感、急な激痛や膝が不安定になる感じがある場合は、早めに整形外科を受診してください。

愛知県一宮市（名鉄尾西線・苅安賀駅）で登山やウォーキングでの膝痛の対策を知りたい方は、一宮整骨院〜Seri〜へご相談ください。詳しくは下記の記事もご覧ください。"
kokansetsu-suwarikata-B,108,股関節痛,B,股関節にやさしい座り方｜デスクワーク・運転中の工夫,https://ichinomiyaseitaiin.com/blog/kokansetsu-suwarikata/,,"愛知県一宮市（苅安賀駅）で、股関節にやさしい座り方を知りたい方へ。

座っている時間が長いと、股関節まわりが固まりやすくなります。座り方を少し見直すだけでも、負担の偏りを減らす助けになります。

家庭で意識したいこと
・深く腰かけ、足裏全体を床につける
・骨盤を立てるつもりで背もたれを使う
・脚を組む癖や、横座りを減らす
・30分に一度は立ち上がって歩く
・低いソファや床座りは、立ち上がりに注意する

セルフケアで変化が乏しければ、ご相談ください。当院では、KIRIN整体の視点で関節・筋膜の動きや、足裏〜骨盤〜背骨のつながり、姿勢・巡りを確認します。

※強い痛み、安静時の痛み、しびれ、歩行が困難な場合は、早めに整形外科を受診してください。

愛知県一宮市（名鉄尾西線・苅安賀駅）で座り方と股関節痛にお悩みの方は、一宮整骨院〜Seri〜へご相談ください。詳しくは下記の記事もご覧ください。"
tennishiji-supporter-B,216,テニス肘・ゴルフ肘,B,テニス肘サポーターと併せて見直したい｜家庭での工夫,https://ichinomiyaseitaiin.com/blog/tennishiji-supporter/,,"愛知県一宮市（苅安賀駅）で、テニス肘のサポーターと併せて自分でできることを探している方へ。

サポーターは、動作中の負担を補助する道具として使われます。ただし、着けていれば大丈夫というものではなく、使い方や体の動かし方の見直しも大切だと考えられます。

サポーターと併せて意識したいこと
・強く締めすぎず、しびれや違和感が出ない程度に調整する
・長時間の着けっぱなしを避け、休憩時には外す
・痛む動作を減らし、物は両手で持つ
・肩や肩甲骨を動かし、腕だけに負担を集めない
・サイズや形は、店頭などで確認して合うものを選ぶ

サポーターを使っても変化が乏しいときは、ご相談ください。当院では、KIRIN整体の視点で関節・筋膜の動きや姿勢・巡りを確認します。診断や治療が必要な場合は、医療機関の役割です。

※しびれ、腫れ、強い痛み、指先の色が変わる場合は、外して早めに整形外科を受診してください。

愛知県一宮市（名鉄尾西線・苅安賀駅）でテニス肘のサポーターに悩んでいる方は、一宮整骨院〜Seri〜へご相談ください。詳しくは下記の記事もご覧ください。"
yakyuhiji-tennis-golf-chigai-B,36,野球肘,B,野球肘かテニス肘・ゴルフ肘か迷う時の予防ケアと受診目安,https://ichinomiyaseitaiin.com/blog/yakyuhiji-tennis-golf-chigai/,,"愛知県一宮市（苅安賀駅）で、野球肘かテニス肘・ゴルフ肘か迷いながら、自分でできることを探している方へ。

肘の痛みは、使い方や疲労の蓄積が関わると考えられます。名前の判断より、まず負担を減らすことが大切です。

今日からできる予防・セルフケア
・痛みが出る動作や競技の量を一時的に減らす
・痛みの場所と出る場面をメモしておく
・肩甲骨や股関節まわりを、痛みのない範囲でゆっくり動かす
・前腕を強く揉まず、軽くさする程度にする
・成長期のお子さまは、早めに受診する

変化が乏しい時はご相談ください。当院ではKIRIN整体の視点で、関節や筋膜の動き、姿勢や巡りを確認します。肩甲骨や体幹、足裏から骨盤・背骨のつながりも含めて見ていきます。痛みの背景を整理したうえで、ご自宅での工夫もお伝えします。

※強い痛み、肘が伸びない・曲がらない、しびれがある場合は、早めに整形外科を受診してください。

愛知県一宮市（名鉄尾西線・苅安賀駅）で肘の痛みにお悩みの方は、一宮整骨院〜Seri〜へご相談ください。詳しくは下記の記事もご覧ください。"
gojukata-karei-B,514,五十肩,B,年齢とともに気になる五十肩｜時期別に意識したい肩の守り方,https://ichinomiyaseitaiin.com/blog/gojukata-karei/,2027-02-19,"愛知県一宮市（苅安賀駅）で、五十肩について年齢を意識しながら自分でできることを探している方へ。

加齢とともに肩まわりが硬くなりやすいと考えられるため、日々の習慣を見直す価値があります。

【時期別・家庭で意識したいこと】
・急性期は、痛みを我慢して動かさず、肩を冷やさない
・拘縮期は、入浴後など温まった時に軽く腕を動かす
・回復期は、痛みの出ない範囲で動かす範囲を少しずつ広げる
・睡眠や食事のリズムを整え、疲れをためない
・更年期の不調が気になる場合は、婦人科などに相談する

変化が乏しい場合は、ご相談ください。当院ではKIRIN整体の視点で、肩関節と筋膜の動き、肩甲骨や背骨、足裏から骨盤までのつながり、呼吸を確認します。

※安静にしていても強い痛みがある、夜間痛で眠れない日が続く、腕に力が入らない、しびれを伴う、発熱や胸の痛みを伴う場合は、早めに医療機関を受診してください。

愛知県一宮市（名鉄尾西線・苅安賀駅）で五十肩と年齢にお悩みの方は、一宮整骨院〜Seri〜へご相談ください。詳しくは下記の記事もご覧ください。"
kubikori-straightneck-B,334,緊張型頭痛・首こり,B,ストレートネックによる首こり・頭痛へ｜毎日のセルフケア,https://ichinomiyaseitaiin.com/blog/kubikori-straightneck/,2026-11-22,"愛知県一宮市（苅安賀駅）で、ストレートネックによる首こり・頭痛について自分でできることを探している方へ。

首の負担は、日々の姿勢の見直しで減らせる部分があると考えられます。

姿勢を見直すセルフケア
・スマホは目線の高さで持つ
・壁に背をつけて、あごを軽く引く
・肩甲骨を寄せる動きを1日数回行う
・画面作業は1時間に1回立ち上がる
・枕が高すぎないか見直す

セルフケアで変化が乏しいときはご相談ください。当院ではKIRIN整体の視点で、首だけでなく足裏から骨盤・背骨の姿勢のつながりを確認します。

※突然の激しい頭痛、手足の麻痺やしびれ、ろれつが回らない、物が二重に見える、発熱と首の硬直、意識がおかしいといった場合は、すぐ救急要請や受診をしてください。

愛知県一宮市（名鉄尾西線・苅安賀駅）でストレートネックの首こりでお困りの方は、一宮整骨院〜Seri〜へご相談ください。詳しくは下記の記事もご覧ください。"
baneyubi-supporter-B,274,腱鞘炎・ばね指,B,ばね指の手の負担を減らす工夫｜一宮市で意識したい補助具の使い方,https://ichinomiyaseitaiin.com/blog/baneyubi-supporter/,2026-10-23,"愛知県一宮市（苅安賀駅）で、ばね指について自分でできることを探している方へ。

ばね指は、手を使う場面が多いほど負担がたまりやすいと考えられます。サポーターやテーピングは治療ではなく、あくまで負担を軽くするための補助という位置づけで考えるとよいでしょう。

家庭で意識したいこと
・使うのは作業中など必要な時間帯に限り、長時間つけっぱなしにしない
・きつく締めず、指先の色や感覚に変化がないか確認する
・かゆみ、赤み、しびれが出たら、すぐに外す
・補助具に頼りきらず、手を休める時間も確保する
・持ち物や道具の握り方を見直して、指の負担を減らす

セルフケアで変化が乏しい場合は、一度ご相談ください。当院では、KIRIN整体の視点から、手指・手首・肩・背中の関節と筋膜の動き、手の使い方の癖を確認します。

※指が曲がったまま伸びない、強い腫れや強い痛み、しびれがある場合は、早めに整形外科を受診してください。

愛知県一宮市（名鉄尾西線・苅安賀駅）でばね指のセルフケアにお悩みの方は、一宮整骨院〜Seri〜へご相談ください。詳しくは下記の記事もご覧ください。"
jiritsu-nanika-B,454,自律神経,B,受診前に整えておきたいこと｜自律神経の不調で迷った時の目安,https://ichinomiyaseitaiin.com/blog/jiritsu-nanika/,2027-01-20,"愛知県一宮市（苅安賀駅）で、自律神経の不調の相談先や受診前の準備について探している方へ。

症状が複数あると、何から伝えればよいか迷いやすいものです。受診前に状況を整理しておくと、医師に伝わりやすいと考えられます。

【受診前に家庭でできること】
・症状が出た日時、時間帯、きっかけをメモする
・睡眠時間、食事、飲み物、ストレスの状況を書き出す
・飲んでいる薬やサプリを、お薬手帳などでまとめる
・いつから続いているか、悪化しているかを整理する
・迷ったら、まずかかりつけ医や内科に相談する

医療機関での診察を受けたうえで、姿勢や呼吸、生活面が気になる場合はご相談ください。当院では、首肩のこわばり、呼吸の入り方、関節・筋膜の動きをKIRIN整体の視点で確認し、生活のご相談をお受けします。診断・治療・薬は医師の役割です。

※動悸・息苦しさ・強いめまい・立ちくらみ・胸の痛みがある場合は、早めに医療機関を受診してください。症状が強いときは救急要請も検討しましょう。

愛知県一宮市（名鉄尾西線・苅安賀駅）で相談先に迷っている方は、一宮整骨院〜Seri〜へご相談ください。詳しくは下記の記事もご覧ください。"
gyaku-naoranai-B,394,逆流性食道炎×姿勢,B,逆流性食道炎が長引くとき｜まず見直す5つの習慣（一宮市）,https://ichinomiyaseitaiin.com/blog/gyaku-naoranai/,2026-12-22,"愛知県一宮市（苅安賀駅）で、長引く不調の見直しについて自分でできることを探している方へ。

長引くと、何から手をつけてよいか迷いがちです。まず、日々の習慣を順番に見直してみましょう。

今日からできるセルフケア
・食事は腹八分目にし、寝る直前の食事を避ける
・前かがみで丸まった座り方を続けない
・食後は上体を起こして過ごす
・睡眠時間を確保し、寝る向きや枕の高さを試す
・症状が出る場面をメモし、主治医に伝える

セルフケアを続けても変化が乏しいときは、ご相談ください。当院では逆流性食道炎そのものの診断や治療は行いません。まず医師の診断を受けたうえで、KIRIN整体の視点から姿勢・呼吸・腹圧のかかり方や、日々の生活について一緒に確認します。

※体重の減少、飲み込みにくさ、吐血や黒い便、持続する胸の痛みがある場合は、自己判断せずすぐに医療機関を受診してください。

愛知県一宮市（名鉄尾西線・苅安賀駅）で逆流性食道炎が長引くときの見直しについてお悩みの方は、一宮整骨院〜Seri〜へご相談ください。詳しくは下記の記事もご覧ください。"
od-undo-selfcare-B,178,起立性調節障害,B,起立性調節障害の運動・セルフケアの考え方｜一宮市・苅安賀駅,https://ichinomiyaseitaiin.com/blog/od-undo-selfcare/,,"愛知県一宮市（苅安賀駅）で、起立性調節障害（OD）のお子さんが無理なくできる運動やセルフケアを探している保護者の方へ。

ODのお子さんは、体調の波によって動ける日とそうでない日があると考えられます。運動の内容や量は医師に確認し、その指示の範囲で行うことが前提です。

体調に合わせて意識したいこと
・体調の良い日に、短時間の軽い散歩から始める
・運動の前後にゆっくり深呼吸の時間を持つ
・急に立ち上がらず、座ってから動き出す
・疲れた日は休む選択を本人と一緒に決める
・翌日の体調を見ながら、次の日の量を調整する

こうした工夫で変化が乏しいとき、または不安があるときは、まず医療機関へご相談ください。当院では補完的な立場として、KIRIN整体の視点で関節・筋膜の動きや姿勢・巡りを確認し、生活のご相談をお聞きします。

※失神・胸痛・強い動悸・激しい頭痛・食事や水分がとれない状態、強い落ち込みや「消えてしまいたい」といった言葉があるときは、早めに医療機関を受診し、緊急性が高い場合は救急要請をしてください。

愛知県一宮市（名鉄尾西線・苅安賀駅）で起立性調節障害のお子さんの運動・セルフケアにお悩みの方は、一宮整骨院〜Seri〜へご相談ください。詳しくは下記の記事もご覧ください。"
yakyukata-taping-B,72,野球肩,B,野球肩のテーピングと併せて行いたい肩のセルフケア｜一宮市,https://ichinomiyaseitaiin.com/blog/yakyukata-taping/,,"愛知県一宮市（苅安賀駅）で、野球肩のテーピングと併せてできるケアを探している方へ。

テーピングは補助的な手段です。肩の負担を減らすには、投球フォームや肩甲骨まわりの動き、休養の取り方もあわせて考えることが大切だと考えられます。

テーピング時に意識したいこと
・肌がかぶれやすい場合は無理に貼らず、違和感があればすぐにはがす
・貼ったまま長時間過ごさず、投球後は外して肩を休ませる
・貼ることで痛みを我慢して投げ続けない
・入浴後に、肩甲骨や胸まわりを痛みの出ない範囲で動かす
・投球フォームは、指導者と一緒に見直す

変化が乏しい場合は、ご相談ください。当院では、KIRIN整体の視点で関節・筋膜の動きや、足裏から骨盤・背骨への姿勢・巡りを確認します。診断や治療は整形外科で受けられます。

※夜間も続く痛み、腕が上がらない、強い痛みがある場合は、早めに整形外科を受診してください。

愛知県一宮市（名鉄尾西線・苅安賀駅）で野球肩のテーピングと併せたケアを知りたい方は、一宮整骨院〜Seri〜へご相談ください。詳しくは下記の記事もご覧ください。"
gojukata-desk-B,516,五十肩,B,デスクワーク中の五十肩対策｜時期別に見直す机まわりと動かし方,https://ichinomiyaseitaiin.com/blog/gojukata-desk/,2027-02-20,"愛知県一宮市（苅安賀駅）で、デスクワーク中の五十肩について自分でできることを探している方へ。

机や椅子の高さを調整するだけでも、肩への負担を減らせる場合があると考えられます。

【時期別・仕事中に意識したいこと】
・急性期は、痛む側の腕を机やひじ掛けで支える
・画面は目の高さ、マウスは体の近くに置く
・椅子に深く座り、骨盤を立てて背中を預ける
・拘縮期以降は、休憩ごとに痛みの出ない範囲で肩甲骨を動かす
・1時間に一度は立ち上がり、ゆっくり深呼吸をする

変化が乏しい場合は、ご相談ください。当院ではKIRIN整体の視点で、肩関節と筋膜の動き、肩甲骨から背骨、足裏から骨盤までのつながり、呼吸を確認します。

※安静にしていても強い痛みがある、夜間痛で眠れない日が続く、腕に力が入らない、しびれを伴う、発熱や胸の痛みを伴う場合は、早めに医療機関を受診してください。

愛知県一宮市（名鉄尾西線・苅安賀駅）でデスクワークと五十肩にお悩みの方は、一宮整骨院〜Seri〜へご相談ください。詳しくは下記の記事もご覧ください。"
zutsu-katakori-B,336,緊張型頭痛・首こり,B,肩こりからくる頭痛が気になる方へ｜肩と首のセルフケア,https://ichinomiyaseitaiin.com/blog/zutsu-katakori/,2026-11-23,"愛知県一宮市（苅安賀駅）で、肩こりからくる頭痛について自分でできることを探している方へ。

肩と首の緊張をためない工夫が、頭の重さの軽減の助けになると考えられます。

肩と首をゆるめるセルフケア
・肩をすくめてストンと落とす
・肩甲骨を寄せて胸を軽く開く
・肩から首を蒸しタオルなどで温める
・1時間に1回は立って体を動かす
・深呼吸で息をゆっくり吐く
・スマホを見る時間に区切りをつける

セルフケアで変化が乏しいときはご相談ください。当院ではKIRIN整体の視点で、肩甲骨や背骨、骨盤の動きと姿勢のつながりを確認します。

※突然の激しい頭痛、手足の麻痺やしびれ、ろれつが回らない、物が二重に見える、発熱と首の硬直、意識がおかしいといった場合は、すぐ救急要請や受診をしてください。

愛知県一宮市（名鉄尾西線・苅安賀駅）で肩こりからくる頭痛でお困りの方は、一宮整骨院〜Seri〜へご相談ください。詳しくは下記の記事もご覧ください。"
dokeruban-toha-B,276,腱鞘炎・ばね指,B,ドケルバン病の手首ケア｜一宮市で親指側の負担を減らす家庭での工夫,https://ichinomiyaseitaiin.com/blog/dokeruban-toha/,2026-10-23,"愛知県一宮市（苅安賀駅）で、ドケルバン病について自分でできることを探している方へ。

手首の親指側の痛みは、親指を使う動作が重なることで負担がたまると考えられています。まずは日常の動かし方を見直し、負担を減らす工夫から始めてみましょう。

今日からできるセルフケア
・親指だけでつまむ動作を減らし、手のひら全体で持つ
・スマホは両手で持ち、親指の操作時間を区切る
・雑巾やタオルを絞る動作は、回数を控えめにする
・痛みのない範囲で、手首を温めてやさしく動かす
・痛む場所を強く押したり、強く伸ばしたりしない

セルフケアを続けても変化が乏しい場合は、一度ご相談ください。当院では、KIRIN整体の視点から、手首・親指・前腕・肩・背中の関節と筋膜の動き、手の使い方や姿勢を確認します。診断や治療は医療機関の役割です。

※親指の付け根に強い腫れや強い痛みがある、親指を動かせない、しびれが強い、痛みが日ごとに強くなる場合は、早めに整形外科を受診してください。

愛知県一宮市（名鉄尾西線・苅安賀駅）でドケルバン病のセルフケアにお悩みの方は、一宮整骨院〜Seri〜へご相談ください。詳しくは下記の記事もご覧ください。"
hiza-tsubo-massage-B,146,膝痛,B,膝痛のセルフマッサージ 安全に行う注意点｜一宮市・苅安賀駅,https://ichinomiyaseitaiin.com/blog/hiza-tsubo-massage/,,"愛知県一宮市（苅安賀駅）で、膝痛のセルフマッサージについて自分でできることを探している方へ。

やさしく行い、状態を見ながら続けることが大切です。

今日からできるセルフケア
・膝の皿の周りは強く押さず、手のひらでさする
・太ももやふくらはぎをゆっくりほぐす
・熱感や腫れがある時は、膝まわりは触らず休む
・痛みが強まる刺激は避ける
・気持ちよい程度で短時間にとどめる

変化が乏しい場合は、ご相談ください。一宮整骨院〜Seri〜では、KIRIN整体の視点で関節と筋膜の動きや姿勢、巡りの状態を確認し、膝に負担がかかりやすい体の使い方を一緒に見直します。

※膝に水がたまる、強い腫れや熱感、急な激痛や膝が不安定になる感じがある場合は、早めに整形外科を受診してください。

愛知県一宮市（名鉄尾西線・苅安賀駅）で膝痛のセルフマッサージについて相談したい方は、一宮整骨院〜Seri〜へご相談ください。詳しくは下記の記事もご覧ください。"
jiritsu-naoranai-B,456,自律神経,B,不調が続く時の生活の見直しポイント｜睡眠・呼吸・巡りのケア,https://ichinomiyaseitaiin.com/blog/jiritsu-naoranai/,2027-01-21,"愛知県一宮市（苅安賀駅）で、自律神経の不調が続く時に自分でできることを探している方へ。

生活の一部だけを頑張るよりも、睡眠・食事・動き・呼吸をまとめて見直すほうが続けやすいと考えられます。小さな習慣から整えていきましょう。

【今日からできるセルフケア】
・起床と就寝の時間を毎日できるだけそろえる
・朝食を抜かず、朝の光を浴びる
・1日10分程度のウォーキングなど、無理のない運動をする
・入浴でゆっくり温まり、夜はカフェインを控えめにする
・ゆっくり長く息を吐く呼吸を、1日数回行う

セルフケアで変化が乏しいときは、ご相談ください。当院では、姿勢、呼吸の入り方、首肩背中の動き、関節・筋膜の動きをKIRIN整体の視点で確認し、生活のご相談をお受けします。自律神経の診断・治療は医師の役割です。

※動悸・息苦しさ・強いめまい・立ちくらみ・胸の痛みがある場合は、早めに医療機関を受診してください。症状が強いときは救急要請も検討しましょう。

愛知県一宮市（名鉄尾西線・苅安賀駅）で不調が続く方は、一宮整骨院〜Seri〜へご相談ください。詳しくは下記の記事もご覧ください。"
gyaku-seki-B,396,逆流性食道炎×姿勢,B,長引く咳｜生活の見直しと受診の目安（逆流性食道炎・一宮市）,https://ichinomiyaseitaiin.com/blog/gyaku-seki/,2026-12-22,"愛知県一宮市（苅安賀駅）で、長引く咳について自分でできることを探している方へ。

咳が長引くときは、原因を調べることが大切です。そのうえで、生活の中で整えられる点も見直してみましょう。

今日からできるセルフケア
・食後すぐは横にならず、2〜3時間ほど間をあける
・就寝時は上半身を少し高くして楽な向きを探す
・部屋の乾燥を防ぎ、水分をこまめにとる
・猫背を避け、胸を広げて深く呼吸する
・禁煙や、刺激物を控えることも意識する

セルフケアを続けても変化が乏しいときは、ご相談ください。当院では逆流性食道炎そのものの診断や治療は行いません。まず医師の診断を受けたうえで、KIRIN整体の視点から姿勢・呼吸・腹圧のかかり方や、日々の生活について一緒に確認します。咳が長く続く場合は、先に医療機関での確認をおすすめします。

※血の混じった痰、息苦しさ、発熱、体重の減少、飲み込みにくさ、吐血や黒い便、持続する胸の痛みがある場合は、すぐに医療機関を受診してください。

愛知県一宮市（名鉄尾西線・苅安賀駅）で長引く咳についてお悩みの方は、一宮整骨院〜Seri〜へご相談ください。詳しくは下記の記事もご覧ください。"
kokansetsu-tsubo-massage-B,110,股関節痛,B,股関節痛のマッサージ｜やさしくゆるめるセルフケアと注意点,https://ichinomiyaseitaiin.com/blog/kokansetsu-tsubo-massage/,,"愛知県一宮市（苅安賀駅）で、股関節痛のマッサージについて自分でできることを探している方へ。

股関節の周りには、お尻・太もも・内ももなど大きな筋肉が集まっています。痛みのある付け根そのものより、周辺をやさしく整えるほうが安心です。

今日からできるセルフケア
・お風呂上がりなど体が温まった時に行う
・お尻や太ももの外側を、手のひらでゆっくりさする
・ボールなどを使う時は、体重をかけすぎない
・痛みが増す場所は避ける
・1回数分までにとどめ、長時間続けない

セルフケアで変化が乏しければ、ご相談ください。当院では、KIRIN整体の視点で関節・筋膜の動きや、姿勢・巡りを確認します。

※強い痛み、腫れ・熱感、安静時の痛み、しびれがある場合は、中止して整形外科を受診してください。

愛知県一宮市（名鉄尾西線・苅安賀駅）で股関節痛にお悩みの方は、一宮整骨院〜Seri〜へご相談ください。詳しくは下記の記事もご覧ください。"
tennishiji-taping-B,218,テニス肘・ゴルフ肘,B,テニス肘のテーピングを試す前に｜注意点と受診の目安,https://ichinomiyaseitaiin.com/blog/tennishiji-taping/,,"愛知県一宮市（苅安賀駅）で、テニス肘のテーピングについて自分でできることを探している方へ。

テーピングは、動作中の負担を補助するために使われます。ただし、巻き方や強さによっては違和感が出ることもあるため、慎重に扱うことが大切だと考えられます。

テーピングで意識したいこと
・皮膚に傷やかぶれがないか、巻く前に確認する
・強く引っ張らず、しびれや締めつけを感じない強さにする
・長時間つけっぱなしにせず、入浴前にははがす
・かゆみや赤みが出たら、すぐに中止する
・テーピングに頼らず、痛む動作を減らす

テーピングを使っても変化が乏しいときは、ご相談ください。当院では、KIRIN整体の視点で関節・筋膜の動きや姿勢・巡りを確認します。診断や治療が必要な場合は、医療機関の役割です。

※しびれ、腫れ、強い痛み、指先の色が変わる場合は、はがして早めに整形外科を受診してください。

愛知県一宮市（名鉄尾西線・苅安賀駅）でテニス肘のテーピングに悩んでいる方は、一宮整骨院〜Seri〜へご相談ください。詳しくは下記の記事もご覧ください。"
yakyuhiji-toha-B,38,野球肘,B,野球肘の予防ストレッチと受診目安｜一宮市・苅安賀駅,https://ichinomiyaseitaiin.com/blog/yakyuhiji-toha/,,"愛知県一宮市（苅安賀駅）で、野球肘の予防のために自分でできることを探している方へ。

野球肘は肘だけの問題ではなく、全身の使い方が関わると考えられます。早めの気づきが大切です。

今日からできる予防ケア
・投げたあとに肘の違和感がないか確認する
・休養日を確保し、睡眠と食事を整える
・痛みのない範囲で、肩甲骨や股関節まわりをゆっくり動かす
・野球肘検診の機会があれば受ける
・痛みを我慢せず、早めに周囲へ伝える

セルフケアで変化が乏しい時はご相談ください。当院ではKIRIN整体の視点で、関節や筋膜の動き、姿勢や巡りを確認します。肩甲骨や体幹、足裏から骨盤・背骨のつながりも含めて見ていきます。痛みの背景を整理したうえで、ご自宅での工夫もお伝えします。

※強い痛み、肘が伸びない・曲がらない、しびれがある場合は、早めに整形外科を受診してください。

愛知県一宮市（名鉄尾西線・苅安賀駅）で野球肘にお悩みの方は、一宮整骨院〜Seri〜へご相談ください。詳しくは下記の記事もご覧ください。"
gojukata-yobou-B,518,五十肩,B,五十肩の予防を意識した毎日の習慣｜肩を動かし続けるコツ,https://ichinomiyaseitaiin.com/blog/gojukata-yobou/,2027-02-21,"愛知県一宮市（苅安賀駅）で、五十肩の予防について自分でできることを探している方へ。

肩を動かす習慣を日々に組み込むことが、肩の硬さを防ぐ一助になると考えられます。

【家庭で意識したい習慣】
・入浴後など体が温まった時に、肩を前後にゆっくり回す
・痛みの出ない範囲で、腕を上げ下げする時間をつくる
・同じ姿勢が続く時は、1時間ごとに立ち上がる
・肩を冷やさないよう、冷房の風や薄着に気をつける
・すでに痛みがある時期は無理をせず、痛みの出ない範囲にとどめる

肩の動かしにくさや左右差が気になる場合は、ご相談ください。当院ではKIRIN整体の視点で、肩関節と筋膜の動き、肩甲骨から背骨、足裏から骨盤までのつながり、呼吸を確認します。

※安静にしていても強い痛みがある、夜間痛で眠れない日が続く、腕に力が入らない、しびれを伴う、発熱や胸の痛みを伴う場合は、早めに医療機関を受診してください。

愛知県一宮市（名鉄尾西線・苅安賀駅）で五十肩の予防に関心のある方は、一宮整骨院〜Seri〜へご相談ください。詳しくは下記の記事もご覧ください。"
zutsu-tenki-B,338,緊張型頭痛・首こり,B,天気・気圧の変化で頭が重い方へ｜首肩を整える生活の工夫,https://ichinomiyaseitaiin.com/blog/zutsu-tenki/,2026-11-24,"愛知県一宮市（苅安賀駅）で、天気・気圧による頭痛について自分でできることを探している方へ。

天気の影響は避けられなくても、首肩の緊張や生活リズムを整える工夫はできると考えられます。

家庭で意識したいこと
・起床・就寝の時間をそろえる
・首肩を蒸しタオルなどで温める
・ゆっくりした呼吸を意識する
・水分をこまめに取る
・頭痛の出る日を記録して受診時に伝える
・無理な予定を詰め込みすぎず休息を優先する

天気のたびに不調が続くときはご相談ください。当院ではKIRIN整体の視点で、首肩の動きや姿勢・呼吸の状態を確認します。

※突然の激しい頭痛、手足の麻痺やしびれ、ろれつが回らない、物が二重に見える、発熱と首の硬直、意識がおかしいといった場合は、すぐ救急要請や受診をしてください。

愛知県一宮市（名鉄尾西線・苅安賀駅）で天気による頭の重さの方は、一宮整骨院〜Seri〜へご相談ください。詳しくは下記の記事もご覧ください。"
dokeruban-shojo-B,278,腱鞘炎・ばね指,B,ドケルバン病の腫れ・痛みと向き合う｜一宮市で知っておきたい受診の目安,https://ichinomiyaseitaiin.com/blog/dokeruban-shojo/,2026-10-24,"愛知県一宮市（苅安賀駅）で、ドケルバン病の腫れや痛みについて自分でできることを探している方へ。

手首の親指側の痛みは、放置すると動かしにくさにつながることもあると考えられます。様子を見てよい範囲と、受診を考える目安を整理しておきましょう。

今日から意識したいこと
・痛みや腫れが出た日付と、きっかけになった動作を記録する
・親指を広げる、ひねる、強くつまむ動作を控えめにする
・患部を強く揉んだり、叩いたりしない
・痛みが強い日は、手を休める時間を優先する
・数日たっても痛みや腫れが変わらない場合は、受診を考える

セルフケアで変化が乏しければ、ご相談ください。当院では、KIRIN整体の視点から、手首・親指・前腕・肩の関節と筋膜の動きや、手の使い方を確認します。診断や治療は医療機関の役割です。

※親指の付け根に強い腫れや強い痛みがある、親指を動かせない、しびれが強い、痛みが日ごとに強くなる場合は、早めに整形外科を受診してください。

愛知県一宮市（名鉄尾西線・苅安賀駅）でドケルバン病の腫れ・痛みにお悩みの方は、一宮整骨院〜Seri〜へご相談ください。詳しくは下記の記事もご覧ください。"
jiritsu-kusuri-B,458,自律神経,B,薬・漢方・サプリと上手に付き合う｜相談前に家庭でできること,https://ichinomiyaseitaiin.com/blog/jiritsu-kusuri/,2027-01-22,"愛知県一宮市（苅安賀駅）で、薬・漢方・サプリとの付き合い方について自分でできることを探している方へ。

自己判断で選ぶと、体質や持病、飲み合わせによっては合わないことがあると考えられます。使う前の準備と、生活面の見直しを並行して進めましょう。

【家庭で意識したいこと】
・服用中の薬・漢方・サプリをお薬手帳などに一覧にする
・使いたいものがあれば、購入前に医師・薬剤師へ相談する
・自己判断で量を増やしたり、急にやめたりしない
・体調の変化を日付とともにメモしておく
・睡眠・食事・呼吸といった生活の基本も並行して見直す

生活面を見直しても変化が乏しいときは、ご相談ください。当院では、姿勢、呼吸の入り方、首肩のこわばり、関節・筋膜の動きをKIRIN整体の視点で確認し、生活のご相談をお受けします。薬・漢方・サプリの判断は医師・薬剤師の役割です。

※動悸・息苦しさ・強いめまい・立ちくらみ・胸の痛みがある場合は、早めに医療機関を受診してください。症状が強いときは救急要請も検討しましょう。

愛知県一宮市（名鉄尾西線・苅安賀駅）で薬やサプリの前に生活面を見直したい方は、一宮整骨院〜Seri〜へご相談ください。詳しくは下記の記事もご覧ください。"
gyaku-saihatsu-B,398,逆流性食道炎×姿勢,B,逆流性食道炎の再発予防｜毎日の習慣チェック（一宮市）,https://ichinomiyaseitaiin.com/blog/gyaku-saihatsu/,2026-12-24,"愛知県一宮市（苅安賀駅）で、日々の習慣について自分でできることを探している方へ。

大切なのは、無理なく続けられる小さな習慣です。できることから少しずつ見直してみましょう。

日々の習慣チェック
・食事は腹八分目にし、ゆっくり食べる
・食後2〜3時間は横にならず、上体を起こして過ごす
・猫背や前かがみの姿勢が続かないよう、こまめに体を動かす
・お腹を締めつける服装を避ける
・医師から指示された通院や服薬は、自己判断で中断しない

セルフケアを続けても変化が乏しいときは、ご相談ください。当院では逆流性食道炎そのものの診断や治療は行いません。まず医師の診断を受けたうえで、KIRIN整体の視点から姿勢・呼吸・腹圧のかかり方や、日々の生活について一緒に確認します。

※体重の減少、飲み込みにくさ、吐血や黒い便、持続する胸の痛みがある場合は、自己判断せずすぐに医療機関を受診してください。

愛知県一宮市（名鉄尾西線・苅安賀駅）で再発予防と日々の習慣についてお悩みの方は、一宮整骨院〜Seri〜へご相談ください。詳しくは下記の記事もご覧ください。"
od-yattewaikenai-B,180,起立性調節障害,B,起立性調節障害の子との正しい関わり方｜一宮市・苅安賀駅,https://ichinomiyaseitaiin.com/blog/od-yattewaikenai/,,"愛知県一宮市（苅安賀駅）で、起立性調節障害（OD）のお子さんとの関わり方を整えたい保護者の方へ。

ODでは、責めたり急かしたりする対応が本人の負担を増すことがあると考えられます。家庭では、医師の説明を土台に、安心できる環境づくりを心がけたいところです。

家庭で意識したいこと
・朝は強く起こさず、穏やかな声かけにとどめる
・「なぜできないの」ではなく「何がつらい？」と聞く
・できたことに目を向け、小さな一歩を認める
・不登校や進路の話を急いで結論づけない
・親自身も休み、必要なら周囲や専門家に相談する

こうした関わりを続けても負担が大きいときは、まず医療機関へご相談ください。当院では補完的な立場として、KIRIN整体の視点で関節・筋膜の動きや姿勢・巡りを確認し、生活のご相談をお聞きします。

※失神・胸痛・強い動悸・激しい頭痛・食事や水分がとれない状態、強い落ち込みや「消えてしまいたい」といった言葉があるときは、早めに医療機関を受診し、緊急性が高い場合は救急要請をしてください。

愛知県一宮市（名鉄尾西線・苅安賀駅）で起立性調節障害のお子さんとの関わり方にお悩みの方は、一宮整骨院〜Seri〜へご相談ください。詳しくは下記の記事もご覧ください。"
yakyukata-tsuyoku-B,74,野球肩,B,野球肩を繰り返さない体づくり インナーマッスルと連動のケア,https://ichinomiyaseitaiin.com/blog/yakyukata-tsuyoku/,,"愛知県一宮市（苅安賀駅）で、野球肩を繰り返さないための体づくりを探している方へ。

肩への負担は、インナーマッスルだけでなく、投球フォームや下半身・体幹の連動にも関わると考えられます。無理のない範囲で、少しずつ整えることが大切です。

今日からできる体づくりのポイント
・痛みが出ない軽い負荷で、肩のインナーマッスルの運動から始める
・肩甲骨や胸まわりの動きを保つストレッチを取り入れる
・股関節や体幹を使う下半身のトレーニングも並行する
・痛みが出たらすぐに中止し、無理に続けない
・休養日と睡眠を確保し、回復の時間をつくる

続けても変化が乏しい場合は、ご相談ください。当院では、KIRIN整体の視点で関節・筋膜の動きや、足裏から骨盤・背骨への姿勢・巡りを確認します。診断は整形外科の役割です。

※夜間も続く痛み、腕が上がらない、強い痛みがある場合は、早めに整形外科を受診してください。

愛知県一宮市（名鉄尾西線・苅安賀駅）で野球肩を繰り返さない体づくりを探している方は、一宮整骨院〜Seri〜へご相談ください。詳しくは下記の記事もご覧ください。"
hiza-yattewaikenai-B,148,膝痛,B,膝痛の正しい対処とNG習慣の見直し｜一宮市・苅安賀駅の整骨院,https://ichinomiyaseitaiin.com/blog/hiza-yattewaikenai/,,"愛知県一宮市（苅安賀駅）で、膝痛のNG習慣と正しい対処について自分でできることを探している方へ。

日常の習慣を少し見直すだけでも、膝の負担は変わることがあります。

家庭で意識したいこと
・痛みを我慢して階段や坂道を頑張りすぎない
・腫れや熱感がある時は安静にして様子を見る
・強いマッサージや自己流の運動は控える
・椅子や手すりを活用し、深い曲げ伸ばしを減らす
・靴や座り方など、毎日の習慣も見直す

見直しても変化が乏しければ、ご相談ください。一宮整骨院〜Seri〜では、KIRIN整体の視点で関節と筋膜の動きや姿勢、巡りの状態を確認し、膝に負担がかかりやすい体の使い方を一緒に見直します。

※膝に水がたまる、強い腫れや熱感、急な激痛や膝が不安定になる感じがある場合は、早めに整形外科を受診してください。

愛知県一宮市（名鉄尾西線・苅安賀駅）で膝痛で何を避けるべきか知りたい方は、一宮整骨院〜Seri〜へご相談ください。詳しくは下記の記事もご覧ください。"
kokansetsu-walking-B,112,股関節痛,B,股関節痛のウォーキング｜歩き方と休み方のコツ,https://ichinomiyaseitaiin.com/blog/kokansetsu-walking/,,"愛知県一宮市（苅安賀駅）で、股関節痛があるなかで歩き方を見直したい方へ。

歩き方の癖は、股関節への負担に影響すると考えられます。無理なく続けるために、時間や歩き方を少し工夫してみましょう。

今日からできるセルフケア
・最初は短い時間から始め、痛みが出たら休む
・歩く前に足首と股関節を軽く動かす
・足裏全体で着地し、歩幅は広げすぎない
・クッション性のある靴を選び、平らな道を歩く
・歩いた後は座って休み、脚の張りをゆるめる

セルフケアで変化が乏しければ、ご相談ください。当院では、KIRIN整体の視点で関節・筋膜の動きや、足裏〜骨盤〜背骨のつながり、姿勢・巡りを確認します。

※強い痛み、安静時の痛み、しびれ、歩行が困難な場合は、歩くのをやめて整形外科を受診してください。

愛知県一宮市（名鉄尾西線・苅安賀駅）で股関節痛にお悩みの方は、一宮整骨院〜Seri〜へご相談ください。詳しくは下記の記事もご覧ください。"
tennishiji-toha-B,220,テニス肘・ゴルフ肘,B,テニス肘を知って備える｜家庭で意識したいことと受診目安,https://ichinomiyaseitaiin.com/blog/tennishiji-toha/,,"愛知県一宮市（苅安賀駅）で、テニス肘について知り、自分でできることを探している方へ。

テニス肘は、肘の外側の腱や筋肉への繰り返しの負担が背景にあると考えられています。原因を知ることで、日常の動作を見直しやすくなります。

家庭で意識したいこと
・手首を反らす動作が続く作業は、こまめに休憩を入れる
・物を持つときは、手首だけでなく体全体で支える
・痛みが出る動作を記録し、頻度を減らす
・前腕や肩まわりをやさしく動かし、体を温める
・左右どちらかの腕ばかりに頼らない工夫をする

続けても変化が乏しいときは、ご相談ください。当院では、KIRIN整体の視点で関節・筋膜の動きや姿勢・巡りを確認します。診断や治療が必要な場合は、医療機関の役割です。

※しびれ、腫れ、強い痛み、夜間も続く痛みがある場合は、早めに整形外科を受診してください。

愛知県一宮市（名鉄尾西線・苅安賀駅）でテニス肘について知りたい方は、一宮整骨院〜Seri〜へご相談ください。詳しくは下記の記事もご覧ください。"
yakyuhiji-uchigawa-B,40,野球肘,B,野球肘の内側の痛み 今日からできるケアと受診の目安｜一宮市,https://ichinomiyaseitaiin.com/blog/yakyuhiji-uchigawa/,,"愛知県一宮市（苅安賀駅）で、野球肘の内側の痛みに自分でできることを探している方へ。

内側の痛みは、投球フォームや体全体の使い方、疲労の蓄積が関わると考えられます。

今日からできるセルフケア
・痛みがある間は投球を控え、休養を優先する
・痛みの出る場面や強さをメモしておく
・痛みのない範囲で、肩甲骨や股関節まわりをゆっくり動かす
・前腕を強く揉まず、軽くさする程度にする
・睡眠と食事を整え、体の回復を支える

セルフケアで変化が乏しければ、ご相談ください。当院ではKIRIN整体の視点で、関節や筋膜の動き、姿勢や巡りを確認します。肩甲骨や体幹、足裏から骨盤・背骨のつながりも含めて見ていきます。痛みの背景を整理したうえで、ご自宅での工夫もお伝えします。

※強い痛み、肘が伸びない・曲がらない、しびれがある場合は、早めに整形外科を受診してください。

愛知県一宮市（名鉄尾西線・苅安賀駅）で野球肘にお悩みの方は、一宮整骨院〜Seri〜へご相談ください。詳しくは下記の記事もご覧ください。"
gojukata-seitai-B,520,五十肩,B,五十肩で当院に相談する前に｜時期別セルフケアと来院時の確認内容,https://ichinomiyaseitaiin.com/blog/gojukata-seitai/,2027-02-22,"愛知県一宮市（苅安賀駅）で、五十肩について自分でできることを探している方へ。

時期に合わせた過ごし方を知っておくと、相談する時にも状態を伝えやすくなると考えられます。

【時期別に意識したいセルフケア】
・急性期は、動かすことを急がず、楽な姿勢で肩を休める
・拘縮期は、入浴後に痛みの出ない範囲でゆっくり腕を動かす
・回復期は、動かす範囲を少しずつ広げる
・荷物は痛くない側で持ち、冷えにも気をつける
・痛みの強さや時間帯を簡単にメモしておく

セルフケアで変化が乏しい場合は、ご相談ください。当院では、KIRIN整体の視点で、肩関節と筋膜の動き、肩甲骨や背骨、足裏から骨盤までのつながり、呼吸を確認します。

※安静にしていても強い痛みがある、夜間痛で眠れない日が続く、腕に力が入らない、しびれを伴う、発熱や胸の痛みを伴う場合は、早めに医療機関を受診してください。

愛知県一宮市（名鉄尾西線・苅安賀駅）で五十肩にお悩みの方は、一宮整骨院〜Seri〜へご相談ください。詳しくは下記の記事もご覧ください。"
zutsu-kiken-B,340,緊張型頭痛・首こり,B,危険な頭痛に備える｜受診の目安と、普段からできること,https://ichinomiyaseitaiin.com/blog/zutsu-kiken/,2026-11-25,"愛知県一宮市（苅安賀駅）で、危険な頭痛の見分け方について自分でできることを探している方へ。

受診の目安を知っておくことが、いざというときの安心につながると考えられます。

普段から意識したいこと
・突然の激しい頭痛は様子を見ず、すぐ受診する
・頭痛の頻度や強さの変化をメモする
・持病や服薬中の薬を医師に伝える
・首肩に負担をためない姿勢を心がける
・睡眠と休息をしっかり確保する

医療機関で大きな異常がないと言われた後、首こりや姿勢が気になる場合はご相談ください。当院ではKIRIN整体の視点で首肩と姿勢を確認します。

※突然の激しい頭痛、手足の麻痺やしびれ、ろれつが回らない、物が二重に見える、発熱と首の硬直、意識がおかしいといった場合は、すぐ救急要請や受診をしてください。

愛知県一宮市（名鉄尾西線・苅安賀駅）で頭痛と首こりでお困りの方は、一宮整骨院〜Seri〜へご相談ください。詳しくは下記の記事もご覧ください。"
dokeruban-taisho-B,280,腱鞘炎・ばね指,B,ドケルバン病のセルフケアと受診目安｜一宮市で今日からできる工夫,https://ichinomiyaseitaiin.com/blog/dokeruban-taisho/,2026-10-26,"愛知県一宮市（苅安賀駅）で、ドケルバン病について自分でできることを探している方へ。

手首の親指側の痛みは、日常の使い方で負担が増えることがあると考えられます。サポーターなどの補助具は治療ではなく補助と考え、使い方の工夫とあわせて受診の目安も知っておくと安心です。

受診目安とセルフケア
・サポーターは締め付けすぎず、しびれや色の変化があれば外す
・抱っこやスマホ操作では、手首を反らせすぎない姿勢を意識する
・痛む部分は温めてやさしく動かし、強い刺激は避ける
・親指を使う作業は、こまめに休みを入れる
・数日続く痛みや腫れは、整形外科で相談する

セルフケアで変化が乏しければ、ご相談ください。当院では、KIRIN整体の視点から、手首・親指・前腕・肩・背中の関節と筋膜の動き、手の使い方や姿勢を確認します。診断や治療は医療機関の役割です。

※親指の付け根に強い腫れや強い痛みがある、親指を動かせない、しびれが強い、痛みが日ごとに強くなる場合は、早めに整形外科を受診してください。

愛知県一宮市（名鉄尾西線・苅安賀駅）でドケルバン病のセルフケアにお悩みの方は、一宮整骨院〜Seri〜へご相談ください。詳しくは下記の記事もご覧ください。"
jiritsu-seitai-B,460,自律神経,B,整骨院を上手に活用するために｜姿勢・呼吸・巡りのセルフケア,https://ichinomiyaseitaiin.com/blog/jiritsu-seitai/,2027-01-23,"愛知県一宮市（苅安賀駅）で、自律神経の乱れについて自分でできることと整骨院の使い方を探している方へ。

体のこわばりや呼吸の浅さは、日々の姿勢や生活習慣の影響を受けると考えられます。自宅でのケアと合わせて、必要に応じて相談先を使い分けるのがおすすめです。

【今日からできるセルフケア】
・1時間に1回は立ち上がり、肩や背中を軽く動かす
・背筋を伸ばしすぎず、楽に座れる姿勢を探す
・ゆっくり長く息を吐く呼吸を、1日数回行う
・ぬるめの入浴で体を温め、就寝時間をそろえる
・気になる症状は記録して、受診や相談の際に伝える

セルフケアで変化が乏しいときは、ご相談ください。当院では、姿勢、呼吸の入り方、足裏〜骨盤〜背骨のつながり、関節・筋膜の動きをKIRIN整体の視点で確認し、生活のご相談をお受けします。自律神経の診断・治療は医師の役割です。

※動悸・息苦しさ・強いめまい・立ちくらみ・胸の痛みがある場合は、早めに医療機関を受診してください。症状が強いときは救急要請も検討しましょう。

愛知県一宮市（名鉄尾西線・苅安賀駅）で姿勢や呼吸から体を整えたい方は、一宮整骨院〜Seri〜へご相談ください。詳しくは下記の記事もご覧ください。"
gyaku-seitai-B,400,逆流性食道炎×姿勢,B,整骨院でできること｜逆流性食道炎と姿勢・呼吸の見直し（一宮市）,https://ichinomiyaseitaiin.com/blog/gyaku-seitai/,2026-12-25,"愛知県一宮市（苅安賀駅）で、整骨院での相談について自分でできることを探している方へ。

整骨院は病気の治療を行う場ではありませんが、姿勢や呼吸、生活の相談はお受けできます。

家庭で意識したいこと
・椅子に深く座り、骨盤を立てて背すじを軽く伸ばす
・胸を広げ、ゆっくり長く息を吐く
・食後すぐ前かがみの作業を続けない
・ウエストを締めつけない服装を選ぶ
・症状の出る場面をメモして医師や当院に伝える

セルフケアを続けても変化が乏しいときは、ご相談ください。当院では逆流性食道炎そのものの診断や治療は行いません。まず医師の診断を受けたうえで、KIRIN整体の視点から姿勢・呼吸・腹圧のかかり方や、日々の生活について一緒に確認します。当院ではFJAの視点で関節や筋膜の動きを、姿勢循環整体の視点で足裏から骨盤・背骨のつながりを確認します。

※体重の減少、飲み込みにくさ、吐血や黒い便、持続する胸の痛みがある場合は、自己判断せずすぐに医療機関を受診してください。

愛知県一宮市（名鉄尾西線・苅安賀駅）で逆流性食道炎と整骨院の関わり方についてお悩みの方は、一宮整骨院〜Seri〜へご相談ください。詳しくは下記の記事もご覧ください。"
